2025-08-21T00:00:00Z,0,7.3105,-3.3059,54.70522,90
2025-08-21T01:00:00Z,0,6.7105,-3.3059,54.70522,92
2025-08-21T02:00:00Z,0,6.0605,-3.3059,54.70522,93
2025-08-21T03:00:00Z,0,6.4605,-3.3059,54.70522,91
2025-08-21T04:00:00Z,0,5.8605003,-3.3059,54.70522,91
2025-08-21T05:00:00Z,0,6.9104996,-3.3059,54.70522,90
2025-08-21T06:00:00Z,0,8.110499,-3.3059,54.70522,85
2025-08-21T07:00:00Z,0,9.360499,-3.3059,54.70522,81
2025-08-21T08:00:00Z,0,9.9605,-3.3059,54.70522,79
2025-08-21T09:00:00Z,0,10.360499,-3.3059,54.70522,78
2025-08-21T10:00:00Z,0,10.7105,-3.3059,54.70522,77
2025-08-21T11:00:00Z,0,11.2605,-3.3059,54.70522,74
2025-08-21T12:00:00Z,0,12.110499,-3.3059,54.70522,71
2025-08-21T13:00:00Z,0,13.5105,-3.3059,54.70522,68
2025-08-21T14:00:00Z,0,14.9105,-3.3059,54.70522,67
2025-08-21T15:00:00Z,0,14.5605,-3.3059,54.70522,71
2025-08-21T16:00:00Z,0,14.2605,-3.3059,54.70522,72
2025-08-21T17:00:00Z,0,14.2105,-3.3059,54.70522,74
2025-08-21T18:00:00Z,0,13.9105,-3.3059,54.70522,75
2025-08-21T19:00:00Z,0,13.5105,-3.3059,54.70522,79
2025-08-21T20:00:00Z,0,12.9105,-3.3059,54.70522,80
2025-08-21T21:00:00Z,0,12.4605,-3.3059,54.70522,83
2025-08-21T22:00:00Z,0,12.0605,-3.3059,54.70522,85
2025-08-21T23:00:00Z,0,11.8105,-3.3059,54.70522,90
2025-08-22T00:00:00Z,0,11.7605,-3.3059,54.70522,91
2025-08-22T01:00:00Z,0,11.860499,-3.3059,54.70522,90
2025-08-22T02:00:00Z,0,12.0105,-3.3059,54.70522,89
2025-08-22T03:00:00Z,0,12.8105,-3.3059,54.70522,85
2025-08-22T04:00:00Z,0,13.0105,-3.3059,54.70522,94
2025-08-22T05:00:00Z,0,12.7605,-3.3059,54.70522,94
2025-08-22T06:00:00Z,0,12.610499,-3.3059,54.70522,91
2025-08-22T07:00:00Z,0,12.360499,-3.3059,54.70522,92
2025-08-22T08:00:00Z,0,12.110499,-3.3059,54.70522,89
2025-08-22T09:00:00Z,0,12.110499,-3.3059,54.70522,87
2025-08-22T10:00:00Z,0,12.4105,-3.3059,54.70522,86
2025-08-22T11:00:00Z,0,13.0105,-3.3059,54.70522,87
2025-08-22T12:00:00Z,0,15.0105,-3.3059,54.70522,74
2025-08-22T13:00:00Z,0,16.060501,-3.3059,54.70522,67
2025-08-22T14:00:00Z,0,16.560501,-3.3059,54.70522,66
2025-08-22T15:00:00Z,0,16.7605,-3.3059,54.70522,68
2025-08-22T16:00:00Z,0,16.910501,-3.3059,54.70522,66
2025-08-22T17:00:00Z,0,16.4605,-3.3059,54.70522,68
2025-08-22T18:00:00Z,0,16.2605,-3.3059,54.70522,67
2025-08-22T19:00:00Z,0,15.5605,-3.3059,54.70522,69
2025-08-22T20:00:00Z,0,14.5605,-3.3059,54.70522,72
2025-08-22T21:00:00Z,0,12.610499,-3.3059,54.70522,83
2025-08-22T22:00:00Z,0,11.2605,-3.3059,54.70522,88
2025-08-22T23:00:00Z,0,10.5105,-3.3059,54.70522,92
2025-08-23T00:00:00Z,0,10.2605,-3.3059,54.70522,94
2025-08-23T01:00:00Z,0,10.5605,-3.3059,54.70522,93
2025-08-23T02:00:00Z,0,10.360499,-3.3059,54.70522,94
2025-08-23T03:00:00Z,0,9.2605,-3.3059,54.70522,96
2025-08-23T04:00:00Z,0,9.1605,-3.3059,54.70522,96
2025-08-23T05:00:00Z,0,9.0605,-3.3059,54.70522,96
2025-08-23T06:00:00Z,0,9.7105,-3.3059,54.70522,96
2025-08-23T07:00:00Z,0,11.4105,-3.3059,54.70522,92
2025-08-23T08:00:00Z,0,12.9605,-3.3059,54.70522,86
2025-08-23T09:00:00Z,0,14.0105,-3.3059,54.70522,80
2025-08-23T10:00:00Z,0,14.5105,-3.3059,54.70522,77
2025-08-23T11:00:00Z,0,14.3105,-3.3059,54.70522,78
2025-08-23T12:00:00Z,0,14.6605,-3.3059,54.70522,78
2025-08-23T13:00:00Z,0,14.7605,-3.3059,54.70522,77
2025-08-23T14:00:00Z,0,15.4605,-3.3059,54.70522,76
2025-08-23T15:00:00Z,0,15.760499,-3.3059,54.70522,75
2025-08-23T16:00:00Z,0,15.5605,-3.3059,54.70522,76
2025-08-23T17:00:00Z,0,15.360499,-3.3059,54.70522,75
2025-08-23T18:00:00Z,0,14.8,-3.3059,54.70522,82
2025-08-23T19:00:00Z,0,14.25,-3.3059,54.70522,84
2025-08-23T20:00:00Z,0,13.75,-3.3059,54.70522,86
2025-08-23T21:00:00Z,0,13.3,-3.3059,54.70522,87
2025-08-23T22:00:00Z,0,13.05,-3.3059,54.70522,87
2025-08-23T23:00:00Z,0,12.9,-3.3059,54.70522,86
2025-08-24T00:00:00Z,0,12.75,-3.3059,54.70522,85
2025-08-24T01:00:00Z,0,12.45,-3.3059,54.70522,86
2025-08-24T02:00:00Z,0,12.15,-3.3059,54.70522,87
2025-08-24T03:00:00Z,0,12.0,-3.3059,54.70522,88
2025-08-24T04:00:00Z,0,12.05,-3.3059,54.70522,88
2025-08-24T05:00:00Z,0,12.2,-3.3059,54.70522,88
2025-08-24T06:00:00Z,0,12.6,-3.3059,54.70522,87
2025-08-24T07:00:00Z,0,13.2,-3.3059,54.70522,85
2025-08-24T08:00:00Z,0,13.95,-3.3059,54.70522,83
2025-08-24T09:00:00Z,0,14.75,-3.3059,54.70522,81
2025-08-24T10:00:00Z,0,15.45,-3.3059,54.70522,79
2025-08-24T11:00:00Z,0,16.2,-3.3059,54.70522,77
2025-08-24T12:00:00Z,0,16.9,-3.3059,54.70522,75
2025-08-24T13:00:00Z,0,17.5,-3.3059,54.70522,72
2025-08-24T14:00:00Z,0,18.1,-3.3059,54.70522,69
2025-08-24T15:00:00Z,0,18.4,-3.3059,54.70522,67
2025-08-24T16:00:00Z,0,18.3,-3.3059,54.70522,68
2025-08-24T17:00:00Z,0,17.95,-3.3059,54.70522,70
2025-08-24T18:00:00Z,0,17.45,-3.3059,54.70522,73
2025-08-24T19:00:00Z,0,16.7,-3.3059,54.70522,77
2025-08-24T20:00:00Z,0,15.75,-3.3059,54.70522,82
2025-08-24T21:00:00Z,0,14.95,-3.3059,54.70522,86
2025-08-24T22:00:00Z,0,14.3,-3.3059,54.70522,87
2025-08-24T23:00:00Z,0,13.7,-3.3059,54.70522,87
2025-08-25T00:00:00Z,0,13.3,-3.3059,54.70522,87
2025-08-25T01:00:00Z,0,13.0,-3.3059,54.70522,87
2025-08-25T02:00:00Z,0,12.85,-3.3059,54.70522,88
2025-08-25T03:00:00Z,0,12.85,-3.3059,54.70522,87
2025-08-25T04:00:00Z,0,12.95,-3.3059,54.70522,85
2025-08-25T05:00:00Z,0,13.15,-3.3059,54.70522,82
2025-08-25T06:00:00Z,0,13.65,-3.3059,54.70522,79
2025-08-25T07:00:00Z,0,14.45,-3.3059,54.70522,75
2025-08-25T08:00:00Z,0,15.45,-3.3059,54.70522,72
2025-08-25T09:00:00Z,0,16.45,-3.3059,54.70522,68
2025-08-25T10:00:00Z,0,17.35,-3.3059,54.70522,65
2025-08-25T11:00:00Z,0,18.25,-3.3059,54.70522,62
2025-08-25T12:00:00Z,0,18.95,-3.3059,54.70522,60
2025-08-25T13:00:00Z,0,19.3,-3.3059,54.70522,58
2025-08-25T14:00:00Z,0,19.4,-3.3059,54.70522,57
2025-08-25T15:00:00Z,0,19.3,-3.3059,54.70522,57
2025-08-25T16:00:00Z,0,19.0,-3.3059,54.70522,58
2025-08-25T17:00:00Z,0,18.55,-3.3059,54.70522,61
2025-08-25T18:00:00Z,0,17.85,-3.3059,54.70522,63
2025-08-25T19:00:00Z,0,16.75,-3.3059,54.70522,65
2025-08-25T20:00:00Z,0,15.4,-3.3059,54.70522,68
2025-08-25T21:00:00Z,0,14.45,-3.3059,54.70522,69
2025-08-25T22:00:00Z,0,14.1,-3.3059,54.70522,68
2025-08-25T23:00:00Z,0,14.1,-3.3059,54.70522,66
2025-08-26T00:00:00Z,0,14.2,-3.3059,54.70522,65
2025-08-26T01:00:00Z,0,14.4,-3.3059,54.70522,65
2025-08-26T02:00:00Z,0,14.7,-3.3059,54.70522,66
2025-08-26T03:00:00Z,0,14.85,-3.3059,54.70522,67
2025-08-26T04:00:00Z,0,14.5,-3.3059,54.70522,68
2025-08-26T05:00:00Z,0,13.95,-3.3059,54.70522,69
2025-08-26T06:00:00Z,0,13.9,-3.3059,54.70522,69
2025-08-26T07:00:00Z,0,14.7,-3.3059,54.70522,68
2025-08-26T08:00:00Z,0,15.95,-3.3059,54.70522,67
2025-08-26T09:00:00Z,0,16.9,-3.3059,54.70522,67
2025-08-26T10:00:00Z,0,16.95,-3.3059,54.70522,69
2025-08-26T11:00:00Z,0,16.75,-3.3059,54.70522,71
2025-08-26T12:00:00Z,0,16.9,-3.3059,54.70522,72
2025-08-26T13:00:00Z,0,18.05,-3.3059,54.70522,68
2025-08-26T14:00:00Z,0,19.6,-3.3059,54.70522,62
2025-08-26T15:00:00Z,0,20.5,-3.3059,54.70522,60
2025-08-26T16:00:00Z,0,20.05,-3.3059,54.70522,65
2025-08-26T17:00:00Z,0,18.9,-3.3059,54.70522,74
2025-08-26T18:00:00Z,0,17.8,-3.3059,54.70522,82
2025-08-26T19:00:00Z,1,16.85,-3.3059,54.70522,87
2025-08-26T20:00:00Z,1,15.9,-3.3059,54.70522,92
2025-08-26T21:00:00Z,1,15.05,-3.3059,54.70522,95
2025-08-26T22:00:00Z,0,14.3,-3.3059,54.70522,97
2025-08-26T23:00:00Z,0,13.7,-3.3059,54.70522,97
2025-08-27T00:00:00Z,0,13.2,-3.3059,54.70522,98
2025-08-27T01:00:00Z,0,12.8,-3.3059,54.70522,99
2025-08-27T02:00:00Z,0,12.55,-3.3059,54.70522,100
2025-08-27T03:00:00Z,0,12.45,-3.3059,54.70522,100
2025-08-27T04:00:00Z,0,12.4,-3.3059,54.70522,100
2025-08-27T05:00:00Z,0,12.5,-3.3059,54.70522,100
2025-08-27T06:00:00Z,0,12.9,-3.3059,54.70522,98
2025-08-27T07:00:00Z,0,13.65,-3.3059,54.70522,94
2025-08-27T08:00:00Z,0,14.65,-3.3059,54.70522,89
2025-08-27T09:00:00Z,0,15.65,-3.3059,54.70522,84
2025-08-27T10:00:00Z,0,16.6,-3.3059,54.70522,79
2025-08-27T11:00:00Z,0,17.6,-3.3059,54.70522,74
2025-08-27T12:00:00Z,0,18.25,-3.3059,54.70522,70
2025-08-27T13:00:00Z,0,18.45,-3.3059,54.70522,68
2025-08-27T14:00:00Z,0,18.35,-3.3059,54.70522,68
2025-08-27T15:00:00Z,0,18.1,-3.3059,54.70522,69
2025-08-27T16:00:00Z,0,17.75,-3.3059,54.70522,70
2025-08-27T17:00:00Z,0,17.25,-3.3059,54.70522,72
2025-08-27T18:00:00Z,0,16.65,-3.3059,54.70522,74
2025-08-27T19:00:00Z,0,15.85,-3.3059,54.70522,77
2025-08-27T20:00:00Z,0,14.95,-3.3059,54.70522,81
2025-08-27T21:00:00Z,0,14.05,-3.3059,54.70522,85
2025-08-27T22:00:00Z,0,13.05,-3.3059,54.70522,89
2025-08-27T23:00:00Z,0,12.1,-3.3059,54.70522,92
2025-08-21T00:00:00Z,0,7.6639996,-3.25057,54.72288,89
2025-08-21T01:00:00Z,0,7.6140003,-3.25057,54.72288,89
2025-08-21T02:00:00Z,0,7.7139997,-3.25057,54.72288,88
2025-08-21T03:00:00Z,0,8.214,-3.25057,54.72288,83
2025-08-21T04:00:00Z,0,7.4639997,-3.25057,54.72288,87
2025-08-21T05:00:00Z,0,8.164,-3.25057,54.72288,82
2025-08-21T06:00:00Z,0,8.664,-3.25057,54.72288,81
2025-08-21T07:00:00Z,0,9.363999,-3.25057,54.72288,81
2025-08-21T08:00:00Z,0,9.714,-3.25057,54.72288,81
2025-08-21T09:00:00Z,0,10.064,-3.25057,54.72288,81
2025-08-21T10:00:00Z,0,10.363999,-3.25057,54.72288,80
2025-08-21T11:00:00Z,0,10.914,-3.25057,54.72288,77
2025-08-21T12:00:00Z,0,11.964,-3.25057,54.72288,74
2025-08-21T13:00:00Z,0,13.164,-3.25057,54.72288,72
2025-08-21T14:00:00Z,0,14.464,-3.25057,54.72288,70
2025-08-21T15:00:00Z,0,13.814,-3.25057,54.72288,74
2025-08-21T16:00:00Z,0,14.014,-3.25057,54.72288,75
2025-08-21T17:00:00Z,0,13.863999,-3.25057,54.72288,75
2025-08-21T18:00:00Z,0,13.613999,-3.25057,54.72288,78
2025-08-21T19:00:00Z,0,13.214,-3.25057,54.72288,80
2025-08-21T20:00:00Z,0,12.714,-3.25057,54.72288,82
2025-08-21T21:00:00Z,0,12.363999,-3.25057,54.72288,84
2025-08-21T22:00:00Z,0,12.113999,-3.25057,54.72288,85
2025-08-21T23:00:00Z,0,11.714,-3.25057,54.72288,90
2025-08-22T00:00:00Z,0,11.714,-3.25057,54.72288,90
2025-08-22T01:00:00Z,0,11.964,-3.25057,54.72288,90
2025-08-22T02:00:00Z,0,12.014,-3.25057,54.72288,88
2025-08-22T03:00:00Z,0,12.164,-3.25057,54.72288,88
2025-08-22T04:00:00Z,0,12.714,-3.25057,54.72288,96
2025-08-22T05:00:00Z,0,12.414,-3.25057,54.72288,96
2025-08-22T06:00:00Z,0,12.264,-3.25057,54.72288,93
2025-08-22T07:00:00Z,0,11.863999,-3.25057,54.72288,93
2025-08-22T08:00:00Z,0,11.764,-3.25057,54.72288,91
2025-08-22T09:00:00Z,0,11.764,-3.25057,54.72288,89
2025-08-22T10:00:00Z,0,12.164,-3.25057,54.72288,89
2025-08-22T11:00:00Z,0,12.863999,-3.25057,54.72288,89
2025-08-22T12:00:00Z,0,14.514,-3.25057,54.72288,78
2025-08-22T13:00:00Z,0,15.613999,-3.25057,54.72288,70
2025-08-22T14:00:00Z,0,16.164001,-3.25057,54.72288,68
2025-08-22T15:00:00Z,0,16.464,-3.25057,54.72288,68
2025-08-22T16:00:00Z,0,16.664001,-3.25057,54.72288,67
2025-08-22T17:00:00Z,0,16.164001,-3.25057,54.72288,70
2025-08-22T18:00:00Z,0,15.863999,-3.25057,54.72288,70
2025-08-22T19:00:00Z,0,15.113999,-3.25057,54.72288,72
2025-08-22T20:00:00Z,0,13.814,-3.25057,54.72288,76
2025-08-22T21:00:00Z,0,12.914,-3.25057,54.72288,78
2025-08-22T22:00:00Z,0,11.664,-3.25057,54.72288,87
2025-08-22T23:00:00Z,0,10.914,-3.25057,54.72288,91
2025-08-23T00:00:00Z,0,10.464,-3.25057,54.72288,94
2025-08-23T01:00:00Z,0,10.714,-3.25057,54.72288,93
2025-08-23T02:00:00Z,0,10.464,-3.25057,54.72288,94
2025-08-23T03:00:00Z,0,9.564,-3.25057,54.72288,97
2025-08-23T04:00:00Z,0,9.464,-3.25057,54.72288,97
2025-08-23T05:00:00Z,0,9.414,-3.25057,54.72288,97
2025-08-23T06:00:00Z,0,10.064,-3.25057,54.72288,96
2025-08-23T07:00:00Z,0,11.714,-3.25057,54.72288,92
2025-08-23T08:00:00Z,0,13.214,-3.25057,54.72288,84
2025-08-23T09:00:00Z,0,13.964,-3.25057,54.72288,80
2025-08-23T10:00:00Z,0,14.464,-3.25057,54.72288,81
2025-08-23T11:00:00Z,0,14.113999,-3.25057,54.72288,81
2025-08-23T12:00:00Z,0,14.264,-3.25057,54.72288,81
2025-08-23T13:00:00Z,0,14.414,-3.25057,54.72288,80
2025-08-23T14:00:00Z,0,15.113999,-3.25057,54.72288,79
2025-08-23T15:00:00Z,0,15.664,-3.25057,54.72288,77
2025-08-23T16:00:00Z,0,15.414,-3.25057,54.72288,78
2025-08-23T17:00:00Z,0,14.914,-3.25057,54.72288,79
2025-08-23T18:00:00Z,0,14.65,-3.25057,54.72288,82
2025-08-23T19:00:00Z,0,14.15,-3.25057,54.72288,84
2025-08-23T20:00:00Z,0,13.6,-3.25057,54.72288,86
2025-08-23T21:00:00Z,0,13.15,-3.25057,54.72288,87
2025-08-23T22:00:00Z,0,12.95,-3.25057,54.72288,87
2025-08-23T23:00:00Z,0,12.8,-3.25057,54.72288,86
2025-08-24T00:00:00Z,0,12.6,-3.25057,54.72288,85
2025-08-24T01:00:00Z,0,12.35,-3.25057,54.72288,86
2025-08-24T02:00:00Z,0,12.05,-3.25057,54.72288,87
2025-08-24T03:00:00Z,0,11.85,-3.25057,54.72288,88
2025-08-24T04:00:00Z,0,11.9,-3.25057,54.72288,88
2025-08-24T05:00:00Z,0,12.1,-3.25057,54.72288,88
2025-08-24T06:00:00Z,0,12.45,-3.25057,54.72288,87
2025-08-24T07:00:00Z,0,13.05,-3.25057,54.72288,85
2025-08-24T08:00:00Z,0,13.85,-3.25057,54.72288,83
2025-08-24T09:00:00Z,0,14.6,-3.25057,54.72288,81
2025-08-24T10:00:00Z,0,15.35,-3.25057,54.72288,79
2025-08-24T11:00:00Z,0,16.1,-3.25057,54.72288,77
2025-08-24T12:00:00Z,0,16.75,-3.25057,54.72288,75
2025-08-24T13:00:00Z,0,17.4,-3.25057,54.72288,72
2025-08-24T14:00:00Z,0,18.0,-3.25057,54.72288,69
2025-08-24T15:00:00Z,0,18.25,-3.25057,54.72288,67
2025-08-24T16:00:00Z,0,18.2,-3.25057,54.72288,68
2025-08-24T17:00:00Z,0,17.85,-3.25057,54.72288,70
2025-08-24T18:00:00Z,0,17.3,-3.25057,54.72288,73
2025-08-24T19:00:00Z,0,16.55,-3.25057,54.72288,77
2025-08-24T20:00:00Z,0,15.65,-3.25057,54.72288,82
2025-08-24T21:00:00Z,0,14.8,-3.25057,54.72288,86
2025-08-24T22:00:00Z,0,14.15,-3.25057,54.72288,87
2025-08-24T23:00:00Z,0,13.6,-3.25057,54.72288,87
2025-08-25T00:00:00Z,0,13.15,-3.25057,54.72288,87
2025-08-25T01:00:00Z,0,12.9,-3.25057,54.72288,87
2025-08-25T02:00:00Z,0,12.75,-3.25057,54.72288,88
2025-08-25T03:00:00Z,0,12.7,-3.25057,54.72288,87
2025-08-25T04:00:00Z,0,12.8,-3.25057,54.72288,85
2025-08-25T05:00:00Z,0,13.05,-3.25057,54.72288,82
2025-08-25T06:00:00Z,0,13.5,-3.25057,54.72288,79
2025-08-25T07:00:00Z,0,14.3,-3.25057,54.72288,75
2025-08-25T08:00:00Z,0,15.35,-3.25057,54.72288,72
2025-08-25T09:00:00Z,0,16.3,-3.25057,54.72288,68
2025-08-25T10:00:00Z,0,17.25,-3.25057,54.72288,65
2025-08-25T11:00:00Z,0,18.15,-3.25057,54.72288,62
2025-08-25T12:00:00Z,0,18.8,-3.25057,54.72288,60
2025-08-25T13:00:00Z,0,19.15,-3.25057,54.72288,58
2025-08-25T14:00:00Z,0,19.25,-3.25057,54.72288,57
2025-08-25T15:00:00Z,0,19.15,-3.25057,54.72288,57
2025-08-25T16:00:00Z,0,18.9,-3.25057,54.72288,58
2025-08-25T17:00:00Z,0,18.4,-3.25057,54.72288,61
2025-08-25T18:00:00Z,0,17.7,-3.25057,54.72288,63
2025-08-25T19:00:00Z,0,16.6,-3.25057,54.72288,65
2025-08-25T20:00:00Z,0,15.3,-3.25057,54.72288,68
2025-08-25T21:00:00Z,0,14.3,-3.25057,54.72288,69
2025-08-25T22:00:00Z,0,13.95,-3.25057,54.72288,68
2025-08-25T23:00:00Z,0,13.95,-3.25057,54.72288,66
2025-08-26T00:00:00Z,0,14.05,-3.25057,54.72288,65
2025-08-26T01:00:00Z,0,14.3,-3.25057,54.72288,65
2025-08-26T02:00:00Z,0,14.6,-3.25057,54.72288,66
2025-08-26T03:00:00Z,0,14.7,-3.25057,54.72288,67
2025-08-26T04:00:00Z,0,14.4,-3.25057,54.72288,68
2025-08-26T05:00:00Z,0,13.85,-3.25057,54.72288,69
2025-08-26T06:00:00Z,0,13.75,-3.25057,54.72288,69
2025-08-26T07:00:00Z,0,14.6,-3.25057,54.72288,68
2025-08-26T08:00:00Z,0,15.85,-3.25057,54.72288,67
2025-08-26T09:00:00Z,0,16.75,-3.25057,54.72288,67
2025-08-26T10:00:00Z,0,16.85,-3.25057,54.72288,69
2025-08-26T11:00:00Z,0,16.6,-3.25057,54.72288,71
2025-08-26T12:00:00Z,0,16.75,-3.25057,54.72288,72
2025-08-26T13:00:00Z,0,17.95,-3.25057,54.72288,68
2025-08-26T14:00:00Z,0,19.5,-3.25057,54.72288,62
2025-08-26T15:00:00Z,0,20.35,-3.25057,54.72288,60
2025-08-26T16:00:00Z,0,19.95,-3.25057,54.72288,65
2025-08-26T17:00:00Z,0,18.8,-3.25057,54.72288,74
2025-08-26T18:00:00Z,0,17.65,-3.25057,54.72288,82
2025-08-26T19:00:00Z,1,16.75,-3.25057,54.72288,87
2025-08-26T20:00:00Z,1,15.75,-3.25057,54.72288,92
2025-08-26T21:00:00Z,1,14.9,-3.25057,54.72288,95
2025-08-26T22:00:00Z,0,14.2,-3.25057,54.72288,97
2025-08-26T23:00:00Z,0,13.55,-3.25057,54.72288,97
2025-08-27T00:00:00Z,0,13.05,-3.25057,54.72288,98
2025-08-27T01:00:00Z,0,12.7,-3.25057,54.72288,99
2025-08-27T02:00:00Z,0,12.45,-3.25057,54.72288,100
2025-08-27T03:00:00Z,0,12.3,-3.25057,54.72288,100
2025-08-27T04:00:00Z,0,12.3,-3.25057,54.72288,100
2025-08-27T05:00:00Z,0,12.4,-3.25057,54.72288,100
2025-08-27T06:00:00Z,0,12.75,-3.25057,54.72288,98
2025-08-27T07:00:00Z,0,13.5,-3.25057,54.72288,94
2025-08-27T08:00:00Z,0,14.55,-3.25057,54.72288,89
2025-08-27T09:00:00Z,0,15.5,-3.25057,54.72288,84
2025-08-27T10:00:00Z,0,16.5,-3.25057,54.72288,79
2025-08-27T11:00:00Z,0,17.45,-3.25057,54.72288,74
2025-08-27T12:00:00Z,0,18.1,-3.25057,54.72288,70
2025-08-27T13:00:00Z,0,18.3,-3.25057,54.72288,68
2025-08-27T14:00:00Z,0,18.2,-3.25057,54.72288,68
2025-08-27T15:00:00Z,0,17.95,-3.25057,54.72288,69
2025-08-27T16:00:00Z,0,17.65,-3.25057,54.72288,70
2025-08-27T17:00:00Z,0,17.15,-3.25057,54.72288,72
2025-08-27T18:00:00Z,0,16.5,-3.25057,54.72288,74
2025-08-27T19:00:00Z,0,15.75,-3.25057,54.72288,77
2025-08-27T20:00:00Z,0,14.85,-3.25057,54.72288,81
2025-08-27T21:00:00Z,0,13.9,-3.25057,54.72288,85
2025-08-27T22:00:00Z,0,12.95,-3.25057,54.72288,89
2025-08-27T23:00:00Z,0,12.0,-3.25057,54.72288,92
2025-08-21T00:00:00Z,0,6.9555,-3.24916,54.72739,91
2025-08-21T01:00:00Z,0,7.0555,-3.24916,54.72739,91
2025-08-21T02:00:00Z,0,7.0555,-3.24916,54.72739,90
2025-08-21T03:00:00Z,0,7.5555,-3.24916,54.72739,86
2025-08-21T04:00:00Z,0,7.1054997,-3.24916,54.72739,88
2025-08-21T05:00:00Z,0,7.8054996,-3.24916,54.72739,84
2025-08-21T06:00:00Z,0,8.4055,-3.24916,54.72739,83
2025-08-21T07:00:00Z,0,9.205501,-3.24916,54.72739,83
2025-08-21T08:00:00Z,0,9.6055,-3.24916,54.72739,82
2025-08-21T09:00:00Z,0,9.9055,-3.24916,54.72739,82
2025-08-21T10:00:00Z,0,10.205501,-3.24916,54.72739,81
2025-08-21T11:00:00Z,0,10.705501,-3.24916,54.72739,78
2025-08-21T12:00:00Z,0,11.6055,-3.24916,54.72739,76
2025-08-21T13:00:00Z,0,12.9055,-3.24916,54.72739,73
2025-08-21T14:00:00Z,0,14.1555,-3.24916,54.72739,71
2025-08-21T15:00:00Z,0,13.705501,-3.24916,54.72739,73
2025-08-21T16:00:00Z,0,13.9055,-3.24916,54.72739,75
2025-08-21T17:00:00Z,0,13.755501,-3.24916,54.72739,75
2025-08-21T18:00:00Z,0,13.505501,-3.24916,54.72739,78
2025-08-21T19:00:00Z,0,13.0555,-3.24916,54.72739,80
2025-08-21T20:00:00Z,0,12.505501,-3.24916,54.72739,83
2025-08-21T21:00:00Z,0,12.255501,-3.24916,54.72739,84
2025-08-21T22:00:00Z,0,12.005501,-3.24916,54.72739,85
2025-08-21T23:00:00Z,0,11.705501,-3.24916,54.72739,90
2025-08-22T00:00:00Z,0,11.755501,-3.24916,54.72739,91
2025-08-22T01:00:00Z,0,11.9055,-3.24916,54.72739,90
2025-08-22T02:00:00Z,0,12.0555,-3.24916,54.72739,88
2025-08-22T03:00:00Z,0,11.955501,-3.24916,54.72739,90
2025-08-22T04:00:00Z,0,12.4055,-3.24916,54.72739,97
2025-08-22T05:00:00Z,0,12.255501,-3.24916,54.72739,97
2025-08-22T06:00:00Z,0,12.1055,-3.24916,54.72739,94
2025-08-22T07:00:00Z,0,11.6555,-3.24916,54.72739,94
2025-08-22T08:00:00Z,0,11.5555,-3.24916,54.72739,91
2025-08-22T09:00:00Z,0,11.505501,-3.24916,54.72739,90
2025-08-22T10:00:00Z,0,11.9055,-3.24916,54.72739,90
2025-08-22T11:00:00Z,0,12.755501,-3.24916,54.72739,89
2025-08-22T12:00:00Z,0,14.205501,-3.24916,54.72739,79
2025-08-22T13:00:00Z,0,15.455501,-3.24916,54.72739,71
2025-08-22T14:00:00Z,0,16.0555,-3.24916,54.72739,68
2025-08-22T15:00:00Z,0,16.355501,-3.24916,54.72739,68
2025-08-22T16:00:00Z,0,16.5555,-3.24916,54.72739,66
2025-08-22T17:00:00Z,0,16.0555,-3.24916,54.72739,69
2025-08-22T18:00:00Z,0,15.7055,-3.24916,54.72739,70
2025-08-22T19:00:00Z,0,14.8055,-3.24916,54.72739,73
2025-08-22T20:00:00Z,0,13.4055,-3.24916,54.72739,77
2025-08-22T21:00:00Z,0,12.705501,-3.24916,54.72739,79
2025-08-22T22:00:00Z,0,11.3555,-3.24916,54.72739,88
2025-08-22T23:00:00Z,0,10.4055,-3.24916,54.72739,92
2025-08-23T00:00:00Z,0,10.0555,-3.24916,54.72739,95
2025-08-23T01:00:00Z,0,10.4055,-3.24916,54.72739,94
2025-08-23T02:00:00Z,0,10.1555,-3.24916,54.72739,94
2025-08-23T03:00:00Z,0,9.1555,-3.24916,54.72739,96
2025-08-23T04:00:00Z,0,8.955501,-3.24916,54.72739,97
2025-08-23T05:00:00Z,0,8.9055,-3.24916,54.72739,97
2025-08-23T06:00:00Z,0,9.505501,-3.24916,54.72739,97
2025-08-23T07:00:00Z,0,11.205501,-3.24916,54.72739,93
2025-08-23T08:00:00Z,0,13.1555,-3.24916,54.72739,84
2025-08-23T09:00:00Z,0,13.955501,-3.24916,54.72739,79
2025-08-23T10:00:00Z,0,14.5555,-3.24916,54.72739,79
2025-08-23T11:00:00Z,0,14.205501,-3.24916,54.72739,80
2025-08-23T12:00:00Z,0,14.205501,-3.24916,54.72739,81
2025-08-23T13:00:00Z,0,14.205501,-3.24916,54.72739,81
2025-08-23T14:00:00Z,0,14.8055,-3.24916,54.72739,80
2025-08-23T15:00:00Z,0,15.505501,-3.24916,54.72739,77
2025-08-23T16:00:00Z,0,15.3555,-3.24916,54.72739,78
2025-08-23T17:00:00Z,0,14.755501,-3.24916,54.72739,80
2025-08-23T18:00:00Z,0,15.05,-3.24916,54.72739,84
2025-08-23T19:00:00Z,0,14.3,-3.24916,54.72739,88
2025-08-23T20:00:00Z,0,13.55,-3.24916,54.72739,93
2025-08-23T21:00:00Z,0,12.95,-3.24916,54.72739,95
2025-08-23T22:00:00Z,0,12.7,-3.24916,54.72739,94
2025-08-23T23:00:00Z,0,12.65,-3.24916,54.72739,91
2025-08-24T00:00:00Z,0,12.65,-3.24916,54.72739,89
2025-08-24T01:00:00Z,0,12.75,-3.24916,54.72739,88
2025-08-24T02:00:00Z,0,12.85,-3.24916,54.72739,87
2025-08-24T03:00:00Z,0,12.9,-3.24916,54.72739,87
2025-08-24T04:00:00Z,0,12.7,-3.24916,54.72739,88
2025-08-24T05:00:00Z,0,12.4,-3.24916,54.72739,89
2025-08-24T06:00:00Z,0,12.4,-3.24916,54.72739,89
2025-08-24T07:00:00Z,0,12.95,-3.24916,54.72739,88
2025-08-24T08:00:00Z,0,13.85,-3.24916,54.72739,86
2025-08-24T09:00:00Z,0,14.7,-3.24916,54.72739,84
2025-08-24T10:00:00Z,0,15.55,-3.24916,54.72739,81
2025-08-24T11:00:00Z,0,16.4,-3.24916,54.72739,79
2025-08-24T12:00:00Z,0,17.05,-3.24916,54.72739,76
2025-08-24T13:00:00Z,0,17.55,-3.24916,54.72739,73
2025-08-24T14:00:00Z,0,17.85,-3.24916,54.72739,71
2025-08-24T15:00:00Z,0,17.95,-3.24916,54.72739,70
2025-08-24T16:00:00Z,0,17.85,-3.24916,54.72739,71
2025-08-24T17:00:00Z,0,17.55,-3.24916,54.72739,73
2025-08-24T18:00:00Z,0,17.0,-3.24916,54.72739,76
2025-08-24T19:00:00Z,0,16.1,-3.24916,54.72739,79
2025-08-24T20:00:00Z,0,15.05,-3.24916,54.72739,83
2025-08-24T21:00:00Z,0,14.25,-3.24916,54.72739,85
2025-08-24T22:00:00Z,0,14.05,-3.24916,54.72739,85
2025-08-24T23:00:00Z,0,14.2,-3.24916,54.72739,84
2025-08-25T00:00:00Z,0,14.2,-3.24916,54.72739,83
2025-08-25T01:00:00Z,0,14.0,-3.24916,54.72739,83
2025-08-25T02:00:00Z,0,13.65,-3.24916,54.72739,82
2025-08-25T03:00:00Z,0,13.4,-3.24916,54.72739,82
2025-08-25T04:00:00Z,0,13.15,-3.24916,54.72739,81
2025-08-25T05:00:00Z,0,12.9,-3.24916,54.72739,80
2025-08-25T06:00:00Z,0,13.0,-3.24916,54.72739,79
2025-08-25T07:00:00Z,0,13.65,-3.24916,54.72739,77
2025-08-25T08:00:00Z,0,14.65,-3.24916,54.72739,74
2025-08-25T09:00:00Z,0,15.55,-3.24916,54.72739,72
2025-08-25T10:00:00Z,0,16.3,-3.24916,54.72739,70
2025-08-25T11:00:00Z,0,17.05,-3.24916,54.72739,68
2025-08-25T12:00:00Z,0,17.65,-3.24916,54.72739,66
2025-08-25T13:00:00Z,0,18.25,-3.24916,54.72739,63
2025-08-25T14:00:00Z,0,18.75,-3.24916,54.72739,60
2025-08-25T15:00:00Z,0,18.9,-3.24916,54.72739,59
2025-08-25T16:00:00Z,0,18.55,-3.24916,54.72739,61
2025-08-25T17:00:00Z,0,17.8,-3.24916,54.72739,65
2025-08-25T18:00:00Z,0,17.1,-3.24916,54.72739,67
2025-08-25T19:00:00Z,0,16.45,-3.24916,54.72739,66
2025-08-25T20:00:00Z,0,15.8,-3.24916,54.72739,64
2025-08-25T21:00:00Z,0,15.35,-3.24916,54.72739,63
2025-08-25T22:00:00Z,0,15.2,-3.24916,54.72739,62
2025-08-25T23:00:00Z,0,15.25,-3.24916,54.72739,62
2025-08-26T00:00:00Z,0,15.2,-3.24916,54.72739,63
2025-08-26T01:00:00Z,0,15.0,-3.24916,54.72739,65
2025-08-26T02:00:00Z,0,14.75,-3.24916,54.72739,69
2025-08-26T03:00:00Z,0,14.45,-3.24916,54.72739,71
2025-08-26T04:00:00Z,0,14.1,-3.24916,54.72739,72
2025-08-26T05:00:00Z,0,13.75,-3.24916,54.72739,71
2025-08-26T06:00:00Z,0,13.7,-3.24916,54.72739,71
2025-08-26T07:00:00Z,0,14.1,-3.24916,54.72739,72
2025-08-26T08:00:00Z,0,14.75,-3.24916,54.72739,72
2025-08-26T09:00:00Z,0,15.45,-3.24916,54.72739,73
2025-08-26T10:00:00Z,0,16.05,-3.24916,54.72739,74
2025-08-26T11:00:00Z,0,16.7,-3.24916,54.72739,75
2025-08-26T12:00:00Z,0,17.3,-3.24916,54.72739,75
2025-08-26T13:00:00Z,0,18.1,-3.24916,54.72739,71
2025-08-26T14:00:00Z,0,18.9,-3.24916,54.72739,67
2025-08-26T15:00:00Z,0,19.1,-3.24916,54.72739,66
2025-08-26T16:00:00Z,0,18.3,-3.24916,54.72739,73
2025-08-26T17:00:00Z,0,16.95,-3.24916,54.72739,84
2025-08-26T18:00:00Z,0,15.8,-3.24916,54.72739,93
2025-08-26T19:00:00Z,0,15.1,-3.24916,54.72739,96
2025-08-26T20:00:00Z,0,14.6,-3.24916,54.72739,97
2025-08-26T21:00:00Z,0,14.2,-3.24916,54.72739,97
2025-08-26T22:00:00Z,0,13.95,-3.24916,54.72739,98
2025-08-26T23:00:00Z,0,13.8,-3.24916,54.72739,98
2025-08-27T00:00:00Z,0,13.65,-3.24916,54.72739,98
2025-08-27T01:00:00Z,0,13.45,-3.24916,54.72739,99
2025-08-27T02:00:00Z,0,13.2,-3.24916,54.72739,100
2025-08-27T03:00:00Z,0,13.0,-3.24916,54.72739,100
2025-08-27T04:00:00Z,0,12.9,-3.24916,54.72739,100
2025-08-27T05:00:00Z,0,12.85,-3.24916,54.72739,100
2025-08-27T06:00:00Z,0,12.9,-3.24916,54.72739,99
2025-08-27T07:00:00Z,0,13.15,-3.24916,54.72739,97
2025-08-27T08:00:00Z,0,13.5,-3.24916,54.72739,95
2025-08-27T09:00:00Z,0,13.85,-3.24916,54.72739,92
2025-08-27T10:00:00Z,0,14.25,-3.24916,54.72739,90
2025-08-27T11:00:00Z,0,14.65,-3.24916,54.72739,87
2025-08-27T12:00:00Z,0,14.95,-3.24916,54.72739,85
2025-08-27T13:00:00Z,0,15.15,-3.24916,54.72739,84
2025-08-27T14:00:00Z,0,15.3,-3.24916,54.72739,83
2025-08-27T15:00:00Z,0,15.35,-3.24916,54.72739,82
2025-08-27T16:00:00Z,0,15.35,-3.24916,54.72739,82
2025-08-27T17:00:00Z,0,15.3,-3.24916,54.72739,81
2025-08-27T18:00:00Z,0,15.05,-3.24916,54.72739,82
2025-08-27T19:00:00Z,0,14.6,-3.24916,54.72739,84
2025-08-27T20:00:00Z,0,14.0,-3.24916,54.72739,86
2025-08-27T21:00:00Z,0,13.4,-3.24916,54.72739,89
2025-08-27T22:00:00Z,0,12.8,-3.24916,54.72739,92
2025-08-27T23:00:00Z,0,12.2,-3.24916,54.72739,95
2025-08-21T00:00:00Z,0,7.692,-3.30547,54.67438,90
2025-08-21T01:00:00Z,0,7.6419997,-3.30547,54.67438,90
2025-08-21T02:00:00Z,0,7.192,-3.30547,54.67438,91
2025-08-21T03:00:00Z,0,7.7419996,-3.30547,54.67438,86
2025-08-21T04:00:00Z,0,6.8919997,-3.30547,54.67438,90
2025-08-21T05:00:00Z,0,7.7419996,-3.30547,54.67438,86
2025-08-21T06:00:00Z,0,8.642,-3.30547,54.67438,82
2025-08-21T07:00:00Z,0,9.691999,-3.30547,54.67438,80
2025-08-21T08:00:00Z,0,10.092,-3.30547,54.67438,79
2025-08-21T09:00:00Z,0,10.441999,-3.30547,54.67438,79
2025-08-21T10:00:00Z,0,10.691999,-3.30547,54.67438,78
2025-08-21T11:00:00Z,0,11.092,-3.30547,54.67438,77
2025-08-21T12:00:00Z,0,12.042,-3.30547,54.67438,74
2025-08-21T13:00:00Z,0,13.392,-3.30547,54.67438,71
2025-08-21T14:00:00Z,0,14.592,-3.30547,54.67438,69
2025-08-21T15:00:00Z,0,14.042,-3.30547,54.67438,73
2025-08-21T16:00:00Z,0,14.242,-3.30547,54.67438,74
2025-08-21T17:00:00Z,0,14.042,-3.30547,54.67438,75
2025-08-21T18:00:00Z,0,13.742,-3.30547,54.67438,77
2025-08-21T19:00:00Z,0,13.242,-3.30547,54.67438,80
2025-08-21T20:00:00Z,0,12.742,-3.30547,54.67438,82
2025-08-21T21:00:00Z,0,12.392,-3.30547,54.67438,84
2025-08-21T22:00:00Z,0,12.042,-3.30547,54.67438,86
2025-08-21T23:00:00Z,0,11.842,-3.30547,54.67438,90
2025-08-22T00:00:00Z,0,11.691999,-3.30547,54.67438,91
2025-08-22T01:00:00Z,0,11.941999,-3.30547,54.67438,90
2025-08-22T02:00:00Z,0,12.042,-3.30547,54.67438,89
2025-08-22T03:00:00Z,0,12.092,-3.30547,54.67438,90
2025-08-22T04:00:00Z,0,12.642,-3.30547,54.67438,97
2025-08-22T05:00:00Z,0,12.642,-3.30547,54.67438,96
2025-08-22T06:00:00Z,0,12.542,-3.30547,54.67438,93
2025-08-22T07:00:00Z,0,12.191999,-3.30547,54.67438,92
2025-08-22T08:00:00Z,0,11.992,-3.30547,54.67438,90
2025-08-22T09:00:00Z,0,12.042,-3.30547,54.67438,89
2025-08-22T10:00:00Z,0,12.292,-3.30547,54.67438,88
2025-08-22T11:00:00Z,0,12.992,-3.30547,54.67438,88
2025-08-22T12:00:00Z,0,14.542,-3.30547,54.67438,79
2025-08-22T13:00:00Z,0,15.941999,-3.30547,54.67438,69
2025-08-22T14:00:00Z,0,16.442,-3.30547,54.67438,67
2025-08-22T15:00:00Z,0,16.692,-3.30547,54.67438,68
2025-08-22T16:00:00Z,0,16.842,-3.30547,54.67438,67
2025-08-22T17:00:00Z,0,16.242,-3.30547,54.67438,69
2025-08-22T18:00:00Z,0,16.042,-3.30547,54.67438,70
2025-08-22T19:00:00Z,0,15.392,-3.30547,54.67438,71
2025-08-22T20:00:00Z,0,13.892,-3.30547,54.67438,76
2025-08-22T21:00:00Z,0,12.492,-3.30547,54.67438,80
2025-08-22T22:00:00Z,0,11.441999,-3.30547,54.67438,89
2025-08-22T23:00:00Z,0,10.642,-3.30547,54.67438,93
2025-08-23T00:00:00Z,0,10.392,-3.30547,54.67438,94
2025-08-23T01:00:00Z,0,10.492,-3.30547,54.67438,95
2025-08-23T02:00:00Z,0,10.292,-3.30547,54.67438,94
2025-08-23T03:00:00Z,0,9.441999,-3.30547,54.67438,96
2025-08-23T04:00:00Z,0,9.441999,-3.30547,54.67438,97
2025-08-23T05:00:00Z,0,9.392,-3.30547,54.67438,98
2025-08-23T06:00:00Z,0,10.092,-3.30547,54.67438,96
2025-08-23T07:00:00Z,0,11.642,-3.30547,54.67438,93
2025-08-23T08:00:00Z,0,13.142,-3.30547,54.67438,85
2025-08-23T09:00:00Z,0,14.191999,-3.30547,54.67438,79
2025-08-23T10:00:00Z,0,14.792,-3.30547,54.67438,77
2025-08-23T11:00:00Z,0,14.592,-3.30547,54.67438,79
2025-08-23T12:00:00Z,0,14.691999,-3.30547,54.67438,81
2025-08-23T13:00:00Z,0,14.792,-3.30547,54.67438,80
2025-08-23T14:00:00Z,0,15.492,-3.30547,54.67438,77
2025-08-23T15:00:00Z,0,15.892,-3.30547,54.67438,76
2025-08-23T16:00:00Z,0,15.691999,-3.30547,54.67438,77
2025-08-23T17:00:00Z,0,15.392,-3.30547,54.67438,78
2025-08-23T18:00:00Z,0,14.8,-3.30547,54.67438,82
2025-08-23T19:00:00Z,0,14.3,-3.30547,54.67438,84
2025-08-23T20:00:00Z,0,13.75,-3.30547,54.67438,86
2025-08-23T21:00:00Z,0,13.3,-3.30547,54.67438,87
2025-08-23T22:00:00Z,0,13.05,-3.30547,54.67438,87
2025-08-23T23:00:00Z,0,12.9,-3.30547,54.67438,86
2025-08-24T00:00:00Z,0,12.75,-3.30547,54.67438,85
2025-08-24T01:00:00Z,0,12.45,-3.30547,54.67438,86
2025-08-24T02:00:00Z,0,12.15,-3.30547,54.67438,87
2025-08-24T03:00:00Z,0,12.0,-3.30547,54.67438,88
2025-08-24T04:00:00Z,0,12.05,-3.30547,54.67438,88
2025-08-24T05:00:00Z,0,12.25,-3.30547,54.67438,88
2025-08-24T06:00:00Z,0,12.6,-3.30547,54.67438,87
2025-08-24T07:00:00Z,0,13.2,-3.30547,54.67438,85
2025-08-24T08:00:00Z,0,13.95,-3.30547,54.67438,83
2025-08-24T09:00:00Z,0,14.75,-3.30547,54.67438,81
2025-08-24T10:00:00Z,0,15.5,-3.30547,54.67438,79
2025-08-24T11:00:00Z,0,16.2,-3.30547,54.67438,77
2025-08-24T12:00:00Z,0,16.9,-3.30547,54.67438,75
2025-08-24T13:00:00Z,0,17.55,-3.30547,54.67438,72
2025-08-24T14:00:00Z,0,18.1,-3.30547,54.67438,69
2025-08-24T15:00:00Z,0,18.4,-3.30547,54.67438,67
2025-08-24T16:00:00Z,0,18.3,-3.30547,54.67438,68
2025-08-24T17:00:00Z,0,17.95,-3.30547,54.67438,70
2025-08-24T18:00:00Z,0,17.45,-3.30547,54.67438,73
2025-08-24T19:00:00Z,0,16.7,-3.30547,54.67438,77
2025-08-24T20:00:00Z,0,15.75,-3.30547,54.67438,82
2025-08-24T21:00:00Z,0,14.95,-3.30547,54.67438,86
2025-08-24T22:00:00Z,0,14.3,-3.30547,54.67438,87
2025-08-24T23:00:00Z,0,13.7,-3.30547,54.67438,87
2025-08-25T00:00:00Z,0,13.3,-3.30547,54.67438,87
2025-08-25T01:00:00Z,0,13.0,-3.30547,54.67438,87
2025-08-25T02:00:00Z,0,12.85,-3.30547,54.67438,88
2025-08-25T03:00:00Z,0,12.85,-3.30547,54.67438,87
2025-08-25T04:00:00Z,0,12.95,-3.30547,54.67438,85
2025-08-25T05:00:00Z,0,13.2,-3.30547,54.67438,82
2025-08-25T06:00:00Z,0,13.65,-3.30547,54.67438,79
2025-08-25T07:00:00Z,0,14.45,-3.30547,54.67438,75
2025-08-25T08:00:00Z,0,15.45,-3.30547,54.67438,72
2025-08-25T09:00:00Z,0,16.45,-3.30547,54.67438,68
2025-08-25T10:00:00Z,0,17.4,-3.30547,54.67438,65
2025-08-25T11:00:00Z,0,18.3,-3.30547,54.67438,62
2025-08-25T12:00:00Z,0,18.95,-3.30547,54.67438,60
2025-08-25T13:00:00Z,0,19.3,-3.30547,54.67438,58
2025-08-25T14:00:00Z,0,19.4,-3.30547,54.67438,57
2025-08-25T15:00:00Z,0,19.3,-3.30547,54.67438,57
2025-08-25T16:00:00Z,0,19.0,-3.30547,54.67438,58
2025-08-25T17:00:00Z,0,18.55,-3.30547,54.67438,61
2025-08-25T18:00:00Z,0,17.85,-3.30547,54.67438,63
2025-08-25T19:00:00Z,0,16.75,-3.30547,54.67438,65
2025-08-25T20:00:00Z,0,15.4,-3.30547,54.67438,68
2025-08-25T21:00:00Z,0,14.45,-3.30547,54.67438,69
2025-08-25T22:00:00Z,0,14.1,-3.30547,54.67438,68
2025-08-25T23:00:00Z,0,14.1,-3.30547,54.67438,66
2025-08-26T00:00:00Z,0,14.2,-3.30547,54.67438,65
2025-08-26T01:00:00Z,0,14.4,-3.30547,54.67438,65
2025-08-26T02:00:00Z,0,14.7,-3.30547,54.67438,66
2025-08-26T03:00:00Z,0,14.85,-3.30547,54.67438,67
2025-08-26T04:00:00Z,0,14.5,-3.30547,54.67438,68
2025-08-26T05:00:00Z,0,13.95,-3.30547,54.67438,69
2025-08-26T06:00:00Z,0,13.9,-3.30547,54.67438,69
2025-08-26T07:00:00Z,0,14.7,-3.30547,54.67438,68
2025-08-26T08:00:00Z,0,15.95,-3.30547,54.67438,67
2025-08-26T09:00:00Z,0,16.9,-3.30547,54.67438,67
2025-08-26T10:00:00Z,0,17.0,-3.30547,54.67438,69
2025-08-26T11:00:00Z,0,16.75,-3.30547,54.67438,71
2025-08-26T12:00:00Z,0,16.9,-3.30547,54.67438,72
2025-08-26T13:00:00Z,0,18.05,-3.30547,54.67438,68
2025-08-26T14:00:00Z,0,19.6,-3.30547,54.67438,62
2025-08-26T15:00:00Z,0,20.5,-3.30547,54.67438,60
2025-08-26T16:00:00Z,0,20.05,-3.30547,54.67438,65
2025-08-26T17:00:00Z,0,18.95,-3.30547,54.67438,74
2025-08-26T18:00:00Z,0,17.8,-3.30547,54.67438,82
2025-08-26T19:00:00Z,1,16.85,-3.30547,54.67438,87
2025-08-26T20:00:00Z,1,15.9,-3.30547,54.67438,92
2025-08-26T21:00:00Z,1,15.05,-3.30547,54.67438,95
2025-08-26T22:00:00Z,0,14.3,-3.30547,54.67438,97
2025-08-26T23:00:00Z,0,13.7,-3.30547,54.67438,97
2025-08-27T00:00:00Z,0,13.2,-3.30547,54.67438,98
2025-08-27T01:00:00Z,0,12.8,-3.30547,54.67438,99
2025-08-27T02:00:00Z,0,12.55,-3.30547,54.67438,100
2025-08-27T03:00:00Z,0,12.45,-3.30547,54.67438,100
2025-08-27T04:00:00Z,0,12.4,-3.30547,54.67438,100
2025-08-27T05:00:00Z,0,12.55,-3.30547,54.67438,100
2025-08-27T06:00:00Z,0,12.9,-3.30547,54.67438,98
2025-08-27T07:00:00Z,0,13.65,-3.30547,54.67438,94
2025-08-27T08:00:00Z,0,14.65,-3.30547,54.67438,89
2025-08-27T09:00:00Z,0,15.65,-3.30547,54.67438,84
2025-08-27T10:00:00Z,0,16.6,-3.30547,54.67438,79
2025-08-27T11:00:00Z,0,17.6,-3.30547,54.67438,74
2025-08-27T12:00:00Z,0,18.25,-3.30547,54.67438,70
2025-08-27T13:00:00Z,0,18.45,-3.30547,54.67438,68
2025-08-27T14:00:00Z,0,18.35,-3.30547,54.67438,68
2025-08-27T15:00:00Z,0,18.1,-3.30547,54.67438,69
2025-08-27T16:00:00Z,0,17.75,-3.30547,54.67438,70
2025-08-27T17:00:00Z,0,17.25,-3.30547,54.67438,72
2025-08-27T18:00:00Z,0,16.65,-3.30547,54.67438,74
2025-08-27T19:00:00Z,0,15.85,-3.30547,54.67438,77
2025-08-27T20:00:00Z,0,14.95,-3.30547,54.67438,81
2025-08-27T21:00:00Z,0,14.05,-3.30547,54.67438,85
2025-08-27T22:00:00Z,0,13.1,-3.30547,54.67438,89
2025-08-27T23:00:00Z,0,12.1,-3.30547,54.67438,92
2025-08-21T00:00:00Z,0,6.6315,-3.28045,54.66671,92
2025-08-21T01:00:00Z,0,6.3815,-3.28045,54.66671,92
2025-08-21T02:00:00Z,0,6.0815,-3.28045,54.66671,93
2025-08-21T03:00:00Z,0,6.5815,-3.28045,54.66671,92
2025-08-21T04:00:00Z,0,5.9315,-3.28045,54.66671,93
2025-08-21T05:00:00Z,0,6.7815,-3.28045,54.66671,91
2025-08-21T06:00:00Z,0,8.531501,-3.28045,54.66671,84
2025-08-21T07:00:00Z,0,9.731501,-3.28045,54.66671,82
2025-08-21T08:00:00Z,0,10.3815,-3.28045,54.66671,79
2025-08-21T09:00:00Z,0,10.8815,-3.28045,54.66671,76
2025-08-21T10:00:00Z,0,11.1815,-3.28045,54.66671,75
2025-08-21T11:00:00Z,0,11.6315,-3.28045,54.66671,72
2025-08-21T12:00:00Z,0,12.5815,-3.28045,54.66671,69
2025-08-21T13:00:00Z,0,13.9315,-3.28045,54.66671,67
2025-08-21T14:00:00Z,0,15.3315,-3.28045,54.66671,65
2025-08-21T15:00:00Z,0,14.9315,-3.28045,54.66671,69
2025-08-21T16:00:00Z,0,14.8315,-3.28045,54.66671,70
2025-08-21T17:00:00Z,0,14.6815,-3.28045,54.66671,72
2025-08-21T18:00:00Z,0,14.3315,-3.28045,54.66671,73
2025-08-21T19:00:00Z,0,13.8815,-3.28045,54.66671,77
2025-08-21T20:00:00Z,0,13.231501,-3.28045,54.66671,80
2025-08-21T21:00:00Z,0,12.981501,-3.28045,54.66671,81
2025-08-21T22:00:00Z,0,12.5815,-3.28045,54.66671,84
2025-08-21T23:00:00Z,0,12.531501,-3.28045,54.66671,88
2025-08-22T00:00:00Z,0,12.281501,-3.28045,54.66671,88
2025-08-22T01:00:00Z,0,12.6815,-3.28045,54.66671,86
2025-08-22T02:00:00Z,0,12.781501,-3.28045,54.66671,86
2025-08-22T03:00:00Z,0,12.731501,-3.28045,54.66671,87
2025-08-22T04:00:00Z,0,12.8815,-3.28045,54.66671,93
2025-08-22T05:00:00Z,0,13.031501,-3.28045,54.66671,96
2025-08-22T06:00:00Z,0,12.981501,-3.28045,54.66671,93
2025-08-22T07:00:00Z,0,12.8815,-3.28045,54.66671,93
2025-08-22T08:00:00Z,0,12.531501,-3.28045,54.66671,89
2025-08-22T09:00:00Z,0,12.3815,-3.28045,54.66671,89
2025-08-22T10:00:00Z,0,12.531501,-3.28045,54.66671,88
2025-08-22T11:00:00Z,0,13.1815,-3.28045,54.66671,87
2025-08-22T12:00:00Z,0,15.031501,-3.28045,54.66671,76
2025-08-22T13:00:00Z,0,16.5315,-3.28045,54.66671,66
2025-08-22T14:00:00Z,0,17.0315,-3.28045,54.66671,65
2025-08-22T15:00:00Z,0,17.1815,-3.28045,54.66671,66
2025-08-22T16:00:00Z,0,17.3315,-3.28045,54.66671,65
2025-08-22T17:00:00Z,0,16.6815,-3.28045,54.66671,68
2025-08-22T18:00:00Z,0,16.2815,-3.28045,54.66671,73
2025-08-22T19:00:00Z,0,15.7315,-3.28045,54.66671,76
2025-08-22T20:00:00Z,0,14.981501,-3.28045,54.66671,71
2025-08-22T21:00:00Z,0,13.731501,-3.28045,54.66671,79
2025-08-22T22:00:00Z,0,11.6315,-3.28045,54.66671,87
2025-08-22T23:00:00Z,0,11.031501,-3.28045,54.66671,91
2025-08-23T00:00:00Z,0,10.981501,-3.28045,54.66671,92
2025-08-23T01:00:00Z,0,11.231501,-3.28045,54.66671,91
2025-08-23T02:00:00Z,0,10.9315,-3.28045,54.66671,93
2025-08-23T03:00:00Z,0,9.981501,-3.28045,54.66671,95
2025-08-23T04:00:00Z,0,9.6315,-3.28045,54.66671,97
2025-08-23T05:00:00Z,0,9.531501,-3.28045,54.66671,97
2025-08-23T06:00:00Z,0,9.981501,-3.28045,54.66671,96
2025-08-23T07:00:00Z,0,11.6815,-3.28045,54.66671,92
2025-08-23T08:00:00Z,0,13.5815,-3.28045,54.66671,85
2025-08-23T09:00:00Z,0,14.781501,-3.28045,54.66671,77
2025-08-23T10:00:00Z,0,15.3815,-3.28045,54.66671,74
2025-08-23T11:00:00Z,0,15.1815,-3.28045,54.66671,74
2025-08-23T12:00:00Z,0,15.3815,-3.28045,54.66671,76
2025-08-23T13:00:00Z,0,15.531501,-3.28045,54.66671,76
2025-08-23T14:00:00Z,0,15.9815,-3.28045,54.66671,75
2025-08-23T15:00:00Z,0,16.3815,-3.28045,54.66671,75
2025-08-23T16:00:00Z,0,16.1815,-3.28045,54.66671,75
2025-08-23T17:00:00Z,0,15.9815,-3.28045,54.66671,76
2025-08-23T18:00:00Z,0,15.95,-3.28045,54.66671,70
2025-08-23T19:00:00Z,0,15.1,-3.28045,54.66671,76
2025-08-23T20:00:00Z,0,14.05,-3.28045,54.66671,83
2025-08-23T21:00:00Z,0,13.15,-3.28045,54.66671,89
2025-08-23T22:00:00Z,0,12.75,-3.28045,54.66671,91
2025-08-23T23:00:00Z,0,12.55,-3.28045,54.66671,91
2025-08-24T00:00:00Z,0,12.45,-3.28045,54.66671,90
2025-08-24T01:00:00Z,0,12.55,-3.28045,54.66671,89
2025-08-24T02:00:00Z,0,12.8,-3.28045,54.66671,86
2025-08-24T03:00:00Z,0,13.0,-3.28045,54.66671,85
2025-08-24T04:00:00Z,0,13.05,-3.28045,54.66671,85
2025-08-24T05:00:00Z,0,13.0,-3.28045,54.66671,86
2025-08-24T06:00:00Z,0,13.25,-3.28045,54.66671,86
2025-08-24T07:00:00Z,0,14.05,-3.28045,54.66671,84
2025-08-24T08:00:00Z,0,15.05,-3.28045,54.66671,82
2025-08-24T09:00:00Z,0,15.95,-3.28045,54.66671,79
2025-08-24T10:00:00Z,0,16.65,-3.28045,54.66671,76
2025-08-24T11:00:00Z,0,17.25,-3.28045,54.66671,74
2025-08-24T12:00:00Z,0,17.65,-3.28045,54.66671,72
2025-08-24T13:00:00Z,0,18.0,-3.28045,54.66671,71
2025-08-24T14:00:00Z,0,18.2,-3.28045,54.66671,71
2025-08-24T15:00:00Z,0,18.2,-3.28045,54.66671,71
2025-08-24T16:00:00Z,0,18.1,-3.28045,54.66671,72
2025-08-24T17:00:00Z,0,17.85,-3.28045,54.66671,74
2025-08-24T18:00:00Z,0,17.35,-3.28045,54.66671,77
2025-08-24T19:00:00Z,0,16.45,-3.28045,54.66671,82
2025-08-24T20:00:00Z,0,15.35,-3.28045,54.66671,88
2025-08-24T21:00:00Z,0,14.4,-3.28045,54.66671,92
2025-08-24T22:00:00Z,0,13.9,-3.28045,54.66671,92
2025-08-24T23:00:00Z,0,13.6,-3.28045,54.66671,90
2025-08-25T00:00:00Z,0,13.45,-3.28045,54.66671,88
2025-08-25T01:00:00Z,0,13.5,-3.28045,54.66671,87
2025-08-25T02:00:00Z,0,13.7,-3.28045,54.66671,85
2025-08-25T03:00:00Z,0,13.9,-3.28045,54.66671,83
2025-08-25T04:00:00Z,0,14.0,-3.28045,54.66671,81
2025-08-25T05:00:00Z,0,14.15,-3.28045,54.66671,78
2025-08-25T06:00:00Z,0,14.45,-3.28045,54.66671,75
2025-08-25T07:00:00Z,0,15.2,-3.28045,54.66671,73
2025-08-25T08:00:00Z,0,16.2,-3.28045,54.66671,70
2025-08-25T09:00:00Z,0,17.1,-3.28045,54.66671,68
2025-08-25T10:00:00Z,0,17.95,-3.28045,54.66671,65
2025-08-25T11:00:00Z,0,18.75,-3.28045,54.66671,62
2025-08-25T12:00:00Z,0,19.3,-3.28045,54.66671,60
2025-08-25T13:00:00Z,0,19.7,-3.28045,54.66671,59
2025-08-25T14:00:00Z,0,19.9,-3.28045,54.66671,58
2025-08-25T15:00:00Z,0,19.85,-3.28045,54.66671,58
2025-08-25T16:00:00Z,0,19.55,-3.28045,54.66671,60
2025-08-25T17:00:00Z,0,18.95,-3.28045,54.66671,63
2025-08-25T18:00:00Z,0,18.2,-3.28045,54.66671,65
2025-08-25T19:00:00Z,0,17.2,-3.28045,54.66671,66
2025-08-25T20:00:00Z,0,16.05,-3.28045,54.66671,66
2025-08-25T21:00:00Z,0,15.3,-3.28045,54.66671,65
2025-08-25T22:00:00Z,0,15.3,-3.28045,54.66671,63
2025-08-25T23:00:00Z,0,15.7,-3.28045,54.66671,60
2025-08-26T00:00:00Z,0,16.0,-3.28045,54.66671,58
2025-08-26T01:00:00Z,0,16.05,-3.28045,54.66671,59
2025-08-26T02:00:00Z,0,15.95,-3.28045,54.66671,61
2025-08-26T03:00:00Z,0,15.8,-3.28045,54.66671,63
2025-08-26T04:00:00Z,0,15.5,-3.28045,54.66671,63
2025-08-26T05:00:00Z,0,15.05,-3.28045,54.66671,63
2025-08-26T06:00:00Z,0,15.0,-3.28045,54.66671,63
2025-08-26T07:00:00Z,0,15.75,-3.28045,54.66671,63
2025-08-26T08:00:00Z,0,16.8,-3.28045,54.66671,64
2025-08-26T09:00:00Z,0,17.55,-3.28045,54.66671,65
2025-08-26T10:00:00Z,0,17.5,-3.28045,54.66671,68
2025-08-26T11:00:00Z,0,17.15,-3.28045,54.66671,71
2025-08-26T12:00:00Z,0,17.1,-3.28045,54.66671,72
2025-08-26T13:00:00Z,0,18.05,-3.28045,54.66671,69
2025-08-26T14:00:00Z,0,19.4,-3.28045,54.66671,65
2025-08-26T15:00:00Z,0,20.05,-3.28045,54.66671,64
2025-08-26T16:00:00Z,0,19.5,-3.28045,54.66671,68
2025-08-26T17:00:00Z,0,18.3,-3.28045,54.66671,76
2025-08-26T18:00:00Z,0,17.1,-3.28045,54.66671,82
2025-08-26T19:00:00Z,0,16.25,-3.28045,54.66671,86
2025-08-26T20:00:00Z,0,15.5,-3.28045,54.66671,89
2025-08-26T21:00:00Z,0,14.8,-3.28045,54.66671,92
2025-08-26T22:00:00Z,0,14.3,-3.28045,54.66671,94
2025-08-26T23:00:00Z,0,13.9,-3.28045,54.66671,94
2025-08-27T00:00:00Z,0,13.55,-3.28045,54.66671,95
2025-08-27T01:00:00Z,0,13.25,-3.28045,54.66671,96
2025-08-27T02:00:00Z,0,13.05,-3.28045,54.66671,97
2025-08-27T03:00:00Z,0,12.9,-3.28045,54.66671,97
2025-08-27T04:00:00Z,0,12.9,-3.28045,54.66671,97
2025-08-27T05:00:00Z,0,13.0,-3.28045,54.66671,96
2025-08-27T06:00:00Z,0,13.3,-3.28045,54.66671,94
2025-08-27T07:00:00Z,0,13.95,-3.28045,54.66671,91
2025-08-27T08:00:00Z,0,14.8,-3.28045,54.66671,87
2025-08-27T09:00:00Z,0,15.6,-3.28045,54.66671,83
2025-08-27T10:00:00Z,0,16.45,-3.28045,54.66671,79
2025-08-27T11:00:00Z,0,17.25,-3.28045,54.66671,75
2025-08-27T12:00:00Z,0,17.8,-3.28045,54.66671,72
2025-08-27T13:00:00Z,0,18.0,-3.28045,54.66671,71
2025-08-27T14:00:00Z,0,17.9,-3.28045,54.66671,71
2025-08-27T15:00:00Z,0,17.7,-3.28045,54.66671,72
2025-08-27T16:00:00Z,0,17.45,-3.28045,54.66671,73
2025-08-27T17:00:00Z,0,17.05,-3.28045,54.66671,74
2025-08-27T18:00:00Z,0,16.5,-3.28045,54.66671,76
2025-08-27T19:00:00Z,0,15.9,-3.28045,54.66671,78
2025-08-27T20:00:00Z,0,15.2,-3.28045,54.66671,81
2025-08-27T21:00:00Z,0,14.45,-3.28045,54.66671,84
2025-08-27T22:00:00Z,0,13.7,-3.28045,54.66671,87
2025-08-27T23:00:00Z,0,12.9,-3.28045,54.66671,90
2025-08-21T00:00:00Z,0,5.9,-3.32042,54.67451,92
2025-08-21T01:00:00Z,0,5.65,-3.32042,54.67451,91
2025-08-21T02:00:00Z,0,5.2,-3.32042,54.67451,92
2025-08-21T03:00:00Z,0,5.5499997,-3.32042,54.67451,91
2025-08-21T04:00:00Z,0,5.2999997,-3.32042,54.67451,91
2025-08-21T05:00:00Z,0,6.45,-3.32042,54.67451,90
2025-08-21T06:00:00Z,0,7.9,-3.32042,54.67451,86
2025-08-21T07:00:00Z,0,9.450001,-3.32042,54.67451,82
2025-08-21T08:00:00Z,0,10.150001,-3.32042,54.67451,78
2025-08-21T09:00:00Z,0,10.6,-3.32042,54.67451,77
2025-08-21T10:00:00Z,0,10.900001,-3.32042,54.67451,75
2025-08-21T11:00:00Z,0,11.400001,-3.32042,54.67451,73
2025-08-21T12:00:00Z,0,12.3,-3.32042,54.67451,69
2025-08-21T13:00:00Z,0,13.700001,-3.32042,54.67451,67
2025-08-21T14:00:00Z,0,15.05,-3.32042,54.67451,66
2025-08-21T15:00:00Z,0,14.75,-3.32042,54.67451,69
2025-08-21T16:00:00Z,0,14.450001,-3.32042,54.67451,71
2025-08-21T17:00:00Z,0,14.400001,-3.32042,54.67451,72
2025-08-21T18:00:00Z,0,14.1,-3.32042,54.67451,73
2025-08-21T19:00:00Z,0,13.650001,-3.32042,54.67451,77
2025-08-21T20:00:00Z,0,13.05,-3.32042,54.67451,79
2025-08-21T21:00:00Z,0,12.6,-3.32042,54.67451,82
2025-08-21T22:00:00Z,0,12.200001,-3.32042,54.67451,84
2025-08-21T23:00:00Z,0,11.950001,-3.32042,54.67451,89
2025-08-22T00:00:00Z,0,11.900001,-3.32042,54.67451,90
2025-08-22T01:00:00Z,0,12.1,-3.32042,54.67451,89
2025-08-22T02:00:00Z,0,12.150001,-3.32042,54.67451,88
2025-08-22T03:00:00Z,0,12.650001,-3.32042,54.67451,86
2025-08-22T04:00:00Z,0,13.0,-3.32042,54.67451,94
2025-08-22T05:00:00Z,0,12.900001,-3.32042,54.67451,94
2025-08-22T06:00:00Z,0,12.8,-3.32042,54.67451,92
2025-08-22T07:00:00Z,0,12.6,-3.32042,54.67451,91
2025-08-22T08:00:00Z,0,12.3,-3.32042,54.67451,88
2025-08-22T09:00:00Z,0,12.25,-3.32042,54.67451,86
2025-08-22T10:00:00Z,0,12.5,-3.32042,54.67451,86
2025-08-22T11:00:00Z,0,13.0,-3.32042,54.67451,86
2025-08-22T12:00:00Z,0,15.1,-3.32042,54.67451,73
2025-08-22T13:00:00Z,0,16.300001,-3.32042,54.67451,67
2025-08-22T14:00:00Z,0,16.800001,-3.32042,54.67451,65
2025-08-22T15:00:00Z,0,16.95,-3.32042,54.67451,67
2025-08-22T16:00:00Z,0,17.1,-3.32042,54.67451,65
2025-08-22T17:00:00Z,0,16.6,-3.32042,54.67451,68
2025-08-22T18:00:00Z,0,16.35,-3.32042,54.67451,68
2025-08-22T19:00:00Z,0,15.65,-3.32042,54.67451,70
2025-08-22T20:00:00Z,0,14.900001,-3.32042,54.67451,70
2025-08-22T21:00:00Z,0,13.650001,-3.32042,54.67451,79
2025-08-22T22:00:00Z,0,11.55,-3.32042,54.67451,86
2025-08-22T23:00:00Z,0,10.450001,-3.32042,54.67451,92
2025-08-23T00:00:00Z,0,10.450001,-3.32042,54.67451,93
2025-08-23T01:00:00Z,0,10.75,-3.32042,54.67451,91
2025-08-23T02:00:00Z,0,10.450001,-3.32042,54.67451,93
2025-08-23T03:00:00Z,0,9.35,-3.32042,54.67451,95
2025-08-23T04:00:00Z,0,9.05,-3.32042,54.67451,95
2025-08-23T05:00:00Z,0,8.900001,-3.32042,54.67451,95
2025-08-23T06:00:00Z,0,9.450001,-3.32042,54.67451,95
2025-08-23T07:00:00Z,0,11.150001,-3.32042,54.67451,91
2025-08-23T08:00:00Z,0,13.05,-3.32042,54.67451,85
2025-08-23T09:00:00Z,0,14.25,-3.32042,54.67451,79
2025-08-23T10:00:00Z,0,14.85,-3.32042,54.67451,75
2025-08-23T11:00:00Z,0,14.75,-3.32042,54.67451,75
2025-08-23T12:00:00Z,0,15.05,-3.32042,54.67451,77
2025-08-23T13:00:00Z,0,15.1,-3.32042,54.67451,76
2025-08-23T14:00:00Z,0,15.65,-3.32042,54.67451,75
2025-08-23T15:00:00Z,0,16.0,-3.32042,54.67451,74
2025-08-23T16:00:00Z,0,15.85,-3.32042,54.67451,75
2025-08-23T17:00:00Z,0,15.6,-3.32042,54.67451,75
2025-08-23T18:00:00Z,0,15.75,-3.32042,54.67451,70
2025-08-23T19:00:00Z,0,14.9,-3.32042,54.67451,76
2025-08-23T20:00:00Z,0,13.8,-3.32042,54.67451,83
2025-08-23T21:00:00Z,0,12.95,-3.32042,54.67451,89
2025-08-23T22:00:00Z,0,12.5,-3.32042,54.67451,91
2025-08-23T23:00:00Z,0,12.3,-3.32042,54.67451,91
2025-08-24T00:00:00Z,0,12.25,-3.32042,54.67451,90
2025-08-24T01:00:00Z,0,12.35,-3.32042,54.67451,89
2025-08-24T02:00:00Z,0,12.6,-3.32042,54.67451,86
2025-08-24T03:00:00Z,0,12.8,-3.32042,54.67451,85
2025-08-24T04:00:00Z,0,12.8,-3.32042,54.67451,85
2025-08-24T05:00:00Z,0,12.8,-3.32042,54.67451,86
2025-08-24T06:00:00Z,0,13.05,-3.32042,54.67451,86
2025-08-24T07:00:00Z,0,13.8,-3.32042,54.67451,84
2025-08-24T08:00:00Z,0,14.8,-3.32042,54.67451,82
2025-08-24T09:00:00Z,0,15.75,-3.32042,54.67451,79
2025-08-24T10:00:00Z,0,16.4,-3.32042,54.67451,76
2025-08-24T11:00:00Z,0,17.0,-3.32042,54.67451,74
2025-08-24T12:00:00Z,0,17.45,-3.32042,54.67451,72
2025-08-24T13:00:00Z,0,17.75,-3.32042,54.67451,71
2025-08-24T14:00:00Z,0,17.95,-3.32042,54.67451,71
2025-08-24T15:00:00Z,0,18.0,-3.32042,54.67451,71
2025-08-24T16:00:00Z,0,17.9,-3.32042,54.67451,72
2025-08-24T17:00:00Z,0,17.65,-3.32042,54.67451,74
2025-08-24T18:00:00Z,0,17.15,-3.32042,54.67451,77
2025-08-24T19:00:00Z,0,16.25,-3.32042,54.67451,82
2025-08-24T20:00:00Z,0,15.1,-3.32042,54.67451,88
2025-08-24T21:00:00Z,0,14.2,-3.32042,54.67451,92
2025-08-24T22:00:00Z,0,13.65,-3.32042,54.67451,92
2025-08-24T23:00:00Z,0,13.4,-3.32042,54.67451,90
2025-08-25T00:00:00Z,0,13.25,-3.32042,54.67451,88
2025-08-25T01:00:00Z,0,13.3,-3.32042,54.67451,87
2025-08-25T02:00:00Z,0,13.5,-3.32042,54.67451,85
2025-08-25T03:00:00Z,0,13.7,-3.32042,54.67451,83
2025-08-25T04:00:00Z,0,13.8,-3.32042,54.67451,81
2025-08-25T05:00:00Z,0,13.9,-3.32042,54.67451,78
2025-08-25T06:00:00Z,0,14.25,-3.32042,54.67451,75
2025-08-25T07:00:00Z,0,15.0,-3.32042,54.67451,73
2025-08-25T08:00:00Z,0,15.95,-3.32042,54.67451,70
2025-08-25T09:00:00Z,0,16.9,-3.32042,54.67451,68
2025-08-25T10:00:00Z,0,17.7,-3.32042,54.67451,65
2025-08-25T11:00:00Z,0,18.5,-3.32042,54.67451,62
2025-08-25T12:00:00Z,0,19.1,-3.32042,54.67451,60
2025-08-25T13:00:00Z,0,19.5,-3.32042,54.67451,59
2025-08-25T14:00:00Z,0,19.7,-3.32042,54.67451,58
2025-08-25T15:00:00Z,0,19.65,-3.32042,54.67451,58
2025-08-25T16:00:00Z,0,19.3,-3.32042,54.67451,60
2025-08-25T17:00:00Z,0,18.7,-3.32042,54.67451,63
2025-08-25T18:00:00Z,0,18.0,-3.32042,54.67451,65
2025-08-25T19:00:00Z,0,17.0,-3.32042,54.67451,66
2025-08-25T20:00:00Z,0,15.85,-3.32042,54.67451,66
2025-08-25T21:00:00Z,0,15.1,-3.32042,54.67451,65
2025-08-25T22:00:00Z,0,15.1,-3.32042,54.67451,63
2025-08-25T23:00:00Z,0,15.5,-3.32042,54.67451,60
2025-08-26T00:00:00Z,0,15.8,-3.32042,54.67451,58
2025-08-26T01:00:00Z,0,15.8,-3.32042,54.67451,59
2025-08-26T02:00:00Z,0,15.75,-3.32042,54.67451,61
2025-08-26T03:00:00Z,0,15.6,-3.32042,54.67451,63
2025-08-26T04:00:00Z,0,15.25,-3.32042,54.67451,63
2025-08-26T05:00:00Z,0,14.85,-3.32042,54.67451,63
2025-08-26T06:00:00Z,0,14.8,-3.32042,54.67451,63
2025-08-26T07:00:00Z,0,15.5,-3.32042,54.67451,63
2025-08-26T08:00:00Z,0,16.6,-3.32042,54.67451,64
2025-08-26T09:00:00Z,0,17.35,-3.32042,54.67451,65
2025-08-26T10:00:00Z,0,17.3,-3.32042,54.67451,68
2025-08-26T11:00:00Z,0,16.9,-3.32042,54.67451,71
2025-08-26T12:00:00Z,0,16.9,-3.32042,54.67451,72
2025-08-26T13:00:00Z,0,17.85,-3.32042,54.67451,69
2025-08-26T14:00:00Z,0,19.15,-3.32042,54.67451,65
2025-08-26T15:00:00Z,0,19.85,-3.32042,54.67451,64
2025-08-26T16:00:00Z,0,19.25,-3.32042,54.67451,68
2025-08-26T17:00:00Z,0,18.05,-3.32042,54.67451,76
2025-08-26T18:00:00Z,0,16.9,-3.32042,54.67451,82
2025-08-26T19:00:00Z,0,16.05,-3.32042,54.67451,86
2025-08-26T20:00:00Z,0,15.25,-3.32042,54.67451,89
2025-08-26T21:00:00Z,0,14.6,-3.32042,54.67451,92
2025-08-26T22:00:00Z,0,14.05,-3.32042,54.67451,94
2025-08-26T23:00:00Z,0,13.65,-3.32042,54.67451,94
2025-08-27T00:00:00Z,0,13.35,-3.32042,54.67451,95
2025-08-27T01:00:00Z,0,13.05,-3.32042,54.67451,96
2025-08-27T02:00:00Z,0,12.8,-3.32042,54.67451,97
2025-08-27T03:00:00Z,0,12.7,-3.32042,54.67451,97
2025-08-27T04:00:00Z,0,12.65,-3.32042,54.67451,97
2025-08-27T05:00:00Z,0,12.8,-3.32042,54.67451,96
2025-08-27T06:00:00Z,0,13.1,-3.32042,54.67451,94
2025-08-27T07:00:00Z,0,13.7,-3.32042,54.67451,91
2025-08-27T08:00:00Z,0,14.55,-3.32042,54.67451,87
2025-08-27T09:00:00Z,0,15.4,-3.32042,54.67451,83
2025-08-27T10:00:00Z,0,16.2,-3.32042,54.67451,79
2025-08-27T11:00:00Z,0,17.05,-3.32042,54.67451,75
2025-08-27T12:00:00Z,0,17.6,-3.32042,54.67451,72
2025-08-27T13:00:00Z,0,17.75,-3.32042,54.67451,71
2025-08-27T14:00:00Z,0,17.7,-3.32042,54.67451,71
2025-08-27T15:00:00Z,0,17.5,-3.32042,54.67451,72
2025-08-27T16:00:00Z,0,17.2,-3.32042,54.67451,73
2025-08-27T17:00:00Z,0,16.8,-3.32042,54.67451,74
2025-08-27T18:00:00Z,0,16.3,-3.32042,54.67451,76
2025-08-27T19:00:00Z,0,15.65,-3.32042,54.67451,78
2025-08-27T20:00:00Z,0,14.95,-3.32042,54.67451,81
2025-08-27T21:00:00Z,0,14.25,-3.32042,54.67451,84
2025-08-27T22:00:00Z,0,13.45,-3.32042,54.67451,87
2025-08-27T23:00:00Z,0,12.65,-3.32042,54.67451,90
2025-08-21T00:00:00Z,0,7.3510003,-3.20425,54.7086,86
2025-08-21T01:00:00Z,0,7.3510003,-3.20425,54.7086,87
2025-08-21T02:00:00Z,0,7.6510005,-3.20425,54.7086,84
2025-08-21T03:00:00Z,0,7.8510003,-3.20425,54.7086,81
2025-08-21T04:00:00Z,0,7.6510005,-3.20425,54.7086,81
2025-08-21T05:00:00Z,0,8.351,-3.20425,54.7086,77
2025-08-21T06:00:00Z,0,8.801,-3.20425,54.7086,79
2025-08-21T07:00:00Z,0,9.301,-3.20425,54.7086,78
2025-08-21T08:00:00Z,0,9.250999,-3.20425,54.7086,79
2025-08-21T09:00:00Z,0,9.250999,-3.20425,54.7086,81
2025-08-21T10:00:00Z,0,9.450999,-3.20425,54.7086,81
2025-08-21T11:00:00Z,0,9.700999,-3.20425,54.7086,81
2025-08-21T12:00:00Z,0,10.151,-3.20425,54.7086,79
2025-08-21T13:00:00Z,0,11.200999,-3.20425,54.7086,76
2025-08-21T14:00:00Z,0,12.601,-3.20425,54.7086,75
2025-08-21T15:00:00Z,0,12.901,-3.20425,54.7086,72
2025-08-21T16:00:00Z,0,12.450999,-3.20425,54.7086,77
2025-08-21T17:00:00Z,0,12.301,-3.20425,54.7086,80
2025-08-21T18:00:00Z,0,12.000999,-3.20425,54.7086,82
2025-08-21T19:00:00Z,0,11.601,-3.20425,54.7086,83
2025-08-21T20:00:00Z,0,11.250999,-3.20425,54.7086,86
2025-08-21T21:00:00Z,0,11.200999,-3.20425,54.7086,85
2025-08-21T22:00:00Z,0,11.101,-3.20425,54.7086,86
2025-08-21T23:00:00Z,0,11.051,-3.20425,54.7086,90
2025-08-22T00:00:00Z,0,11.250999,-3.20425,54.7086,88
2025-08-22T01:00:00Z,0,11.351,-3.20425,54.7086,88
2025-08-22T02:00:00Z,0,11.401,-3.20425,54.7086,87
2025-08-22T03:00:00Z,0,11.250999,-3.20425,54.7086,90
2025-08-22T04:00:00Z,0,10.950999,-3.20425,54.7086,95
2025-08-22T05:00:00Z,0,11.151,-3.20425,54.7086,100
2025-08-22T06:00:00Z,0,11.051,-3.20425,54.7086,97
2025-08-22T07:00:00Z,0,10.601,-3.20425,54.7086,94
2025-08-22T08:00:00Z,0,10.401,-3.20425,54.7086,92
2025-08-22T09:00:00Z,0,10.250999,-3.20425,54.7086,93
2025-08-22T10:00:00Z,0,10.551,-3.20425,54.7086,94
2025-08-22T11:00:00Z,0,11.450999,-3.20425,54.7086,91
2025-08-22T12:00:00Z,0,12.000999,-3.20425,54.7086,88
2025-08-22T13:00:00Z,0,13.801,-3.20425,54.7086,75
2025-08-22T14:00:00Z,0,14.750999,-3.20425,54.7086,71
2025-08-22T15:00:00Z,0,15.100999,-3.20425,54.7086,70
2025-08-22T16:00:00Z,0,15.200999,-3.20425,54.7086,70
2025-08-22T17:00:00Z,0,14.601,-3.20425,54.7086,72
2025-08-22T18:00:00Z,0,14.101,-3.20425,54.7086,81
2025-08-22T19:00:00Z,0,13.651,-3.20425,54.7086,78
2025-08-22T20:00:00Z,0,12.500999,-3.20425,54.7086,79
2025-08-22T21:00:00Z,0,11.901,-3.20425,54.7086,80
2025-08-22T22:00:00Z,0,10.401,-3.20425,54.7086,89
2025-08-22T23:00:00Z,0,9.700999,-3.20425,54.7086,92
2025-08-23T00:00:00Z,0,9.700999,-3.20425,54.7086,92
2025-08-23T01:00:00Z,0,10.200999,-3.20425,54.7086,91
2025-08-23T02:00:00Z,0,9.651,-3.20425,54.7086,93
2025-08-23T03:00:00Z,0,8.851,-3.20425,54.7086,94
2025-08-23T04:00:00Z,0,9.051,-3.20425,54.7086,94
2025-08-23T05:00:00Z,0,9.151,-3.20425,54.7086,94
2025-08-23T06:00:00Z,0,9.801,-3.20425,54.7086,92
2025-08-23T07:00:00Z,0,11.101,-3.20425,54.7086,90
2025-08-23T08:00:00Z,0,12.601,-3.20425,54.7086,83
2025-08-23T09:00:00Z,0,13.250999,-3.20425,54.7086,78
2025-08-23T10:00:00Z,0,13.901,-3.20425,54.7086,79
2025-08-23T11:00:00Z,0,13.750999,-3.20425,54.7086,79
2025-08-23T12:00:00Z,0,13.551,-3.20425,54.7086,83
2025-08-23T13:00:00Z,0,13.301,-3.20425,54.7086,83
2025-08-23T14:00:00Z,0,13.700999,-3.20425,54.7086,84
2025-08-23T15:00:00Z,0,14.401,-3.20425,54.7086,82
2025-08-23T16:00:00Z,0,14.250999,-3.20425,54.7086,81
2025-08-23T17:00:00Z,0,13.851,-3.20425,54.7086,83
2025-08-23T18:00:00Z,0,13.35,-3.20425,54.7086,95
2025-08-23T19:00:00Z,0,12.85,-3.20425,54.7086,96
2025-08-23T20:00:00Z,0,12.4,-3.20425,54.7086,96
2025-08-23T21:00:00Z,0,12.05,-3.20425,54.7086,95
2025-08-23T22:00:00Z,0,11.65,-3.20425,54.7086,95
2025-08-23T23:00:00Z,0,11.25,-3.20425,54.7086,95
2025-08-24T00:00:00Z,0,11.05,-3.20425,54.7086,95
2025-08-24T01:00:00Z,0,11.05,-3.20425,54.7086,94
2025-08-24T02:00:00Z,0,11.25,-3.20425,54.7086,94
2025-08-24T03:00:00Z,0,11.35,-3.20425,54.7086,93
2025-08-24T04:00:00Z,0,11.2,-3.20425,54.7086,93
2025-08-24T05:00:00Z,0,10.95,-3.20425,54.7086,94
2025-08-24T06:00:00Z,0,11.05,-3.20425,54.7086,93
2025-08-24T07:00:00Z,0,11.6,-3.20425,54.7086,91
2025-08-24T08:00:00Z,0,12.5,-3.20425,54.7086,88
2025-08-24T09:00:00Z,0,13.35,-3.20425,54.7086,85
2025-08-24T10:00:00Z,0,14.1,-3.20425,54.7086,82
2025-08-24T11:00:00Z,0,14.8,-3.20425,54.7086,80
2025-08-24T12:00:00Z,0,15.4,-3.20425,54.7086,78
2025-08-24T13:00:00Z,0,15.8,-3.20425,54.7086,76
2025-08-24T14:00:00Z,0,16.05,-3.20425,54.7086,75
2025-08-24T15:00:00Z,0,16.15,-3.20425,54.7086,75
2025-08-24T16:00:00Z,0,16.05,-3.20425,54.7086,76
2025-08-24T17:00:00Z,0,15.75,-3.20425,54.7086,77
2025-08-24T18:00:00Z,0,15.3,-3.20425,54.7086,79
2025-08-24T19:00:00Z,0,14.55,-3.20425,54.7086,81
2025-08-24T20:00:00Z,0,13.7,-3.20425,54.7086,84
2025-08-24T21:00:00Z,0,13.0,-3.20425,54.7086,86
2025-08-24T22:00:00Z,0,12.6,-3.20425,54.7086,87
2025-08-24T23:00:00Z,0,12.45,-3.20425,54.7086,87
2025-08-25T00:00:00Z,0,12.25,-3.20425,54.7086,87
2025-08-25T01:00:00Z,0,11.95,-3.20425,54.7086,87
2025-08-25T02:00:00Z,0,11.7,-3.20425,54.7086,87
2025-08-25T03:00:00Z,0,11.55,-3.20425,54.7086,87
2025-08-25T04:00:00Z,0,11.55,-3.20425,54.7086,86
2025-08-25T05:00:00Z,0,11.75,-3.20425,54.7086,85
2025-08-25T06:00:00Z,0,12.1,-3.20425,54.7086,83
2025-08-25T07:00:00Z,0,12.7,-3.20425,54.7086,80
2025-08-25T08:00:00Z,0,13.55,-3.20425,54.7086,75
2025-08-25T09:00:00Z,0,14.35,-3.20425,54.7086,72
2025-08-25T10:00:00Z,0,15.1,-3.20425,54.7086,71
2025-08-25T11:00:00Z,0,15.85,-3.20425,54.7086,70
2025-08-25T12:00:00Z,0,16.5,-3.20425,54.7086,69
2025-08-25T13:00:00Z,0,17.1,-3.20425,54.7086,66
2025-08-25T14:00:00Z,0,17.6,-3.20425,54.7086,63
2025-08-25T15:00:00Z,0,17.75,-3.20425,54.7086,62
2025-08-25T16:00:00Z,0,17.4,-3.20425,54.7086,64
2025-08-25T17:00:00Z,0,16.7,-3.20425,54.7086,67
2025-08-25T18:00:00Z,0,15.95,-3.20425,54.7086,69
2025-08-25T19:00:00Z,0,15.05,-3.20425,54.7086,69
2025-08-25T20:00:00Z,0,14.1,-3.20425,54.7086,68
2025-08-25T21:00:00Z,0,13.4,-3.20425,54.7086,68
2025-08-25T22:00:00Z,0,13.2,-3.20425,54.7086,68
2025-08-25T23:00:00Z,0,13.25,-3.20425,54.7086,69
2025-08-26T00:00:00Z,0,13.3,-3.20425,54.7086,70
2025-08-26T01:00:00Z,0,13.2,-3.20425,54.7086,72
2025-08-26T02:00:00Z,0,13.05,-3.20425,54.7086,74
2025-08-26T03:00:00Z,0,12.95,-3.20425,54.7086,75
2025-08-26T04:00:00Z,0,12.75,-3.20425,54.7086,75
2025-08-26T05:00:00Z,0,12.5,-3.20425,54.7086,74
2025-08-26T06:00:00Z,0,12.6,-3.20425,54.7086,73
2025-08-26T07:00:00Z,0,13.15,-3.20425,54.7086,73
2025-08-26T08:00:00Z,0,13.95,-3.20425,54.7086,73
2025-08-26T09:00:00Z,0,14.7,-3.20425,54.7086,74
2025-08-26T10:00:00Z,0,15.15,-3.20425,54.7086,75
2025-08-26T11:00:00Z,0,15.5,-3.20425,54.7086,76
2025-08-26T12:00:00Z,0,16.05,-3.20425,54.7086,76
2025-08-26T13:00:00Z,0,17.05,-3.20425,54.7086,72
2025-08-26T14:00:00Z,0,18.25,-3.20425,54.7086,67
2025-08-26T15:00:00Z,0,18.75,-3.20425,54.7086,65
2025-08-26T16:00:00Z,0,17.95,-3.20425,54.7086,71
2025-08-26T17:00:00Z,0,16.45,-3.20425,54.7086,81
2025-08-26T18:00:00Z,0,15.1,-3.20425,54.7086,89
2025-08-26T19:00:00Z,0,14.1,-3.20425,54.7086,94
2025-08-26T20:00:00Z,0,13.3,-3.20425,54.7086,98
2025-08-26T21:00:00Z,0,12.75,-3.20425,54.7086,100
2025-08-26T22:00:00Z,0,12.6,-3.20425,54.7086,100
2025-08-26T23:00:00Z,0,12.75,-3.20425,54.7086,100
2025-08-27T00:00:00Z,0,12.85,-3.20425,54.7086,99
2025-08-27T01:00:00Z,0,12.65,-3.20425,54.7086,99
2025-08-27T02:00:00Z,0,12.4,-3.20425,54.7086,100
2025-08-27T03:00:00Z,0,12.2,-3.20425,54.7086,100
2025-08-27T04:00:00Z,0,12.1,-3.20425,54.7086,100
2025-08-27T05:00:00Z,0,12.05,-3.20425,54.7086,100
2025-08-27T06:00:00Z,0,12.2,-3.20425,54.7086,100
2025-08-27T07:00:00Z,0,12.55,-3.20425,54.7086,97
2025-08-27T08:00:00Z,0,13.1,-3.20425,54.7086,94
2025-08-27T09:00:00Z,0,13.65,-3.20425,54.7086,90
2025-08-27T10:00:00Z,0,14.15,-3.20425,54.7086,86
2025-08-27T11:00:00Z,0,14.7,-3.20425,54.7086,83
2025-08-27T12:00:00Z,0,15.05,-3.20425,54.7086,80
2025-08-27T13:00:00Z,0,15.15,-3.20425,54.7086,79
2025-08-27T14:00:00Z,0,15.15,-3.20425,54.7086,78
2025-08-27T15:00:00Z,0,15.05,-3.20425,54.7086,78
2025-08-27T16:00:00Z,0,14.9,-3.20425,54.7086,78
2025-08-27T17:00:00Z,0,14.65,-3.20425,54.7086,79
2025-08-27T18:00:00Z,0,14.3,-3.20425,54.7086,81
2025-08-27T19:00:00Z,0,13.75,-3.20425,54.7086,83
2025-08-27T20:00:00Z,0,13.1,-3.20425,54.7086,86
2025-08-27T21:00:00Z,0,12.5,-3.20425,54.7086,89
2025-08-27T22:00:00Z,0,11.85,-3.20425,54.7086,92
2025-08-27T23:00:00Z,0,11.2,-3.20425,54.7086,95
2025-08-21T00:00:00Z,0,7.616,-3.25022,54.65546,86
2025-08-21T01:00:00Z,0,7.266,-3.25022,54.65546,88
2025-08-21T02:00:00Z,0,7.116,-3.25022,54.65546,88
2025-08-21T03:00:00Z,0,7.7160006,-3.25022,54.65546,82
2025-08-21T04:00:00Z,0,6.9160004,-3.25022,54.65546,86
2025-08-21T05:00:00Z,0,7.1660004,-3.25022,54.65546,84
2025-08-21T06:00:00Z,0,8.416,-3.25022,54.65546,79
2025-08-21T07:00:00Z,0,9.066,-3.25022,54.65546,79
2025-08-21T08:00:00Z,0,9.366,-3.25022,54.65546,79
2025-08-21T09:00:00Z,0,9.766,-3.25022,54.65546,77
2025-08-21T10:00:00Z,0,10.116,-3.25022,54.65546,76
2025-08-21T11:00:00Z,0,10.616,-3.25022,54.65546,75
2025-08-21T12:00:00Z,0,11.616,-3.25022,54.65546,70
2025-08-21T13:00:00Z,0,12.866,-3.25022,54.65546,69
2025-08-21T14:00:00Z,0,14.116,-3.25022,54.65546,67
2025-08-21T15:00:00Z,0,13.716001,-3.25022,54.65546,71
2025-08-21T16:00:00Z,0,13.616,-3.25022,54.65546,72
2025-08-21T17:00:00Z,0,13.416,-3.25022,54.65546,75
2025-08-21T18:00:00Z,0,13.066,-3.25022,54.65546,76
2025-08-21T19:00:00Z,0,12.616,-3.25022,54.65546,80
2025-08-21T20:00:00Z,0,11.916,-3.25022,54.65546,84
2025-08-21T21:00:00Z,0,11.766,-3.25022,54.65546,84
2025-08-21T22:00:00Z,0,11.366,-3.25022,54.65546,87
2025-08-21T23:00:00Z,0,11.466001,-3.25022,54.65546,90
2025-08-22T00:00:00Z,0,11.166,-3.25022,54.65546,90
2025-08-22T01:00:00Z,0,11.566,-3.25022,54.65546,89
2025-08-22T02:00:00Z,0,11.666,-3.25022,54.65546,88
2025-08-22T03:00:00Z,0,11.616,-3.25022,54.65546,89
2025-08-22T04:00:00Z,0,11.716001,-3.25022,54.65546,94
2025-08-22T05:00:00Z,0,11.816,-3.25022,54.65546,99
2025-08-22T06:00:00Z,0,11.916,-3.25022,54.65546,97
2025-08-22T07:00:00Z,0,11.766,-3.25022,54.65546,96
2025-08-22T08:00:00Z,0,11.466001,-3.25022,54.65546,92
2025-08-22T09:00:00Z,0,11.166,-3.25022,54.65546,92
2025-08-22T10:00:00Z,0,11.166,-3.25022,54.65546,93
2025-08-22T11:00:00Z,0,11.616,-3.25022,54.65546,93
2025-08-22T12:00:00Z,0,13.716001,-3.25022,54.65546,81
2025-08-22T13:00:00Z,0,15.116,-3.25022,54.65546,70
2025-08-22T14:00:00Z,0,15.716001,-3.25022,54.65546,67
2025-08-22T15:00:00Z,0,15.816001,-3.25022,54.65546,69
2025-08-22T16:00:00Z,0,15.915999,-3.25022,54.65546,68
2025-08-22T17:00:00Z,0,15.316001,-3.25022,54.65546,71
2025-08-22T18:00:00Z,0,14.816,-3.25022,54.65546,76
2025-08-22T19:00:00Z,0,14.266,-3.25022,54.65546,79
2025-08-22T20:00:00Z,0,13.366,-3.25022,54.65546,82
2025-08-22T21:00:00Z,0,12.566,-3.25022,54.65546,81
2025-08-22T22:00:00Z,0,10.716001,-3.25022,54.65546,88
2025-08-22T23:00:00Z,0,10.316,-3.25022,54.65546,89
2025-08-23T00:00:00Z,0,10.316,-3.25022,54.65546,92
2025-08-23T01:00:00Z,0,10.716001,-3.25022,54.65546,90
2025-08-23T02:00:00Z,0,10.466001,-3.25022,54.65546,92
2025-08-23T03:00:00Z,0,9.616,-3.25022,54.65546,94
2025-08-23T04:00:00Z,0,9.416,-3.25022,54.65546,95
2025-08-23T05:00:00Z,0,9.266,-3.25022,54.65546,96
2025-08-23T06:00:00Z,0,9.816,-3.25022,54.65546,95
2025-08-23T07:00:00Z,0,11.316,-3.25022,54.65546,91
2025-08-23T08:00:00Z,0,12.916,-3.25022,54.65546,85
2025-08-23T09:00:00Z,0,13.766,-3.25022,54.65546,79
2025-08-23T10:00:00Z,0,14.316,-3.25022,54.65546,77
2025-08-23T11:00:00Z,0,14.016,-3.25022,54.65546,77
2025-08-23T12:00:00Z,0,14.266,-3.25022,54.65546,78
2025-08-23T13:00:00Z,0,14.466001,-3.25022,54.65546,78
2025-08-23T14:00:00Z,0,14.866,-3.25022,54.65546,78
2025-08-23T15:00:00Z,0,15.266,-3.25022,54.65546,77
2025-08-23T16:00:00Z,0,14.916,-3.25022,54.65546,78
2025-08-23T17:00:00Z,0,14.666,-3.25022,54.65546,78
2025-08-23T18:00:00Z,0,14.6,-3.25022,54.65546,84
2025-08-23T19:00:00Z,0,13.9,-3.25022,54.65546,88
2025-08-23T20:00:00Z,0,13.1,-3.25022,54.65546,93
2025-08-23T21:00:00Z,0,12.5,-3.25022,54.65546,95
2025-08-23T22:00:00Z,0,12.25,-3.25022,54.65546,94
2025-08-23T23:00:00Z,0,12.2,-3.25022,54.65546,91
2025-08-24T00:00:00Z,0,12.2,-3.25022,54.65546,89
2025-08-24T01:00:00Z,0,12.3,-3.25022,54.65546,88
2025-08-24T02:00:00Z,0,12.4,-3.25022,54.65546,87
2025-08-24T03:00:00Z,0,12.45,-3.25022,54.65546,87
2025-08-24T04:00:00Z,0,12.25,-3.25022,54.65546,88
2025-08-24T05:00:00Z,0,11.95,-3.25022,54.65546,89
2025-08-24T06:00:00Z,0,11.95,-3.25022,54.65546,89
2025-08-24T07:00:00Z,0,12.5,-3.25022,54.65546,88
2025-08-24T08:00:00Z,0,13.4,-3.25022,54.65546,86
2025-08-24T09:00:00Z,0,14.25,-3.25022,54.65546,84
2025-08-24T10:00:00Z,0,15.1,-3.25022,54.65546,81
2025-08-24T11:00:00Z,0,15.95,-3.25022,54.65546,79
2025-08-24T12:00:00Z,0,16.6,-3.25022,54.65546,76
2025-08-24T13:00:00Z,0,17.1,-3.25022,54.65546,73
2025-08-24T14:00:00Z,0,17.4,-3.25022,54.65546,71
2025-08-24T15:00:00Z,0,17.5,-3.25022,54.65546,70
2025-08-24T16:00:00Z,0,17.4,-3.25022,54.65546,71
2025-08-24T17:00:00Z,0,17.1,-3.25022,54.65546,73
2025-08-24T18:00:00Z,0,16.55,-3.25022,54.65546,76
2025-08-24T19:00:00Z,0,15.7,-3.25022,54.65546,79
2025-08-24T20:00:00Z,0,14.6,-3.25022,54.65546,83
2025-08-24T21:00:00Z,0,13.8,-3.25022,54.65546,85
2025-08-24T22:00:00Z,0,13.6,-3.25022,54.65546,85
2025-08-24T23:00:00Z,0,13.75,-3.25022,54.65546,84
2025-08-25T00:00:00Z,0,13.75,-3.25022,54.65546,83
2025-08-25T01:00:00Z,0,13.55,-3.25022,54.65546,83
2025-08-25T02:00:00Z,0,13.2,-3.25022,54.65546,82
2025-08-25T03:00:00Z,0,12.95,-3.25022,54.65546,82
2025-08-25T04:00:00Z,0,12.7,-3.25022,54.65546,81
2025-08-25T05:00:00Z,0,12.45,-3.25022,54.65546,80
2025-08-25T06:00:00Z,0,12.55,-3.25022,54.65546,79
2025-08-25T07:00:00Z,0,13.2,-3.25022,54.65546,77
2025-08-25T08:00:00Z,0,14.2,-3.25022,54.65546,74
2025-08-25T09:00:00Z,0,15.1,-3.25022,54.65546,72
2025-08-25T10:00:00Z,0,15.85,-3.25022,54.65546,70
2025-08-25T11:00:00Z,0,16.6,-3.25022,54.65546,68
2025-08-25T12:00:00Z,0,17.2,-3.25022,54.65546,66
2025-08-25T13:00:00Z,0,17.8,-3.25022,54.65546,63
2025-08-25T14:00:00Z,0,18.3,-3.25022,54.65546,60
2025-08-25T15:00:00Z,0,18.45,-3.25022,54.65546,59
2025-08-25T16:00:00Z,0,18.1,-3.25022,54.65546,61
2025-08-25T17:00:00Z,0,17.35,-3.25022,54.65546,65
2025-08-25T18:00:00Z,0,16.65,-3.25022,54.65546,67
2025-08-25T19:00:00Z,0,16.0,-3.25022,54.65546,66
2025-08-25T20:00:00Z,0,15.35,-3.25022,54.65546,64
2025-08-25T21:00:00Z,0,14.9,-3.25022,54.65546,63
2025-08-25T22:00:00Z,0,14.75,-3.25022,54.65546,62
2025-08-25T23:00:00Z,0,14.8,-3.25022,54.65546,62
2025-08-26T00:00:00Z,0,14.75,-3.25022,54.65546,63
2025-08-26T01:00:00Z,0,14.55,-3.25022,54.65546,65
2025-08-26T02:00:00Z,0,14.3,-3.25022,54.65546,69
2025-08-26T03:00:00Z,0,14.0,-3.25022,54.65546,71
2025-08-26T04:00:00Z,0,13.65,-3.25022,54.65546,72
2025-08-26T05:00:00Z,0,13.3,-3.25022,54.65546,71
2025-08-26T06:00:00Z,0,13.25,-3.25022,54.65546,71
2025-08-26T07:00:00Z,0,13.65,-3.25022,54.65546,72
2025-08-26T08:00:00Z,0,14.35,-3.25022,54.65546,72
2025-08-26T09:00:00Z,0,15.0,-3.25022,54.65546,73
2025-08-26T10:00:00Z,0,15.6,-3.25022,54.65546,74
2025-08-26T11:00:00Z,0,16.25,-3.25022,54.65546,75
2025-08-26T12:00:00Z,0,16.85,-3.25022,54.65546,75
2025-08-26T13:00:00Z,0,17.65,-3.25022,54.65546,71
2025-08-26T14:00:00Z,0,18.45,-3.25022,54.65546,67
2025-08-26T15:00:00Z,0,18.65,-3.25022,54.65546,66
2025-08-26T16:00:00Z,0,17.85,-3.25022,54.65546,73
2025-08-26T17:00:00Z,0,16.5,-3.25022,54.65546,84
2025-08-26T18:00:00Z,0,15.35,-3.25022,54.65546,93
2025-08-26T19:00:00Z,0,14.65,-3.25022,54.65546,96
2025-08-26T20:00:00Z,0,14.15,-3.25022,54.65546,97
2025-08-26T21:00:00Z,0,13.75,-3.25022,54.65546,97
2025-08-26T22:00:00Z,0,13.5,-3.25022,54.65546,98
2025-08-26T23:00:00Z,0,13.35,-3.25022,54.65546,98
2025-08-27T00:00:00Z,0,13.2,-3.25022,54.65546,98
2025-08-27T01:00:00Z,0,13.0,-3.25022,54.65546,99
2025-08-27T02:00:00Z,0,12.75,-3.25022,54.65546,100
2025-08-27T03:00:00Z,0,12.55,-3.25022,54.65546,100
2025-08-27T04:00:00Z,0,12.45,-3.25022,54.65546,100
2025-08-27T05:00:00Z,0,12.4,-3.25022,54.65546,100
2025-08-27T06:00:00Z,0,12.45,-3.25022,54.65546,99
2025-08-27T07:00:00Z,0,12.7,-3.25022,54.65546,97
2025-08-27T08:00:00Z,0,13.05,-3.25022,54.65546,95
2025-08-27T09:00:00Z,0,13.4,-3.25022,54.65546,92
2025-08-27T10:00:00Z,0,13.8,-3.25022,54.65546,90
2025-08-27T11:00:00Z,0,14.2,-3.25022,54.65546,87
2025-08-27T12:00:00Z,0,14.5,-3.25022,54.65546,85
2025-08-27T13:00:00Z,0,14.7,-3.25022,54.65546,84
2025-08-27T14:00:00Z,0,14.85,-3.25022,54.65546,83
2025-08-27T15:00:00Z,0,14.9,-3.25022,54.65546,82
2025-08-27T16:00:00Z,0,14.9,-3.25022,54.65546,82
2025-08-27T17:00:00Z,0,14.85,-3.25022,54.65546,81
2025-08-27T18:00:00Z,0,14.6,-3.25022,54.65546,82
2025-08-27T19:00:00Z,0,14.15,-3.25022,54.65546,84
2025-08-27T20:00:00Z,0,13.55,-3.25022,54.65546,86
2025-08-27T21:00:00Z,0,12.95,-3.25022,54.65546,89
2025-08-27T22:00:00Z,0,12.35,-3.25022,54.65546,92
2025-08-27T23:00:00Z,0,11.75,-3.25022,54.65546,95
2025-08-21T00:00:00Z,0,7.1005,-3.24611,54.65328,89
2025-08-21T01:00:00Z,0,7.0005,-3.24611,54.65328,90
2025-08-21T02:00:00Z,0,6.9005003,-3.24611,54.65328,90
2025-08-21T03:00:00Z,0,7.7005,-3.24611,54.65328,86
2025-08-21T04:00:00Z,0,7.6005,-3.24611,54.65328,86
2025-08-21T05:00:00Z,0,7.3005,-3.24611,54.65328,86
2025-08-21T06:00:00Z,0,9.4005,-3.24611,54.65328,78
2025-08-21T07:00:00Z,0,9.9505005,-3.24611,54.65328,77
2025-08-21T08:00:00Z,0,10.0005,-3.24611,54.65328,77
2025-08-21T09:00:00Z,0,10.1005,-3.24611,54.65328,78
2025-08-21T10:00:00Z,0,10.3005,-3.24611,54.65328,78
2025-08-21T11:00:00Z,0,10.7505,-3.24611,54.65328,77
2025-08-21T12:00:00Z,0,11.7005005,-3.24611,54.65328,73
2025-08-21T13:00:00Z,0,13.0505,-3.24611,54.65328,72
2025-08-21T14:00:00Z,0,14.0005,-3.24611,54.65328,70
2025-08-21T15:00:00Z,0,13.4505005,-3.24611,54.65328,74
2025-08-21T16:00:00Z,0,13.6005,-3.24611,54.65328,74
2025-08-21T17:00:00Z,0,13.3505,-3.24611,54.65328,78
2025-08-21T18:00:00Z,0,13.0505,-3.24611,54.65328,80
2025-08-21T19:00:00Z,0,12.5505,-3.24611,54.65328,84
2025-08-21T20:00:00Z,0,12.0005,-3.24611,54.65328,86
2025-08-21T21:00:00Z,0,12.1005,-3.24611,54.65328,85
2025-08-21T22:00:00Z,0,11.7505,-3.24611,54.65328,88
2025-08-21T23:00:00Z,0,12.1005,-3.24611,54.65328,89
2025-08-22T00:00:00Z,0,11.7005005,-3.24611,54.65328,90
2025-08-22T01:00:00Z,0,12.2505,-3.24611,54.65328,87
2025-08-22T02:00:00Z,0,12.1505,-3.24611,54.65328,88
2025-08-22T03:00:00Z,0,12.0505,-3.24611,54.65328,90
2025-08-22T04:00:00Z,0,11.9505005,-3.24611,54.65328,95
2025-08-22T05:00:00Z,0,12.0505,-3.24611,54.65328,100
2025-08-22T06:00:00Z,0,12.1005,-3.24611,54.65328,99
2025-08-22T07:00:00Z,0,11.9505005,-3.24611,54.65328,98
2025-08-22T08:00:00Z,0,11.5505,-3.24611,54.65328,96
2025-08-22T09:00:00Z,0,11.1005,-3.24611,54.65328,96
2025-08-22T10:00:00Z,0,10.9505005,-3.24611,54.65328,98
2025-08-22T11:00:00Z,0,11.5005,-3.24611,54.65328,98
2025-08-22T12:00:00Z,0,13.7505,-3.24611,54.65328,87
2025-08-22T13:00:00Z,0,14.8505,-3.24611,54.65328,76
2025-08-22T14:00:00Z,0,15.7005005,-3.24611,54.65328,70
2025-08-22T15:00:00Z,0,15.8005,-3.24611,54.65328,73
2025-08-22T16:00:00Z,0,15.8505,-3.24611,54.65328,72
2025-08-22T17:00:00Z,0,15.1505,-3.24611,54.65328,75
2025-08-22T18:00:00Z,0,14.7005005,-3.24611,54.65328,79
2025-08-22T19:00:00Z,0,14.1505,-3.24611,54.65328,83
2025-08-22T20:00:00Z,0,13.2005005,-3.24611,54.65328,88
2025-08-22T21:00:00Z,0,13.0505,-3.24611,54.65328,84
2025-08-22T22:00:00Z,0,11.7505,-3.24611,54.65328,86
2025-08-22T23:00:00Z,0,10.8505,-3.24611,54.65328,90
2025-08-23T00:00:00Z,0,10.9005,-3.24611,54.65328,92
2025-08-23T01:00:00Z,0,11.3005,-3.24611,54.65328,91
2025-08-23T02:00:00Z,0,11.0005,-3.24611,54.65328,92
2025-08-23T03:00:00Z,0,10.1005,-3.24611,54.65328,94
2025-08-23T04:00:00Z,0,10.0005,-3.24611,54.65328,95
2025-08-23T05:00:00Z,0,9.8505,-3.24611,54.65328,95
2025-08-23T06:00:00Z,0,10.3505,-3.24611,54.65328,94
2025-08-23T07:00:00Z,0,11.9505005,-3.24611,54.65328,90
2025-08-23T08:00:00Z,0,13.3505,-3.24611,54.65328,83
2025-08-23T09:00:00Z,0,14.1505,-3.24611,54.65328,79
2025-08-23T10:00:00Z,0,14.6505,-3.24611,54.65328,77
2025-08-23T11:00:00Z,0,14.3005,-3.24611,54.65328,79
2025-08-23T12:00:00Z,0,14.3505,-3.24611,54.65328,80
2025-08-23T13:00:00Z,0,14.6005,-3.24611,54.65328,80
2025-08-23T14:00:00Z,0,14.9505005,-3.24611,54.65328,81
2025-08-23T15:00:00Z,0,15.4005,-3.24611,54.65328,80
2025-08-23T16:00:00Z,0,15.0505,-3.24611,54.65328,82
2025-08-23T17:00:00Z,0,14.7005005,-3.24611,54.65328,83
2025-08-23T18:00:00Z,0,14.8,-3.24611,54.65328,84
2025-08-23T19:00:00Z,0,14.05,-3.24611,54.65328,88
2025-08-23T20:00:00Z,0,13.3,-3.24611,54.65328,93
2025-08-23T21:00:00Z,0,12.7,-3.24611,54.65328,95
2025-08-23T22:00:00Z,0,12.45,-3.24611,54.65328,94
2025-08-23T23:00:00Z,0,12.4,-3.24611,54.65328,91
2025-08-24T00:00:00Z,0,12.4,-3.24611,54.65328,89
2025-08-24T01:00:00Z,0,12.45,-3.24611,54.65328,88
2025-08-24T02:00:00Z,0,12.6,-3.24611,54.65328,87
2025-08-24T03:00:00Z,0,12.65,-3.24611,54.65328,87
2025-08-24T04:00:00Z,0,12.45,-3.24611,54.65328,88
2025-08-24T05:00:00Z,0,12.15,-3.24611,54.65328,89
2025-08-24T06:00:00Z,0,12.15,-3.24611,54.65328,89
2025-08-24T07:00:00Z,0,12.7,-3.24611,54.65328,88
2025-08-24T08:00:00Z,0,13.55,-3.24611,54.65328,86
2025-08-24T09:00:00Z,0,14.45,-3.24611,54.65328,84
2025-08-24T10:00:00Z,0,15.3,-3.24611,54.65328,81
2025-08-24T11:00:00Z,0,16.1,-3.24611,54.65328,79
2025-08-24T12:00:00Z,0,16.8,-3.24611,54.65328,76
2025-08-24T13:00:00Z,0,17.25,-3.24611,54.65328,73
2025-08-24T14:00:00Z,0,17.6,-3.24611,54.65328,71
2025-08-24T15:00:00Z,0,17.7,-3.24611,54.65328,70
2025-08-24T16:00:00Z,0,17.6,-3.24611,54.65328,71
2025-08-24T17:00:00Z,0,17.25,-3.24611,54.65328,73
2025-08-24T18:00:00Z,0,16.75,-3.24611,54.65328,76
2025-08-24T19:00:00Z,0,15.85,-3.24611,54.65328,79
2025-08-24T20:00:00Z,0,14.8,-3.24611,54.65328,83
2025-08-24T21:00:00Z,0,14.0,-3.24611,54.65328,85
2025-08-24T22:00:00Z,0,13.8,-3.24611,54.65328,85
2025-08-24T23:00:00Z,0,13.9,-3.24611,54.65328,84
2025-08-25T00:00:00Z,0,13.95,-3.24611,54.65328,83
2025-08-25T01:00:00Z,0,13.7,-3.24611,54.65328,83
2025-08-25T02:00:00Z,0,13.4,-3.24611,54.65328,82
2025-08-25T03:00:00Z,0,13.15,-3.24611,54.65328,82
2025-08-25T04:00:00Z,0,12.85,-3.24611,54.65328,81
2025-08-25T05:00:00Z,0,12.65,-3.24611,54.65328,80
2025-08-25T06:00:00Z,0,12.75,-3.24611,54.65328,79
2025-08-25T07:00:00Z,0,13.4,-3.24611,54.65328,77
2025-08-25T08:00:00Z,0,14.35,-3.24611,54.65328,74
2025-08-25T09:00:00Z,0,15.3,-3.24611,54.65328,72
2025-08-25T10:00:00Z,0,16.05,-3.24611,54.65328,70
2025-08-25T11:00:00Z,0,16.8,-3.24611,54.65328,68
2025-08-25T12:00:00Z,0,17.4,-3.24611,54.65328,66
2025-08-25T13:00:00Z,0,18.0,-3.24611,54.65328,63
2025-08-25T14:00:00Z,0,18.5,-3.24611,54.65328,60
2025-08-25T15:00:00Z,0,18.65,-3.24611,54.65328,59
2025-08-25T16:00:00Z,0,18.25,-3.24611,54.65328,61
2025-08-25T17:00:00Z,0,17.55,-3.24611,54.65328,65
2025-08-25T18:00:00Z,0,16.85,-3.24611,54.65328,67
2025-08-25T19:00:00Z,0,16.2,-3.24611,54.65328,66
2025-08-25T20:00:00Z,0,15.55,-3.24611,54.65328,64
2025-08-25T21:00:00Z,0,15.1,-3.24611,54.65328,63
2025-08-25T22:00:00Z,0,14.95,-3.24611,54.65328,62
2025-08-25T23:00:00Z,0,15.0,-3.24611,54.65328,62
2025-08-26T00:00:00Z,0,14.95,-3.24611,54.65328,63
2025-08-26T01:00:00Z,0,14.75,-3.24611,54.65328,65
2025-08-26T02:00:00Z,0,14.45,-3.24611,54.65328,69
2025-08-26T03:00:00Z,0,14.2,-3.24611,54.65328,71
2025-08-26T04:00:00Z,0,13.85,-3.24611,54.65328,72
2025-08-26T05:00:00Z,0,13.5,-3.24611,54.65328,71
2025-08-26T06:00:00Z,0,13.45,-3.24611,54.65328,71
2025-08-26T07:00:00Z,0,13.85,-3.24611,54.65328,72
2025-08-26T08:00:00Z,0,14.5,-3.24611,54.65328,72
2025-08-26T09:00:00Z,0,15.2,-3.24611,54.65328,73
2025-08-26T10:00:00Z,0,15.8,-3.24611,54.65328,74
2025-08-26T11:00:00Z,0,16.45,-3.24611,54.65328,75
2025-08-26T12:00:00Z,0,17.05,-3.24611,54.65328,75
2025-08-26T13:00:00Z,0,17.85,-3.24611,54.65328,71
2025-08-26T14:00:00Z,0,18.65,-3.24611,54.65328,67
2025-08-26T15:00:00Z,0,18.85,-3.24611,54.65328,66
2025-08-26T16:00:00Z,0,18.05,-3.24611,54.65328,73
2025-08-26T17:00:00Z,0,16.7,-3.24611,54.65328,84
2025-08-26T18:00:00Z,0,15.55,-3.24611,54.65328,93
2025-08-26T19:00:00Z,0,14.85,-3.24611,54.65328,96
2025-08-26T20:00:00Z,0,14.35,-3.24611,54.65328,97
2025-08-26T21:00:00Z,0,13.95,-3.24611,54.65328,97
2025-08-26T22:00:00Z,0,13.7,-3.24611,54.65328,98
2025-08-26T23:00:00Z,0,13.55,-3.24611,54.65328,98
2025-08-27T00:00:00Z,0,13.4,-3.24611,54.65328,98
2025-08-27T01:00:00Z,0,13.15,-3.24611,54.65328,99
2025-08-27T02:00:00Z,0,12.95,-3.24611,54.65328,100
2025-08-27T03:00:00Z,0,12.75,-3.24611,54.65328,100
2025-08-27T04:00:00Z,0,12.65,-3.24611,54.65328,100
2025-08-27T05:00:00Z,0,12.6,-3.24611,54.65328,100
2025-08-27T06:00:00Z,0,12.65,-3.24611,54.65328,99
2025-08-27T07:00:00Z,0,12.9,-3.24611,54.65328,97
2025-08-27T08:00:00Z,0,13.25,-3.24611,54.65328,95
2025-08-27T09:00:00Z,0,13.6,-3.24611,54.65328,92
2025-08-27T10:00:00Z,0,14.0,-3.24611,54.65328,90
2025-08-27T11:00:00Z,0,14.4,-3.24611,54.65328,87
2025-08-27T12:00:00Z,0,14.7,-3.24611,54.65328,85
2025-08-27T13:00:00Z,0,14.9,-3.24611,54.65328,84
2025-08-27T14:00:00Z,0,15.05,-3.24611,54.65328,83
2025-08-27T15:00:00Z,0,15.1,-3.24611,54.65328,82
2025-08-27T16:00:00Z,0,15.1,-3.24611,54.65328,82
2025-08-27T17:00:00Z,0,15.0,-3.24611,54.65328,81
2025-08-27T18:00:00Z,0,14.8,-3.24611,54.65328,82
2025-08-27T19:00:00Z,0,14.35,-3.24611,54.65328,84
2025-08-27T20:00:00Z,0,13.75,-3.24611,54.65328,86
2025-08-27T21:00:00Z,0,13.15,-3.24611,54.65328,89
2025-08-27T22:00:00Z,0,12.55,-3.24611,54.65328,92
2025-08-27T23:00:00Z,0,11.9,-3.24611,54.65328,95
2025-08-21T00:00:00Z,0,8.393,-3.23687,54.65517,82
2025-08-21T01:00:00Z,0,7.743,-3.23687,54.65517,87
2025-08-21T02:00:00Z,0,7.343,-3.23687,54.65517,87
2025-08-21T03:00:00Z,0,8.593,-3.23687,54.65517,79
2025-08-21T04:00:00Z,0,8.043,-3.23687,54.65517,82
2025-08-21T05:00:00Z,0,7.693,-3.23687,54.65517,82
2025-08-21T06:00:00Z,0,9.293,-3.23687,54.65517,80
2025-08-21T07:00:00Z,0,9.793,-3.23687,54.65517,76
2025-08-21T08:00:00Z,0,9.843,-3.23687,54.65517,77
2025-08-21T09:00:00Z,0,10.043,-3.23687,54.65517,79
2025-08-21T10:00:00Z,0,10.193,-3.23687,54.65517,79
2025-08-21T11:00:00Z,0,10.443,-3.23687,54.65517,78
2025-08-21T12:00:00Z,0,11.043,-3.23687,54.65517,75
2025-08-21T13:00:00Z,0,12.593,-3.23687,54.65517,72
2025-08-21T14:00:00Z,0,13.743,-3.23687,54.65517,70
2025-08-21T15:00:00Z,0,13.693,-3.23687,54.65517,71
2025-08-21T16:00:00Z,0,13.443,-3.23687,54.65517,74
2025-08-21T17:00:00Z,0,13.293,-3.23687,54.65517,76
2025-08-21T18:00:00Z,0,13.093,-3.23687,54.65517,79
2025-08-21T19:00:00Z,0,12.693,-3.23687,54.65517,81
2025-08-21T20:00:00Z,0,11.943,-3.23687,54.65517,86
2025-08-21T21:00:00Z,0,11.793,-3.23687,54.65517,86
2025-08-21T22:00:00Z,0,11.243,-3.23687,54.65517,89
2025-08-21T23:00:00Z,0,11.443,-3.23687,54.65517,90
2025-08-22T00:00:00Z,0,11.293,-3.23687,54.65517,90
2025-08-22T01:00:00Z,0,11.693,-3.23687,54.65517,88
2025-08-22T02:00:00Z,0,12.143,-3.23687,54.65517,87
2025-08-22T03:00:00Z,0,12.193,-3.23687,54.65517,88
2025-08-22T04:00:00Z,0,12.093,-3.23687,54.65517,92
2025-08-22T05:00:00Z,0,12.043,-3.23687,54.65517,99
2025-08-22T06:00:00Z,0,11.993,-3.23687,54.65517,98
2025-08-22T07:00:00Z,0,11.743,-3.23687,54.65517,95
2025-08-22T08:00:00Z,0,11.343,-3.23687,54.65517,93
2025-08-22T09:00:00Z,0,11.193,-3.23687,54.65517,94
2025-08-22T10:00:00Z,0,11.493,-3.23687,54.65517,95
2025-08-22T11:00:00Z,0,11.893,-3.23687,54.65517,92
2025-08-22T12:00:00Z,0,13.493,-3.23687,54.65517,86
2025-08-22T13:00:00Z,0,14.893,-3.23687,54.65517,71
2025-08-22T14:00:00Z,0,15.593,-3.23687,54.65517,68
2025-08-22T15:00:00Z,0,15.843,-3.23687,54.65517,69
2025-08-22T16:00:00Z,0,15.993,-3.23687,54.65517,68
2025-08-22T17:00:00Z,0,15.443,-3.23687,54.65517,71
2025-08-22T18:00:00Z,0,14.893,-3.23687,54.65517,77
2025-08-22T19:00:00Z,0,14.343,-3.23687,54.65517,81
2025-08-22T20:00:00Z,0,12.993,-3.23687,54.65517,86
2025-08-22T21:00:00Z,0,11.943,-3.23687,54.65517,85
2025-08-22T22:00:00Z,0,10.893,-3.23687,54.65517,86
2025-08-22T23:00:00Z,0,10.593,-3.23687,54.65517,89
2025-08-23T00:00:00Z,0,10.943,-3.23687,54.65517,89
2025-08-23T01:00:00Z,0,11.293,-3.23687,54.65517,88
2025-08-23T02:00:00Z,0,10.843,-3.23687,54.65517,89
2025-08-23T03:00:00Z,0,10.093,-3.23687,54.65517,91
2025-08-23T04:00:00Z,0,10.143,-3.23687,54.65517,92
2025-08-23T05:00:00Z,0,10.043,-3.23687,54.65517,92
2025-08-23T06:00:00Z,0,10.643,-3.23687,54.65517,90
2025-08-23T07:00:00Z,0,11.893,-3.23687,54.65517,86
2025-08-23T08:00:00Z,0,12.993,-3.23687,54.65517,81
2025-08-23T09:00:00Z,0,14.043,-3.23687,54.65517,77
2025-08-23T10:00:00Z,0,14.743,-3.23687,54.65517,77
2025-08-23T11:00:00Z,0,14.493,-3.23687,54.65517,77
2025-08-23T12:00:00Z,0,14.493,-3.23687,54.65517,78
2025-08-23T13:00:00Z,0,14.543,-3.23687,54.65517,80
2025-08-23T14:00:00Z,0,15.243,-3.23687,54.65517,78
2025-08-23T15:00:00Z,0,15.493,-3.23687,54.65517,79
2025-08-23T16:00:00Z,0,15.243,-3.23687,54.65517,79
2025-08-23T17:00:00Z,0,14.893,-3.23687,54.65517,81
2025-08-23T18:00:00Z,0,14.7,-3.23687,54.65517,84
2025-08-23T19:00:00Z,0,13.95,-3.23687,54.65517,88
2025-08-23T20:00:00Z,0,13.2,-3.23687,54.65517,93
2025-08-23T21:00:00Z,0,12.6,-3.23687,54.65517,95
2025-08-23T22:00:00Z,0,12.35,-3.23687,54.65517,94
2025-08-23T23:00:00Z,0,12.3,-3.23687,54.65517,91
2025-08-24T00:00:00Z,0,12.3,-3.23687,54.65517,89
2025-08-24T01:00:00Z,0,12.35,-3.23687,54.65517,88
2025-08-24T02:00:00Z,0,12.5,-3.23687,54.65517,87
2025-08-24T03:00:00Z,0,12.55,-3.23687,54.65517,87
2025-08-24T04:00:00Z,0,12.35,-3.23687,54.65517,88
2025-08-24T05:00:00Z,0,12.05,-3.23687,54.65517,89
2025-08-24T06:00:00Z,0,12.05,-3.23687,54.65517,89
2025-08-24T07:00:00Z,0,12.6,-3.23687,54.65517,88
2025-08-24T08:00:00Z,0,13.5,-3.23687,54.65517,86
2025-08-24T09:00:00Z,0,14.35,-3.23687,54.65517,84
2025-08-24T10:00:00Z,0,15.2,-3.23687,54.65517,81
2025-08-24T11:00:00Z,0,16.0,-3.23687,54.65517,79
2025-08-24T12:00:00Z,0,16.7,-3.23687,54.65517,76
2025-08-24T13:00:00Z,0,17.2,-3.23687,54.65517,73
2025-08-24T14:00:00Z,0,17.5,-3.23687,54.65517,71
2025-08-24T15:00:00Z,0,17.6,-3.23687,54.65517,70
2025-08-24T16:00:00Z,0,17.5,-3.23687,54.65517,71
2025-08-24T17:00:00Z,0,17.15,-3.23687,54.65517,73
2025-08-24T18:00:00Z,0,16.65,-3.23687,54.65517,76
2025-08-24T19:00:00Z,0,15.75,-3.23687,54.65517,79
2025-08-24T20:00:00Z,0,14.7,-3.23687,54.65517,83
2025-08-24T21:00:00Z,0,13.9,-3.23687,54.65517,85
2025-08-24T22:00:00Z,0,13.7,-3.23687,54.65517,85
2025-08-24T23:00:00Z,0,13.8,-3.23687,54.65517,84
2025-08-25T00:00:00Z,0,13.85,-3.23687,54.65517,83
2025-08-25T01:00:00Z,0,13.6,-3.23687,54.65517,83
2025-08-25T02:00:00Z,0,13.3,-3.23687,54.65517,82
2025-08-25T03:00:00Z,0,13.05,-3.23687,54.65517,82
2025-08-25T04:00:00Z,0,12.8,-3.23687,54.65517,81
2025-08-25T05:00:00Z,0,12.55,-3.23687,54.65517,80
2025-08-25T06:00:00Z,0,12.65,-3.23687,54.65517,79
2025-08-25T07:00:00Z,0,13.3,-3.23687,54.65517,77
2025-08-25T08:00:00Z,0,14.25,-3.23687,54.65517,74
2025-08-25T09:00:00Z,0,15.2,-3.23687,54.65517,72
2025-08-25T10:00:00Z,0,15.95,-3.23687,54.65517,70
2025-08-25T11:00:00Z,0,16.7,-3.23687,54.65517,68
2025-08-25T12:00:00Z,0,17.3,-3.23687,54.65517,66
2025-08-25T13:00:00Z,0,17.9,-3.23687,54.65517,63
2025-08-25T14:00:00Z,0,18.4,-3.23687,54.65517,60
2025-08-25T15:00:00Z,0,18.55,-3.23687,54.65517,59
2025-08-25T16:00:00Z,0,18.15,-3.23687,54.65517,61
2025-08-25T17:00:00Z,0,17.45,-3.23687,54.65517,65
2025-08-25T18:00:00Z,0,16.75,-3.23687,54.65517,67
2025-08-25T19:00:00Z,0,16.1,-3.23687,54.65517,66
2025-08-25T20:00:00Z,0,15.45,-3.23687,54.65517,64
2025-08-25T21:00:00Z,0,15.0,-3.23687,54.65517,63
2025-08-25T22:00:00Z,0,14.85,-3.23687,54.65517,62
2025-08-25T23:00:00Z,0,14.9,-3.23687,54.65517,62
2025-08-26T00:00:00Z,0,14.85,-3.23687,54.65517,63
2025-08-26T01:00:00Z,0,14.65,-3.23687,54.65517,65
2025-08-26T02:00:00Z,0,14.35,-3.23687,54.65517,69
2025-08-26T03:00:00Z,0,14.1,-3.23687,54.65517,71
2025-08-26T04:00:00Z,0,13.75,-3.23687,54.65517,72
2025-08-26T05:00:00Z,0,13.4,-3.23687,54.65517,71
2025-08-26T06:00:00Z,0,13.35,-3.23687,54.65517,71
2025-08-26T07:00:00Z,0,13.75,-3.23687,54.65517,72
2025-08-26T08:00:00Z,0,14.4,-3.23687,54.65517,72
2025-08-26T09:00:00Z,0,15.1,-3.23687,54.65517,73
2025-08-26T10:00:00Z,0,15.7,-3.23687,54.65517,74
2025-08-26T11:00:00Z,0,16.35,-3.23687,54.65517,75
2025-08-26T12:00:00Z,0,16.95,-3.23687,54.65517,75
2025-08-26T13:00:00Z,0,17.75,-3.23687,54.65517,71
2025-08-26T14:00:00Z,0,18.55,-3.23687,54.65517,67
2025-08-26T15:00:00Z,0,18.75,-3.23687,54.65517,66
2025-08-26T16:00:00Z,0,17.95,-3.23687,54.65517,73
2025-08-26T17:00:00Z,0,16.6,-3.23687,54.65517,84
2025-08-26T18:00:00Z,0,15.45,-3.23687,54.65517,93
2025-08-26T19:00:00Z,0,14.75,-3.23687,54.65517,96
2025-08-26T20:00:00Z,0,14.25,-3.23687,54.65517,97
2025-08-26T21:00:00Z,0,13.85,-3.23687,54.65517,97
2025-08-26T22:00:00Z,0,13.6,-3.23687,54.65517,98
2025-08-26T23:00:00Z,0,13.45,-3.23687,54.65517,98
2025-08-27T00:00:00Z,0,13.3,-3.23687,54.65517,98
2025-08-27T01:00:00Z,0,13.05,-3.23687,54.65517,99
2025-08-27T02:00:00Z,0,12.85,-3.23687,54.65517,100
2025-08-27T03:00:00Z,0,12.65,-3.23687,54.65517,100
2025-08-27T04:00:00Z,0,12.55,-3.23687,54.65517,100
2025-08-27T05:00:00Z,0,12.5,-3.23687,54.65517,100
2025-08-27T06:00:00Z,0,12.55,-3.23687,54.65517,99
2025-08-27T07:00:00Z,0,12.8,-3.23687,54.65517,97
2025-08-27T08:00:00Z,0,13.15,-3.23687,54.65517,95
2025-08-27T09:00:00Z,0,13.5,-3.23687,54.65517,92
2025-08-27T10:00:00Z,0,13.9,-3.23687,54.65517,90
2025-08-27T11:00:00Z,0,14.3,-3.23687,54.65517,87
2025-08-27T12:00:00Z,0,14.6,-3.23687,54.65517,85
2025-08-27T13:00:00Z,0,14.8,-3.23687,54.65517,84
2025-08-27T14:00:00Z,0,14.95,-3.23687,54.65517,83
2025-08-27T15:00:00Z,0,15.0,-3.23687,54.65517,82
2025-08-27T16:00:00Z,0,15.0,-3.23687,54.65517,82
2025-08-27T17:00:00Z,0,14.95,-3.23687,54.65517,81
2025-08-27T18:00:00Z,0,14.7,-3.23687,54.65517,82
2025-08-27T19:00:00Z,0,14.25,-3.23687,54.65517,84
2025-08-27T20:00:00Z,0,13.65,-3.23687,54.65517,86
2025-08-27T21:00:00Z,0,13.05,-3.23687,54.65517,89
2025-08-27T22:00:00Z,0,12.45,-3.23687,54.65517,92
2025-08-27T23:00:00Z,0,11.85,-3.23687,54.65517,95
2025-08-21T00:00:00Z,0,6.8145,-3.27289,54.64568,89
2025-08-21T01:00:00Z,0,6.7145,-3.27289,54.64568,90
2025-08-21T02:00:00Z,0,6.6145,-3.27289,54.64568,90
2025-08-21T03:00:00Z,0,7.4144998,-3.27289,54.64568,86
2025-08-21T04:00:00Z,0,7.3145,-3.27289,54.64568,86
2025-08-21T05:00:00Z,0,7.0144997,-3.27289,54.64568,86
2025-08-21T06:00:00Z,0,9.1145,-3.27289,54.64568,78
2025-08-21T07:00:00Z,0,9.6645,-3.27289,54.64568,77
2025-08-21T08:00:00Z,0,9.714499,-3.27289,54.64568,77
2025-08-21T09:00:00Z,0,9.8145,-3.27289,54.64568,78
2025-08-21T10:00:00Z,0,10.0145,-3.27289,54.64568,78
2025-08-21T11:00:00Z,0,10.464499,-3.27289,54.64568,77
2025-08-21T12:00:00Z,0,11.4145,-3.27289,54.64568,73
2025-08-21T13:00:00Z,0,12.7645,-3.27289,54.64568,72
2025-08-21T14:00:00Z,0,13.714499,-3.27289,54.64568,70
2025-08-21T15:00:00Z,0,13.1645,-3.27289,54.64568,74
2025-08-21T16:00:00Z,0,13.3145,-3.27289,54.64568,74
2025-08-21T17:00:00Z,0,13.0645,-3.27289,54.64568,78
2025-08-21T18:00:00Z,0,12.7645,-3.27289,54.64568,80
2025-08-21T19:00:00Z,0,12.2645,-3.27289,54.64568,84
2025-08-21T20:00:00Z,0,11.714499,-3.27289,54.64568,86
2025-08-21T21:00:00Z,0,11.8145,-3.27289,54.64568,85
2025-08-21T22:00:00Z,0,11.464499,-3.27289,54.64568,88
2025-08-21T23:00:00Z,0,11.8145,-3.27289,54.64568,89
2025-08-22T00:00:00Z,0,11.4145,-3.27289,54.64568,90
2025-08-22T01:00:00Z,0,11.964499,-3.27289,54.64568,87
2025-08-22T02:00:00Z,0,11.8645,-3.27289,54.64568,88
2025-08-22T03:00:00Z,0,11.7645,-3.27289,54.64568,90
2025-08-22T04:00:00Z,0,11.6645,-3.27289,54.64568,95
2025-08-22T05:00:00Z,0,11.7645,-3.27289,54.64568,100
2025-08-22T06:00:00Z,0,11.8145,-3.27289,54.64568,99
2025-08-22T07:00:00Z,0,11.6645,-3.27289,54.64568,98
2025-08-22T08:00:00Z,0,11.2645,-3.27289,54.64568,96
2025-08-22T09:00:00Z,0,10.8145,-3.27289,54.64568,96
2025-08-22T10:00:00Z,0,10.6645,-3.27289,54.64568,98
2025-08-22T11:00:00Z,0,11.214499,-3.27289,54.64568,98
2025-08-22T12:00:00Z,0,13.464499,-3.27289,54.64568,87
2025-08-22T13:00:00Z,0,14.5645,-3.27289,54.64568,76
2025-08-22T14:00:00Z,0,15.4145,-3.27289,54.64568,70
2025-08-22T15:00:00Z,0,15.5145,-3.27289,54.64568,73
2025-08-22T16:00:00Z,0,15.5645,-3.27289,54.64568,72
2025-08-22T17:00:00Z,0,14.8645,-3.27289,54.64568,75
2025-08-22T18:00:00Z,0,14.4145,-3.27289,54.64568,79
2025-08-22T19:00:00Z,0,13.8645,-3.27289,54.64568,83
2025-08-22T20:00:00Z,0,12.9145,-3.27289,54.64568,88
2025-08-22T21:00:00Z,0,12.7645,-3.27289,54.64568,84
2025-08-22T22:00:00Z,0,11.464499,-3.27289,54.64568,86
2025-08-22T23:00:00Z,0,10.5645,-3.27289,54.64568,90
2025-08-23T00:00:00Z,0,10.6145,-3.27289,54.64568,92
2025-08-23T01:00:00Z,0,11.0145,-3.27289,54.64568,91
2025-08-23T02:00:00Z,0,10.714499,-3.27289,54.64568,92
2025-08-23T03:00:00Z,0,9.8145,-3.27289,54.64568,94
2025-08-23T04:00:00Z,0,9.714499,-3.27289,54.64568,95
2025-08-23T05:00:00Z,0,9.5645,-3.27289,54.64568,95
2025-08-23T06:00:00Z,0,10.0645,-3.27289,54.64568,94
2025-08-23T07:00:00Z,0,11.6645,-3.27289,54.64568,90
2025-08-23T08:00:00Z,0,13.0645,-3.27289,54.64568,83
2025-08-23T09:00:00Z,0,13.8645,-3.27289,54.64568,79
2025-08-23T10:00:00Z,0,14.3645,-3.27289,54.64568,77
2025-08-23T11:00:00Z,0,14.0145,-3.27289,54.64568,79
2025-08-23T12:00:00Z,0,14.0645,-3.27289,54.64568,80
2025-08-23T13:00:00Z,0,14.3145,-3.27289,54.64568,80
2025-08-23T14:00:00Z,0,14.6645,-3.27289,54.64568,81
2025-08-23T15:00:00Z,0,15.1145,-3.27289,54.64568,80
2025-08-23T16:00:00Z,0,14.7645,-3.27289,54.64568,82
2025-08-23T17:00:00Z,0,14.4145,-3.27289,54.64568,83
2025-08-23T18:00:00Z,0,14.5,-3.27289,54.64568,84
2025-08-23T19:00:00Z,0,13.8,-3.27289,54.64568,88
2025-08-23T20:00:00Z,0,13.0,-3.27289,54.64568,93
2025-08-23T21:00:00Z,0,12.4,-3.27289,54.64568,95
2025-08-23T22:00:00Z,0,12.15,-3.27289,54.64568,94
2025-08-23T23:00:00Z,0,12.1,-3.27289,54.64568,91
2025-08-24T00:00:00Z,0,12.1,-3.27289,54.64568,89
2025-08-24T01:00:00Z,0,12.2,-3.27289,54.64568,88
2025-08-24T02:00:00Z,0,12.3,-3.27289,54.64568,87
2025-08-24T03:00:00Z,0,12.35,-3.27289,54.64568,87
2025-08-24T04:00:00Z,0,12.15,-3.27289,54.64568,88
2025-08-24T05:00:00Z,0,11.85,-3.27289,54.64568,89
2025-08-24T06:00:00Z,0,11.85,-3.27289,54.64568,89
2025-08-24T07:00:00Z,0,12.4,-3.27289,54.64568,88
2025-08-24T08:00:00Z,0,13.3,-3.27289,54.64568,86
2025-08-24T09:00:00Z,0,14.15,-3.27289,54.64568,84
2025-08-24T10:00:00Z,0,15.0,-3.27289,54.64568,81
2025-08-24T11:00:00Z,0,15.85,-3.27289,54.64568,79
2025-08-24T12:00:00Z,0,16.5,-3.27289,54.64568,76
2025-08-24T13:00:00Z,0,17.0,-3.27289,54.64568,73
2025-08-24T14:00:00Z,0,17.3,-3.27289,54.64568,71
2025-08-24T15:00:00Z,0,17.4,-3.27289,54.64568,70
2025-08-24T16:00:00Z,0,17.3,-3.27289,54.64568,71
2025-08-24T17:00:00Z,0,17.0,-3.27289,54.64568,73
2025-08-24T18:00:00Z,0,16.45,-3.27289,54.64568,76
2025-08-24T19:00:00Z,0,15.6,-3.27289,54.64568,79
2025-08-24T20:00:00Z,0,14.5,-3.27289,54.64568,83
2025-08-24T21:00:00Z,0,13.7,-3.27289,54.64568,85
2025-08-24T22:00:00Z,0,13.5,-3.27289,54.64568,85
2025-08-24T23:00:00Z,0,13.65,-3.27289,54.64568,84
2025-08-25T00:00:00Z,0,13.65,-3.27289,54.64568,83
2025-08-25T01:00:00Z,0,13.45,-3.27289,54.64568,83
2025-08-25T02:00:00Z,0,13.15,-3.27289,54.64568,82
2025-08-25T03:00:00Z,0,12.85,-3.27289,54.64568,82
2025-08-25T04:00:00Z,0,12.6,-3.27289,54.64568,81
2025-08-25T05:00:00Z,0,12.35,-3.27289,54.64568,80
2025-08-25T06:00:00Z,0,12.45,-3.27289,54.64568,79
2025-08-25T07:00:00Z,0,13.1,-3.27289,54.64568,77
2025-08-25T08:00:00Z,0,14.1,-3.27289,54.64568,74
2025-08-25T09:00:00Z,0,15.0,-3.27289,54.64568,72
2025-08-25T10:00:00Z,0,15.8,-3.27289,54.64568,70
2025-08-25T11:00:00Z,0,16.5,-3.27289,54.64568,68
2025-08-25T12:00:00Z,0,17.1,-3.27289,54.64568,66
2025-08-25T13:00:00Z,0,17.7,-3.27289,54.64568,63
2025-08-25T14:00:00Z,0,18.2,-3.27289,54.64568,60
2025-08-25T15:00:00Z,0,18.35,-3.27289,54.64568,59
2025-08-25T16:00:00Z,0,18.0,-3.27289,54.64568,61
2025-08-25T17:00:00Z,0,17.25,-3.27289,54.64568,65
2025-08-25T18:00:00Z,0,16.55,-3.27289,54.64568,67
2025-08-25T19:00:00Z,0,15.9,-3.27289,54.64568,66
2025-08-25T20:00:00Z,0,15.25,-3.27289,54.64568,64
2025-08-25T21:00:00Z,0,14.8,-3.27289,54.64568,63
2025-08-25T22:00:00Z,0,14.65,-3.27289,54.64568,62
2025-08-25T23:00:00Z,0,14.7,-3.27289,54.64568,62
2025-08-26T00:00:00Z,0,14.65,-3.27289,54.64568,63
2025-08-26T01:00:00Z,0,14.45,-3.27289,54.64568,65
2025-08-26T02:00:00Z,0,14.2,-3.27289,54.64568,69
2025-08-26T03:00:00Z,0,13.9,-3.27289,54.64568,71
2025-08-26T04:00:00Z,0,13.55,-3.27289,54.64568,72
2025-08-26T05:00:00Z,0,13.25,-3.27289,54.64568,71
2025-08-26T06:00:00Z,0,13.15,-3.27289,54.64568,71
2025-08-26T07:00:00Z,0,13.55,-3.27289,54.64568,72
2025-08-26T08:00:00Z,0,14.25,-3.27289,54.64568,72
2025-08-26T09:00:00Z,0,14.9,-3.27289,54.64568,73
2025-08-26T10:00:00Z,0,15.5,-3.27289,54.64568,74
2025-08-26T11:00:00Z,0,16.15,-3.27289,54.64568,75
2025-08-26T12:00:00Z,0,16.75,-3.27289,54.64568,75
2025-08-26T13:00:00Z,0,17.55,-3.27289,54.64568,71
2025-08-26T14:00:00Z,0,18.35,-3.27289,54.64568,67
2025-08-26T15:00:00Z,0,18.55,-3.27289,54.64568,66
2025-08-26T16:00:00Z,0,17.8,-3.27289,54.64568,73
2025-08-26T17:00:00Z,0,16.4,-3.27289,54.64568,84
2025-08-26T18:00:00Z,0,15.25,-3.27289,54.64568,93
2025-08-26T19:00:00Z,0,14.55,-3.27289,54.64568,96
2025-08-26T20:00:00Z,0,14.05,-3.27289,54.64568,97
2025-08-26T21:00:00Z,0,13.65,-3.27289,54.64568,97
2025-08-26T22:00:00Z,0,13.4,-3.27289,54.64568,98
2025-08-26T23:00:00Z,0,13.25,-3.27289,54.64568,98
2025-08-27T00:00:00Z,0,13.1,-3.27289,54.64568,98
2025-08-27T01:00:00Z,0,12.9,-3.27289,54.64568,99
2025-08-27T02:00:00Z,0,12.65,-3.27289,54.64568,100
2025-08-27T03:00:00Z,0,12.45,-3.27289,54.64568,100
2025-08-27T04:00:00Z,0,12.35,-3.27289,54.64568,100
2025-08-27T05:00:00Z,0,12.3,-3.27289,54.64568,100
2025-08-27T06:00:00Z,0,12.35,-3.27289,54.64568,99
2025-08-27T07:00:00Z,0,12.6,-3.27289,54.64568,97
2025-08-27T08:00:00Z,0,12.95,-3.27289,54.64568,95
2025-08-27T09:00:00Z,0,13.3,-3.27289,54.64568,92
2025-08-27T10:00:00Z,0,13.7,-3.27289,54.64568,90
2025-08-27T11:00:00Z,0,14.1,-3.27289,54.64568,87
2025-08-27T12:00:00Z,0,14.4,-3.27289,54.64568,85
2025-08-27T13:00:00Z,0,14.6,-3.27289,54.64568,84
2025-08-27T14:00:00Z,0,14.75,-3.27289,54.64568,83
2025-08-27T15:00:00Z,0,14.8,-3.27289,54.64568,82
2025-08-27T16:00:00Z,0,14.8,-3.27289,54.64568,82
2025-08-27T17:00:00Z,0,14.75,-3.27289,54.64568,81
2025-08-27T18:00:00Z,0,14.5,-3.27289,54.64568,82
2025-08-27T19:00:00Z,0,14.05,-3.27289,54.64568,84
2025-08-27T20:00:00Z,0,13.45,-3.27289,54.64568,86
2025-08-27T21:00:00Z,0,12.85,-3.27289,54.64568,89
2025-08-27T22:00:00Z,0,12.25,-3.27289,54.64568,92
2025-08-27T23:00:00Z,0,11.65,-3.27289,54.64568,95
2025-08-21T00:00:00Z,0,7.3695,-3.25975,54.64325,87
2025-08-21T01:00:00Z,0,6.9195004,-3.25975,54.64325,89
2025-08-21T02:00:00Z,0,6.7695003,-3.25975,54.64325,88
2025-08-21T03:00:00Z,0,7.7195005,-3.25975,54.64325,84
2025-08-21T04:00:00Z,0,7.1695004,-3.25975,54.64325,86
2025-08-21T05:00:00Z,0,7.4195004,-3.25975,54.64325,84
2025-08-21T06:00:00Z,0,9.3195,-3.25975,54.64325,77
2025-08-21T07:00:00Z,0,9.719501,-3.25975,54.64325,75
2025-08-21T08:00:00Z,0,9.8695,-3.25975,54.64325,77
2025-08-21T09:00:00Z,0,10.1195,-3.25975,54.64325,76
2025-08-21T10:00:00Z,0,10.4195,-3.25975,54.64325,75
2025-08-21T11:00:00Z,0,10.8695,-3.25975,54.64325,74
2025-08-21T12:00:00Z,0,11.7695,-3.25975,54.64325,71
2025-08-21T13:00:00Z,0,13.219501,-3.25975,54.64325,69
2025-08-21T14:00:00Z,0,14.3195,-3.25975,54.64325,67
2025-08-21T15:00:00Z,0,13.8695,-3.25975,54.64325,70
2025-08-21T16:00:00Z,0,13.969501,-3.25975,54.64325,72
2025-08-21T17:00:00Z,0,13.7695,-3.25975,54.64325,74
2025-08-21T18:00:00Z,0,13.469501,-3.25975,54.64325,76
2025-08-21T19:00:00Z,0,13.0195,-3.25975,54.64325,79
2025-08-21T20:00:00Z,0,12.3695,-3.25975,54.64325,82
2025-08-21T21:00:00Z,0,12.3695,-3.25975,54.64325,81
2025-08-21T22:00:00Z,0,12.0195,-3.25975,54.64325,84
2025-08-21T23:00:00Z,0,12.219501,-3.25975,54.64325,87
2025-08-22T00:00:00Z,0,11.8195,-3.25975,54.64325,87
2025-08-22T01:00:00Z,0,12.469501,-3.25975,54.64325,85
2025-08-22T02:00:00Z,0,12.4195,-3.25975,54.64325,85
2025-08-22T03:00:00Z,0,12.3195,-3.25975,54.64325,86
2025-08-22T04:00:00Z,0,12.219501,-3.25975,54.64325,92
2025-08-22T05:00:00Z,0,12.2695,-3.25975,54.64325,97
2025-08-22T06:00:00Z,0,12.2695,-3.25975,54.64325,96
2025-08-22T07:00:00Z,0,12.1195,-3.25975,54.64325,95
2025-08-22T08:00:00Z,0,11.6195,-3.25975,54.64325,92
2025-08-22T09:00:00Z,0,11.3695,-3.25975,54.64325,92
2025-08-22T10:00:00Z,0,11.4195,-3.25975,54.64325,92
2025-08-22T11:00:00Z,0,12.1195,-3.25975,54.64325,92
2025-08-22T12:00:00Z,0,14.1195,-3.25975,54.64325,81
2025-08-22T13:00:00Z,0,15.469501,-3.25975,54.64325,69
2025-08-22T14:00:00Z,0,16.0695,-3.25975,54.64325,66
2025-08-22T15:00:00Z,0,16.2195,-3.25975,54.64325,68
2025-08-22T16:00:00Z,0,16.3695,-3.25975,54.64325,67
2025-08-22T17:00:00Z,0,15.669499,-3.25975,54.64325,70
2025-08-22T18:00:00Z,0,15.219501,-3.25975,54.64325,75
2025-08-22T19:00:00Z,0,14.719501,-3.25975,54.64325,78
2025-08-22T20:00:00Z,0,13.8695,-3.25975,54.64325,80
2025-08-22T21:00:00Z,0,13.1695,-3.25975,54.64325,79
2025-08-22T22:00:00Z,0,11.3695,-3.25975,54.64325,86
2025-08-22T23:00:00Z,0,10.7695,-3.25975,54.64325,88
2025-08-23T00:00:00Z,0,10.9195,-3.25975,54.64325,90
2025-08-23T01:00:00Z,0,11.3195,-3.25975,54.64325,88
2025-08-23T02:00:00Z,0,10.969501,-3.25975,54.64325,90
2025-08-23T03:00:00Z,0,10.219501,-3.25975,54.64325,91
2025-08-23T04:00:00Z,0,10.1695,-3.25975,54.64325,93
2025-08-23T05:00:00Z,0,10.0195,-3.25975,54.64325,94
2025-08-23T06:00:00Z,0,10.5195,-3.25975,54.64325,93
2025-08-23T07:00:00Z,0,11.9195,-3.25975,54.64325,88
2025-08-23T08:00:00Z,0,13.3695,-3.25975,54.64325,81
2025-08-23T09:00:00Z,0,14.219501,-3.25975,54.64325,76
2025-08-23T10:00:00Z,0,14.7695,-3.25975,54.64325,74
2025-08-23T11:00:00Z,0,14.5195,-3.25975,54.64325,75
2025-08-23T12:00:00Z,0,14.5695,-3.25975,54.64325,77
2025-08-23T13:00:00Z,0,14.719501,-3.25975,54.64325,78
2025-08-23T14:00:00Z,0,15.1695,-3.25975,54.64325,78
2025-08-23T15:00:00Z,0,15.6195,-3.25975,54.64325,77
2025-08-23T16:00:00Z,0,15.3695,-3.25975,54.64325,78
2025-08-23T17:00:00Z,0,15.1195,-3.25975,54.64325,78
2025-08-23T18:00:00Z,0,14.85,-3.25975,54.64325,84
2025-08-23T19:00:00Z,0,14.15,-3.25975,54.64325,88
2025-08-23T20:00:00Z,0,13.35,-3.25975,54.64325,93
2025-08-23T21:00:00Z,0,12.75,-3.25975,54.64325,95
2025-08-23T22:00:00Z,0,12.5,-3.25975,54.64325,94
2025-08-23T23:00:00Z,0,12.45,-3.25975,54.64325,91
2025-08-24T00:00:00Z,0,12.45,-3.25975,54.64325,89
2025-08-24T01:00:00Z,0,12.55,-3.25975,54.64325,88
2025-08-24T02:00:00Z,0,12.65,-3.25975,54.64325,87
2025-08-24T03:00:00Z,0,12.7,-3.25975,54.64325,87
2025-08-24T04:00:00Z,0,12.5,-3.25975,54.64325,88
2025-08-24T05:00:00Z,0,12.2,-3.25975,54.64325,89
2025-08-24T06:00:00Z,0,12.2,-3.25975,54.64325,89
2025-08-24T07:00:00Z,0,12.8,-3.25975,54.64325,88
2025-08-24T08:00:00Z,0,13.65,-3.25975,54.64325,86
2025-08-24T09:00:00Z,0,14.5,-3.25975,54.64325,84
2025-08-24T10:00:00Z,0,15.35,-3.25975,54.64325,81
2025-08-24T11:00:00Z,0,16.2,-3.25975,54.64325,79
2025-08-24T12:00:00Z,0,16.85,-3.25975,54.64325,76
2025-08-24T13:00:00Z,0,17.35,-3.25975,54.64325,73
2025-08-24T14:00:00Z,0,17.65,-3.25975,54.64325,71
2025-08-24T15:00:00Z,0,17.75,-3.25975,54.64325,70
2025-08-24T16:00:00Z,0,17.65,-3.25975,54.64325,71
2025-08-24T17:00:00Z,0,17.35,-3.25975,54.64325,73
2025-08-24T18:00:00Z,0,16.8,-3.25975,54.64325,76
2025-08-24T19:00:00Z,0,15.95,-3.25975,54.64325,79
2025-08-24T20:00:00Z,0,14.85,-3.25975,54.64325,83
2025-08-24T21:00:00Z,0,14.05,-3.25975,54.64325,85
2025-08-24T22:00:00Z,0,13.9,-3.25975,54.64325,85
2025-08-24T23:00:00Z,0,14.0,-3.25975,54.64325,84
2025-08-25T00:00:00Z,0,14.0,-3.25975,54.64325,83
2025-08-25T01:00:00Z,0,13.8,-3.25975,54.64325,83
2025-08-25T02:00:00Z,0,13.5,-3.25975,54.64325,82
2025-08-25T03:00:00Z,0,13.2,-3.25975,54.64325,82
2025-08-25T04:00:00Z,0,12.95,-3.25975,54.64325,81
2025-08-25T05:00:00Z,0,12.7,-3.25975,54.64325,80
2025-08-25T06:00:00Z,0,12.8,-3.25975,54.64325,79
2025-08-25T07:00:00Z,0,13.45,-3.25975,54.64325,77
2025-08-25T08:00:00Z,0,14.45,-3.25975,54.64325,74
2025-08-25T09:00:00Z,0,15.35,-3.25975,54.64325,72
2025-08-25T10:00:00Z,0,16.15,-3.25975,54.64325,70
2025-08-25T11:00:00Z,0,16.85,-3.25975,54.64325,68
2025-08-25T12:00:00Z,0,17.45,-3.25975,54.64325,66
2025-08-25T13:00:00Z,0,18.05,-3.25975,54.64325,63
2025-08-25T14:00:00Z,0,18.55,-3.25975,54.64325,60
2025-08-25T15:00:00Z,0,18.7,-3.25975,54.64325,59
2025-08-25T16:00:00Z,0,18.35,-3.25975,54.64325,61
2025-08-25T17:00:00Z,0,17.65,-3.25975,54.64325,65
2025-08-25T18:00:00Z,0,16.9,-3.25975,54.64325,67
2025-08-25T19:00:00Z,0,16.25,-3.25975,54.64325,66
2025-08-25T20:00:00Z,0,15.65,-3.25975,54.64325,64
2025-08-25T21:00:00Z,0,15.15,-3.25975,54.64325,63
2025-08-25T22:00:00Z,0,15.0,-3.25975,54.64325,62
2025-08-25T23:00:00Z,0,15.05,-3.25975,54.64325,62
2025-08-26T00:00:00Z,0,15.0,-3.25975,54.64325,63
2025-08-26T01:00:00Z,0,14.8,-3.25975,54.64325,65
2025-08-26T02:00:00Z,0,14.55,-3.25975,54.64325,69
2025-08-26T03:00:00Z,0,14.25,-3.25975,54.64325,71
2025-08-26T04:00:00Z,0,13.95,-3.25975,54.64325,72
2025-08-26T05:00:00Z,0,13.6,-3.25975,54.64325,71
2025-08-26T06:00:00Z,0,13.5,-3.25975,54.64325,71
2025-08-26T07:00:00Z,0,13.9,-3.25975,54.64325,72
2025-08-26T08:00:00Z,0,14.6,-3.25975,54.64325,72
2025-08-26T09:00:00Z,0,15.25,-3.25975,54.64325,73
2025-08-26T10:00:00Z,0,15.9,-3.25975,54.64325,74
2025-08-26T11:00:00Z,0,16.5,-3.25975,54.64325,75
2025-08-26T12:00:00Z,0,17.1,-3.25975,54.64325,75
2025-08-26T13:00:00Z,0,17.9,-3.25975,54.64325,71
2025-08-26T14:00:00Z,0,18.7,-3.25975,54.64325,67
2025-08-26T15:00:00Z,0,18.9,-3.25975,54.64325,66
2025-08-26T16:00:00Z,0,18.15,-3.25975,54.64325,73
2025-08-26T17:00:00Z,0,16.8,-3.25975,54.64325,84
2025-08-26T18:00:00Z,0,15.6,-3.25975,54.64325,93
2025-08-26T19:00:00Z,0,14.9,-3.25975,54.64325,96
2025-08-26T20:00:00Z,0,14.4,-3.25975,54.64325,97
2025-08-26T21:00:00Z,0,14.0,-3.25975,54.64325,97
2025-08-26T22:00:00Z,0,13.75,-3.25975,54.64325,98
2025-08-26T23:00:00Z,0,13.6,-3.25975,54.64325,98
2025-08-27T00:00:00Z,0,13.45,-3.25975,54.64325,98
2025-08-27T01:00:00Z,0,13.25,-3.25975,54.64325,99
2025-08-27T02:00:00Z,0,13.0,-3.25975,54.64325,100
2025-08-27T03:00:00Z,0,12.8,-3.25975,54.64325,100
2025-08-27T04:00:00Z,0,12.7,-3.25975,54.64325,100
2025-08-27T05:00:00Z,0,12.65,-3.25975,54.64325,100
2025-08-27T06:00:00Z,0,12.7,-3.25975,54.64325,99
2025-08-27T07:00:00Z,0,12.95,-3.25975,54.64325,97
2025-08-27T08:00:00Z,0,13.3,-3.25975,54.64325,95
2025-08-27T09:00:00Z,0,13.65,-3.25975,54.64325,92
2025-08-27T10:00:00Z,0,14.05,-3.25975,54.64325,90
2025-08-27T11:00:00Z,0,14.45,-3.25975,54.64325,87
2025-08-27T12:00:00Z,0,14.75,-3.25975,54.64325,85
2025-08-27T13:00:00Z,0,15.0,-3.25975,54.64325,84
2025-08-27T14:00:00Z,0,15.1,-3.25975,54.64325,83
2025-08-27T15:00:00Z,0,15.15,-3.25975,54.64325,82
2025-08-27T16:00:00Z,0,15.15,-3.25975,54.64325,82
2025-08-27T17:00:00Z,0,15.1,-3.25975,54.64325,81
2025-08-27T18:00:00Z,0,14.85,-3.25975,54.64325,82
2025-08-27T19:00:00Z,0,14.4,-3.25975,54.64325,84
2025-08-27T20:00:00Z,0,13.8,-3.25975,54.64325,86
2025-08-27T21:00:00Z,0,13.2,-3.25975,54.64325,89
2025-08-27T22:00:00Z,0,12.6,-3.25975,54.64325,92
2025-08-27T23:00:00Z,0,12.0,-3.25975,54.64325,95
2025-08-21T00:00:00Z,0,8.6205,-3.17878,54.66292,82
2025-08-21T01:00:00Z,0,7.9705,-3.17878,54.66292,87
2025-08-21T02:00:00Z,0,7.5705,-3.17878,54.66292,87
2025-08-21T03:00:00Z,0,8.8205,-3.17878,54.66292,79
2025-08-21T04:00:00Z,0,8.2705,-3.17878,54.66292,82
2025-08-21T05:00:00Z,0,7.9205,-3.17878,54.66292,82
2025-08-21T06:00:00Z,0,9.5205,-3.17878,54.66292,80
2025-08-21T07:00:00Z,0,10.0205,-3.17878,54.66292,76
2025-08-21T08:00:00Z,0,10.0705,-3.17878,54.66292,77
2025-08-21T09:00:00Z,0,10.2705,-3.17878,54.66292,79
2025-08-21T10:00:00Z,0,10.4205,-3.17878,54.66292,79
2025-08-21T11:00:00Z,0,10.6705,-3.17878,54.66292,78
2025-08-21T12:00:00Z,0,11.2705,-3.17878,54.66292,75
2025-08-21T13:00:00Z,0,12.8205,-3.17878,54.66292,72
2025-08-21T14:00:00Z,0,13.9705,-3.17878,54.66292,70
2025-08-21T15:00:00Z,0,13.9205,-3.17878,54.66292,71
2025-08-21T16:00:00Z,0,13.6705,-3.17878,54.66292,74
2025-08-21T17:00:00Z,0,13.5205,-3.17878,54.66292,76
2025-08-21T18:00:00Z,0,13.3205,-3.17878,54.66292,79
2025-08-21T19:00:00Z,0,12.9205,-3.17878,54.66292,81
2025-08-21T20:00:00Z,0,12.1705,-3.17878,54.66292,86
2025-08-21T21:00:00Z,0,12.0205,-3.17878,54.66292,86
2025-08-21T22:00:00Z,0,11.4705,-3.17878,54.66292,89
2025-08-21T23:00:00Z,0,11.6705,-3.17878,54.66292,90
2025-08-22T00:00:00Z,0,11.5205,-3.17878,54.66292,90
2025-08-22T01:00:00Z,0,11.9205,-3.17878,54.66292,88
2025-08-22T02:00:00Z,0,12.3705,-3.17878,54.66292,87
2025-08-22T03:00:00Z,0,12.4205,-3.17878,54.66292,88
2025-08-22T04:00:00Z,0,12.3205,-3.17878,54.66292,92
2025-08-22T05:00:00Z,0,12.2705,-3.17878,54.66292,99
2025-08-22T06:00:00Z,0,12.2205,-3.17878,54.66292,98
2025-08-22T07:00:00Z,0,11.9705,-3.17878,54.66292,95
2025-08-22T08:00:00Z,0,11.5705,-3.17878,54.66292,93
2025-08-22T09:00:00Z,0,11.4205,-3.17878,54.66292,94
2025-08-22T10:00:00Z,0,11.7205,-3.17878,54.66292,95
2025-08-22T11:00:00Z,0,12.1205,-3.17878,54.66292,92
2025-08-22T12:00:00Z,0,13.7205,-3.17878,54.66292,86
2025-08-22T13:00:00Z,0,15.1205,-3.17878,54.66292,71
2025-08-22T14:00:00Z,0,15.8205,-3.17878,54.66292,68
2025-08-22T15:00:00Z,0,16.0705,-3.17878,54.66292,69
2025-08-22T16:00:00Z,0,16.2205,-3.17878,54.66292,68
2025-08-22T17:00:00Z,0,15.6705,-3.17878,54.66292,71
2025-08-22T18:00:00Z,0,15.1205,-3.17878,54.66292,77
2025-08-22T19:00:00Z,0,14.5705,-3.17878,54.66292,81
2025-08-22T20:00:00Z,0,13.2205,-3.17878,54.66292,86
2025-08-22T21:00:00Z,0,12.1705,-3.17878,54.66292,85
2025-08-22T22:00:00Z,0,11.1205,-3.17878,54.66292,86
2025-08-22T23:00:00Z,0,10.8205,-3.17878,54.66292,89
2025-08-23T00:00:00Z,0,11.1705,-3.17878,54.66292,89
2025-08-23T01:00:00Z,0,11.5205,-3.17878,54.66292,88
2025-08-23T02:00:00Z,0,11.0705,-3.17878,54.66292,89
2025-08-23T03:00:00Z,0,10.3205,-3.17878,54.66292,91
2025-08-23T04:00:00Z,0,10.3705,-3.17878,54.66292,92
2025-08-23T05:00:00Z,0,10.2705,-3.17878,54.66292,92
2025-08-23T06:00:00Z,0,10.8705,-3.17878,54.66292,90
2025-08-23T07:00:00Z,0,12.1205,-3.17878,54.66292,86
2025-08-23T08:00:00Z,0,13.2205,-3.17878,54.66292,81
2025-08-23T09:00:00Z,0,14.2705,-3.17878,54.66292,77
2025-08-23T10:00:00Z,0,14.9705,-3.17878,54.66292,77
2025-08-23T11:00:00Z,0,14.7205,-3.17878,54.66292,77
2025-08-23T12:00:00Z,0,14.7205,-3.17878,54.66292,78
2025-08-23T13:00:00Z,0,14.7705,-3.17878,54.66292,80
2025-08-23T14:00:00Z,0,15.4705,-3.17878,54.66292,78
2025-08-23T15:00:00Z,0,15.7205,-3.17878,54.66292,79
2025-08-23T16:00:00Z,0,15.4705,-3.17878,54.66292,79
2025-08-23T17:00:00Z,0,15.1205,-3.17878,54.66292,81
2025-08-23T18:00:00Z,0,14.95,-3.17878,54.66292,84
2025-08-23T19:00:00Z,0,14.2,-3.17878,54.66292,88
2025-08-23T20:00:00Z,0,13.4,-3.17878,54.66292,93
2025-08-23T21:00:00Z,0,12.85,-3.17878,54.66292,95
2025-08-23T22:00:00Z,0,12.55,-3.17878,54.66292,94
2025-08-23T23:00:00Z,0,12.5,-3.17878,54.66292,91
2025-08-24T00:00:00Z,0,12.55,-3.17878,54.66292,89
2025-08-24T01:00:00Z,0,12.6,-3.17878,54.66292,88
2025-08-24T02:00:00Z,0,12.75,-3.17878,54.66292,87
2025-08-24T03:00:00Z,0,12.8,-3.17878,54.66292,87
2025-08-24T04:00:00Z,0,12.55,-3.17878,54.66292,88
2025-08-24T05:00:00Z,0,12.25,-3.17878,54.66292,89
2025-08-24T06:00:00Z,0,12.3,-3.17878,54.66292,89
2025-08-24T07:00:00Z,0,12.85,-3.17878,54.66292,88
2025-08-24T08:00:00Z,0,13.7,-3.17878,54.66292,86
2025-08-24T09:00:00Z,0,14.6,-3.17878,54.66292,84
2025-08-24T10:00:00Z,0,15.4,-3.17878,54.66292,81
2025-08-24T11:00:00Z,0,16.25,-3.17878,54.66292,79
2025-08-24T12:00:00Z,0,16.95,-3.17878,54.66292,76
2025-08-24T13:00:00Z,0,17.4,-3.17878,54.66292,73
2025-08-24T14:00:00Z,0,17.7,-3.17878,54.66292,71
2025-08-24T15:00:00Z,0,17.85,-3.17878,54.66292,70
2025-08-24T16:00:00Z,0,17.7,-3.17878,54.66292,71
2025-08-24T17:00:00Z,0,17.4,-3.17878,54.66292,73
2025-08-24T18:00:00Z,0,16.9,-3.17878,54.66292,76
2025-08-24T19:00:00Z,0,16.0,-3.17878,54.66292,79
2025-08-24T20:00:00Z,0,14.9,-3.17878,54.66292,83
2025-08-24T21:00:00Z,0,14.15,-3.17878,54.66292,85
2025-08-24T22:00:00Z,0,13.95,-3.17878,54.66292,85
2025-08-24T23:00:00Z,0,14.05,-3.17878,54.66292,84
2025-08-25T00:00:00Z,0,14.1,-3.17878,54.66292,83
2025-08-25T01:00:00Z,0,13.85,-3.17878,54.66292,83
2025-08-25T02:00:00Z,0,13.55,-3.17878,54.66292,82
2025-08-25T03:00:00Z,0,13.3,-3.17878,54.66292,82
2025-08-25T04:00:00Z,0,13.0,-3.17878,54.66292,81
2025-08-25T05:00:00Z,0,12.8,-3.17878,54.66292,80
2025-08-25T06:00:00Z,0,12.9,-3.17878,54.66292,79
2025-08-25T07:00:00Z,0,13.55,-3.17878,54.66292,77
2025-08-25T08:00:00Z,0,14.5,-3.17878,54.66292,74
2025-08-25T09:00:00Z,0,15.45,-3.17878,54.66292,72
2025-08-25T10:00:00Z,0,16.2,-3.17878,54.66292,70
2025-08-25T11:00:00Z,0,16.9,-3.17878,54.66292,68
2025-08-25T12:00:00Z,0,17.55,-3.17878,54.66292,66
2025-08-25T13:00:00Z,0,18.1,-3.17878,54.66292,63
2025-08-25T14:00:00Z,0,18.6,-3.17878,54.66292,60
2025-08-25T15:00:00Z,0,18.8,-3.17878,54.66292,59
2025-08-25T16:00:00Z,0,18.4,-3.17878,54.66292,61
2025-08-25T17:00:00Z,0,17.7,-3.17878,54.66292,65
2025-08-25T18:00:00Z,0,17.0,-3.17878,54.66292,67
2025-08-25T19:00:00Z,0,16.35,-3.17878,54.66292,66
2025-08-25T20:00:00Z,0,15.7,-3.17878,54.66292,64
2025-08-25T21:00:00Z,0,15.25,-3.17878,54.66292,63
2025-08-25T22:00:00Z,0,15.1,-3.17878,54.66292,62
2025-08-25T23:00:00Z,0,15.1,-3.17878,54.66292,62
2025-08-26T00:00:00Z,0,15.1,-3.17878,54.66292,63
2025-08-26T01:00:00Z,0,14.85,-3.17878,54.66292,65
2025-08-26T02:00:00Z,0,14.6,-3.17878,54.66292,69
2025-08-26T03:00:00Z,0,14.35,-3.17878,54.66292,71
2025-08-26T04:00:00Z,0,14.0,-3.17878,54.66292,72
2025-08-26T05:00:00Z,0,13.65,-3.17878,54.66292,71
2025-08-26T06:00:00Z,0,13.6,-3.17878,54.66292,71
2025-08-26T07:00:00Z,0,13.95,-3.17878,54.66292,72
2025-08-26T08:00:00Z,0,14.65,-3.17878,54.66292,72
2025-08-26T09:00:00Z,0,15.35,-3.17878,54.66292,73
2025-08-26T10:00:00Z,0,15.95,-3.17878,54.66292,74
2025-08-26T11:00:00Z,0,16.55,-3.17878,54.66292,75
2025-08-26T12:00:00Z,0,17.2,-3.17878,54.66292,75
2025-08-26T13:00:00Z,0,17.95,-3.17878,54.66292,71
2025-08-26T14:00:00Z,0,18.75,-3.17878,54.66292,67
2025-08-26T15:00:00Z,0,19.0,-3.17878,54.66292,66
2025-08-26T16:00:00Z,0,18.2,-3.17878,54.66292,73
2025-08-26T17:00:00Z,0,16.85,-3.17878,54.66292,84
2025-08-26T18:00:00Z,0,15.7,-3.17878,54.66292,93
2025-08-26T19:00:00Z,0,15.0,-3.17878,54.66292,96
2025-08-26T20:00:00Z,0,14.45,-3.17878,54.66292,97
2025-08-26T21:00:00Z,0,14.1,-3.17878,54.66292,97
2025-08-26T22:00:00Z,0,13.8,-3.17878,54.66292,98
2025-08-26T23:00:00Z,0,13.7,-3.17878,54.66292,98
2025-08-27T00:00:00Z,0,13.55,-3.17878,54.66292,98
2025-08-27T01:00:00Z,0,13.3,-3.17878,54.66292,99
2025-08-27T02:00:00Z,0,13.05,-3.17878,54.66292,100
2025-08-27T03:00:00Z,0,12.9,-3.17878,54.66292,100
2025-08-27T04:00:00Z,0,12.75,-3.17878,54.66292,100
2025-08-27T05:00:00Z,0,12.7,-3.17878,54.66292,100
2025-08-27T06:00:00Z,0,12.8,-3.17878,54.66292,99
2025-08-27T07:00:00Z,0,13.0,-3.17878,54.66292,97
2025-08-27T08:00:00Z,0,13.35,-3.17878,54.66292,95
2025-08-27T09:00:00Z,0,13.75,-3.17878,54.66292,92
2025-08-27T10:00:00Z,0,14.1,-3.17878,54.66292,90
2025-08-27T11:00:00Z,0,14.5,-3.17878,54.66292,87
2025-08-27T12:00:00Z,0,14.85,-3.17878,54.66292,85
2025-08-27T13:00:00Z,0,15.05,-3.17878,54.66292,84
2025-08-27T14:00:00Z,0,15.15,-3.17878,54.66292,83
2025-08-27T15:00:00Z,0,15.25,-3.17878,54.66292,82
2025-08-27T16:00:00Z,0,15.25,-3.17878,54.66292,82
2025-08-27T17:00:00Z,0,15.15,-3.17878,54.66292,81
2025-08-27T18:00:00Z,0,14.95,-3.17878,54.66292,82
2025-08-27T19:00:00Z,0,14.5,-3.17878,54.66292,84
2025-08-27T20:00:00Z,0,13.9,-3.17878,54.66292,86
2025-08-27T21:00:00Z,0,13.3,-3.17878,54.66292,89
2025-08-27T22:00:00Z,0,12.65,-3.17878,54.66292,92
2025-08-27T23:00:00Z,0,12.05,-3.17878,54.66292,95
2025-08-21T00:00:00Z,0,8.304501,-3.2161,54.6416,86
2025-08-21T01:00:00Z,0,7.9545,-3.2161,54.6416,87
2025-08-21T02:00:00Z,0,7.7045,-3.2161,54.6416,89
2025-08-21T03:00:00Z,0,8.4545,-3.2161,54.6416,87
2025-08-21T04:00:00Z,0,8.0045,-3.2161,54.6416,89
2025-08-21T05:00:00Z,0,9.054501,-3.2161,54.6416,88
2025-08-21T06:00:00Z,0,10.3545,-3.2161,54.6416,82
2025-08-21T07:00:00Z,0,10.9045,-3.2161,54.6416,77
2025-08-21T08:00:00Z,0,11.304501,-3.2161,54.6416,75
2025-08-21T09:00:00Z,0,11.6545,-3.2161,54.6416,75
2025-08-21T10:00:00Z,0,11.9045,-3.2161,54.6416,74
2025-08-21T11:00:00Z,0,12.1545,-3.2161,54.6416,74
2025-08-21T12:00:00Z,0,12.9045,-3.2161,54.6416,71
2025-08-21T13:00:00Z,0,14.1045,-3.2161,54.6416,66
2025-08-21T14:00:00Z,0,15.4045,-3.2161,54.6416,65
2025-08-21T15:00:00Z,0,15.4045,-3.2161,54.6416,67
2025-08-21T16:00:00Z,0,15.4045,-3.2161,54.6416,69
2025-08-21T17:00:00Z,0,15.304501,-3.2161,54.6416,71
2025-08-21T18:00:00Z,0,15.054501,-3.2161,54.6416,73
2025-08-21T19:00:00Z,0,14.6545,-3.2161,54.6416,76
2025-08-21T20:00:00Z,0,14.054501,-3.2161,54.6416,79
2025-08-21T21:00:00Z,0,13.804501,-3.2161,54.6416,80
2025-08-21T22:00:00Z,0,13.6545,-3.2161,54.6416,81
2025-08-21T23:00:00Z,0,13.6545,-3.2161,54.6416,85
2025-08-22T00:00:00Z,0,13.5045,-3.2161,54.6416,86
2025-08-22T01:00:00Z,0,13.9045,-3.2161,54.6416,83
2025-08-22T02:00:00Z,0,14.0045,-3.2161,54.6416,82
2025-08-22T03:00:00Z,0,13.9545,-3.2161,54.6416,84
2025-08-22T04:00:00Z,0,13.7545,-3.2161,54.6416,88
2025-08-22T05:00:00Z,0,13.6045,-3.2161,54.6416,94
2025-08-22T06:00:00Z,0,13.6545,-3.2161,54.6416,93
2025-08-22T07:00:00Z,0,13.554501,-3.2161,54.6416,89
2025-08-22T08:00:00Z,0,13.1545,-3.2161,54.6416,86
2025-08-22T09:00:00Z,0,13.0045,-3.2161,54.6416,86
2025-08-22T10:00:00Z,0,13.2045,-3.2161,54.6416,87
2025-08-22T11:00:00Z,0,14.1045,-3.2161,54.6416,84
2025-08-22T12:00:00Z,0,15.6545,-3.2161,54.6416,78
2025-08-22T13:00:00Z,0,17.154501,-3.2161,54.6416,65
2025-08-22T14:00:00Z,0,17.654501,-3.2161,54.6416,63
2025-08-22T15:00:00Z,0,17.9545,-3.2161,54.6416,64
2025-08-22T16:00:00Z,0,18.1045,-3.2161,54.6416,63
2025-08-22T17:00:00Z,0,17.5045,-3.2161,54.6416,66
2025-08-22T18:00:00Z,0,17.0545,-3.2161,54.6416,72
2025-08-22T19:00:00Z,0,16.5045,-3.2161,54.6416,75
2025-08-22T20:00:00Z,0,15.7045,-3.2161,54.6416,75
2025-08-22T21:00:00Z,0,14.7545,-3.2161,54.6416,75
2025-08-22T22:00:00Z,0,13.304501,-3.2161,54.6416,82
2025-08-22T23:00:00Z,0,12.3545,-3.2161,54.6416,87
2025-08-23T00:00:00Z,0,12.2545,-3.2161,54.6416,90
2025-08-23T01:00:00Z,0,12.304501,-3.2161,54.6416,90
2025-08-23T02:00:00Z,0,11.804501,-3.2161,54.6416,89
2025-08-23T03:00:00Z,0,11.054501,-3.2161,54.6416,92
2025-08-23T04:00:00Z,0,11.0045,-3.2161,54.6416,93
2025-08-23T05:00:00Z,0,10.9045,-3.2161,54.6416,95
2025-08-23T06:00:00Z,0,11.5045,-3.2161,54.6416,93
2025-08-23T07:00:00Z,0,13.1045,-3.2161,54.6416,88
2025-08-23T08:00:00Z,0,14.7045,-3.2161,54.6416,77
2025-08-23T09:00:00Z,0,15.6545,-3.2161,54.6416,73
2025-08-23T10:00:00Z,0,16.2545,-3.2161,54.6416,72
2025-08-23T11:00:00Z,0,16.1045,-3.2161,54.6416,71
2025-08-23T12:00:00Z,0,16.154501,-3.2161,54.6416,74
2025-08-23T13:00:00Z,0,16.2045,-3.2161,54.6416,75
2025-08-23T14:00:00Z,0,16.8045,-3.2161,54.6416,74
2025-08-23T15:00:00Z,0,17.1045,-3.2161,54.6416,73
2025-08-23T16:00:00Z,0,16.9545,-3.2161,54.6416,74
2025-08-23T17:00:00Z,0,16.7545,-3.2161,54.6416,75
2025-08-23T18:00:00Z,0,16.55,-3.2161,54.6416,70
2025-08-23T19:00:00Z,0,15.7,-3.2161,54.6416,76
2025-08-23T20:00:00Z,0,14.6,-3.2161,54.6416,83
2025-08-23T21:00:00Z,0,13.75,-3.2161,54.6416,89
2025-08-23T22:00:00Z,0,13.3,-3.2161,54.6416,91
2025-08-23T23:00:00Z,0,13.1,-3.2161,54.6416,91
2025-08-24T00:00:00Z,0,13.05,-3.2161,54.6416,90
2025-08-24T01:00:00Z,0,13.15,-3.2161,54.6416,89
2025-08-24T02:00:00Z,0,13.4,-3.2161,54.6416,86
2025-08-24T03:00:00Z,0,13.6,-3.2161,54.6416,85
2025-08-24T04:00:00Z,0,13.6,-3.2161,54.6416,85
2025-08-24T05:00:00Z,0,13.6,-3.2161,54.6416,86
2025-08-24T06:00:00Z,0,13.85,-3.2161,54.6416,86
2025-08-24T07:00:00Z,0,14.6,-3.2161,54.6416,84
2025-08-24T08:00:00Z,0,15.65,-3.2161,54.6416,82
2025-08-24T09:00:00Z,0,16.55,-3.2161,54.6416,79
2025-08-24T10:00:00Z,0,17.25,-3.2161,54.6416,76
2025-08-24T11:00:00Z,0,17.8,-3.2161,54.6416,74
2025-08-24T12:00:00Z,0,18.25,-3.2161,54.6416,72
2025-08-24T13:00:00Z,0,18.55,-3.2161,54.6416,71
2025-08-24T14:00:00Z,0,18.75,-3.2161,54.6416,71
2025-08-24T15:00:00Z,0,18.8,-3.2161,54.6416,71
2025-08-24T16:00:00Z,0,18.7,-3.2161,54.6416,72
2025-08-24T17:00:00Z,0,18.45,-3.2161,54.6416,74
2025-08-24T18:00:00Z,0,17.95,-3.2161,54.6416,77
2025-08-24T19:00:00Z,0,17.05,-3.2161,54.6416,82
2025-08-24T20:00:00Z,0,15.9,-3.2161,54.6416,88
2025-08-24T21:00:00Z,0,15.0,-3.2161,54.6416,92
2025-08-24T22:00:00Z,0,14.5,-3.2161,54.6416,92
2025-08-24T23:00:00Z,0,14.2,-3.2161,54.6416,90
2025-08-25T00:00:00Z,0,14.05,-3.2161,54.6416,88
2025-08-25T01:00:00Z,0,14.1,-3.2161,54.6416,87
2025-08-25T02:00:00Z,0,14.3,-3.2161,54.6416,85
2025-08-25T03:00:00Z,0,14.5,-3.2161,54.6416,83
2025-08-25T04:00:00Z,0,14.6,-3.2161,54.6416,81
2025-08-25T05:00:00Z,0,14.7,-3.2161,54.6416,78
2025-08-25T06:00:00Z,0,15.05,-3.2161,54.6416,75
2025-08-25T07:00:00Z,0,15.8,-3.2161,54.6416,73
2025-08-25T08:00:00Z,0,16.75,-3.2161,54.6416,70
2025-08-25T09:00:00Z,0,17.7,-3.2161,54.6416,68
2025-08-25T10:00:00Z,0,18.55,-3.2161,54.6416,65
2025-08-25T11:00:00Z,0,19.3,-3.2161,54.6416,62
2025-08-25T12:00:00Z,0,19.9,-3.2161,54.6416,60
2025-08-25T13:00:00Z,0,20.3,-3.2161,54.6416,59
2025-08-25T14:00:00Z,0,20.5,-3.2161,54.6416,58
2025-08-25T15:00:00Z,0,20.45,-3.2161,54.6416,58
2025-08-25T16:00:00Z,0,20.1,-3.2161,54.6416,60
2025-08-25T17:00:00Z,0,19.55,-3.2161,54.6416,63
2025-08-25T18:00:00Z,0,18.8,-3.2161,54.6416,65
2025-08-25T19:00:00Z,0,17.8,-3.2161,54.6416,66
2025-08-25T20:00:00Z,0,16.65,-3.2161,54.6416,66
2025-08-25T21:00:00Z,0,15.9,-3.2161,54.6416,65
2025-08-25T22:00:00Z,0,15.9,-3.2161,54.6416,63
2025-08-25T23:00:00Z,0,16.3,-3.2161,54.6416,60
2025-08-26T00:00:00Z,0,16.6,-3.2161,54.6416,58
2025-08-26T01:00:00Z,0,16.6,-3.2161,54.6416,59
2025-08-26T02:00:00Z,0,16.55,-3.2161,54.6416,61
2025-08-26T03:00:00Z,0,16.4,-3.2161,54.6416,63
2025-08-26T04:00:00Z,0,16.05,-3.2161,54.6416,63
2025-08-26T05:00:00Z,0,15.65,-3.2161,54.6416,63
2025-08-26T06:00:00Z,0,15.6,-3.2161,54.6416,63
2025-08-26T07:00:00Z,0,16.3,-3.2161,54.6416,63
2025-08-26T08:00:00Z,0,17.4,-3.2161,54.6416,64
2025-08-26T09:00:00Z,0,18.15,-3.2161,54.6416,65
2025-08-26T10:00:00Z,0,18.1,-3.2161,54.6416,68
2025-08-26T11:00:00Z,0,17.7,-3.2161,54.6416,71
2025-08-26T12:00:00Z,0,17.7,-3.2161,54.6416,72
2025-08-26T13:00:00Z,0,18.65,-3.2161,54.6416,69
2025-08-26T14:00:00Z,0,20.0,-3.2161,54.6416,65
2025-08-26T15:00:00Z,0,20.65,-3.2161,54.6416,64
2025-08-26T16:00:00Z,0,20.1,-3.2161,54.6416,68
2025-08-26T17:00:00Z,0,18.85,-3.2161,54.6416,76
2025-08-26T18:00:00Z,0,17.7,-3.2161,54.6416,82
2025-08-26T19:00:00Z,0,16.85,-3.2161,54.6416,86
2025-08-26T20:00:00Z,0,16.05,-3.2161,54.6416,89
2025-08-26T21:00:00Z,0,15.4,-3.2161,54.6416,92
2025-08-26T22:00:00Z,0,14.9,-3.2161,54.6416,94
2025-08-26T23:00:00Z,0,14.5,-3.2161,54.6416,94
2025-08-27T00:00:00Z,0,14.15,-3.2161,54.6416,95
2025-08-27T01:00:00Z,0,13.85,-3.2161,54.6416,96
2025-08-27T02:00:00Z,0,13.6,-3.2161,54.6416,97
2025-08-27T03:00:00Z,0,13.5,-3.2161,54.6416,97
2025-08-27T04:00:00Z,0,13.5,-3.2161,54.6416,97
2025-08-27T05:00:00Z,0,13.6,-3.2161,54.6416,96
2025-08-27T06:00:00Z,0,13.9,-3.2161,54.6416,94
2025-08-27T07:00:00Z,0,14.55,-3.2161,54.6416,91
2025-08-27T08:00:00Z,0,15.35,-3.2161,54.6416,87
2025-08-27T09:00:00Z,0,16.2,-3.2161,54.6416,83
2025-08-27T10:00:00Z,0,17.05,-3.2161,54.6416,79
2025-08-27T11:00:00Z,0,17.85,-3.2161,54.6416,75
2025-08-27T12:00:00Z,0,18.4,-3.2161,54.6416,72
2025-08-27T13:00:00Z,0,18.6,-3.2161,54.6416,71
2025-08-27T14:00:00Z,0,18.5,-3.2161,54.6416,71
2025-08-27T15:00:00Z,0,18.3,-3.2161,54.6416,72
2025-08-27T16:00:00Z,0,18.0,-3.2161,54.6416,73
2025-08-27T17:00:00Z,0,17.6,-3.2161,54.6416,74
2025-08-27T18:00:00Z,0,17.1,-3.2161,54.6416,76
2025-08-27T19:00:00Z,0,16.5,-3.2161,54.6416,78
2025-08-27T20:00:00Z,0,15.75,-3.2161,54.6416,81
2025-08-27T21:00:00Z,0,15.05,-3.2161,54.6416,84
2025-08-27T22:00:00Z,0,14.25,-3.2161,54.6416,87
2025-08-27T23:00:00Z,0,13.45,-3.2161,54.6416,90
2025-08-21T00:00:00Z,0,6.6485,-3.24919,54.63263,88
2025-08-21T01:00:00Z,0,6.7485,-3.24919,54.63263,89
2025-08-21T02:00:00Z,0,6.6985,-3.24919,54.63263,88
2025-08-21T03:00:00Z,0,7.1485,-3.24919,54.63263,84
2025-08-21T04:00:00Z,0,6.9985,-3.24919,54.63263,84
2025-08-21T05:00:00Z,0,6.8985,-3.24919,54.63263,83
2025-08-21T06:00:00Z,0,8.2985,-3.24919,54.63263,80
2025-08-21T07:00:00Z,0,8.7985,-3.24919,54.63263,78
2025-08-21T08:00:00Z,0,8.998501,-3.24919,54.63263,78
2025-08-21T09:00:00Z,0,9.0485,-3.24919,54.63263,80
2025-08-21T10:00:00Z,0,9.1985,-3.24919,54.63263,81
2025-08-21T11:00:00Z,0,9.598499,-3.24919,54.63263,80
2025-08-21T12:00:00Z,0,10.4485,-3.24919,54.63263,75
2025-08-21T13:00:00Z,0,11.6485,-3.24919,54.63263,74
2025-08-21T14:00:00Z,0,12.5485,-3.24919,54.63263,72
2025-08-21T15:00:00Z,0,11.9485,-3.24919,54.63263,76
2025-08-21T16:00:00Z,0,12.248501,-3.24919,54.63263,77
2025-08-21T17:00:00Z,0,11.9485,-3.24919,54.63263,81
2025-08-21T18:00:00Z,0,11.598499,-3.24919,54.63263,84
2025-08-21T19:00:00Z,0,11.098499,-3.24919,54.63263,88
2025-08-21T20:00:00Z,0,10.6485,-3.24919,54.63263,88
2025-08-21T21:00:00Z,0,10.8985,-3.24919,54.63263,87
2025-08-21T22:00:00Z,0,10.598499,-3.24919,54.63263,91
2025-08-21T23:00:00Z,0,10.998501,-3.24919,54.63263,90
2025-08-22T00:00:00Z,0,10.6985,-3.24919,54.63263,90
2025-08-22T01:00:00Z,0,11.098499,-3.24919,54.63263,89
2025-08-22T02:00:00Z,0,11.098499,-3.24919,54.63263,89
2025-08-22T03:00:00Z,0,10.998501,-3.24919,54.63263,90
2025-08-22T04:00:00Z,0,10.7985,-3.24919,54.63263,96
2025-08-22T05:00:00Z,0,10.8985,-3.24919,54.63263,100
2025-08-22T06:00:00Z,0,10.8985,-3.24919,54.63263,100
2025-08-22T07:00:00Z,0,10.6985,-3.24919,54.63263,100
2025-08-22T08:00:00Z,0,10.4485,-3.24919,54.63263,100
2025-08-22T09:00:00Z,0,9.998501,-3.24919,54.63263,100
2025-08-22T10:00:00Z,0,9.848499,-3.24919,54.63263,100
2025-08-22T11:00:00Z,0,10.1985,-3.24919,54.63263,100
2025-08-22T12:00:00Z,0,12.2985,-3.24919,54.63263,90
2025-08-22T13:00:00Z,0,13.2985,-3.24919,54.63263,79
2025-08-22T14:00:00Z,0,14.1485,-3.24919,54.63263,73
2025-08-22T15:00:00Z,0,14.1985,-3.24919,54.63263,76
2025-08-22T16:00:00Z,0,14.1485,-3.24919,54.63263,76
2025-08-22T17:00:00Z,0,13.5485,-3.24919,54.63263,79
2025-08-22T18:00:00Z,0,13.0485,-3.24919,54.63263,84
2025-08-22T19:00:00Z,0,12.3985,-3.24919,54.63263,88
2025-08-22T20:00:00Z,0,11.348499,-3.24919,54.63263,93
2025-08-22T21:00:00Z,0,11.6485,-3.24919,54.63263,87
2025-08-22T22:00:00Z,0,10.748501,-3.24919,54.63263,87
2025-08-22T23:00:00Z,0,9.9485,-3.24919,54.63263,91
2025-08-23T00:00:00Z,0,10.098499,-3.24919,54.63263,92
2025-08-23T01:00:00Z,0,10.3985,-3.24919,54.63263,91
2025-08-23T02:00:00Z,0,10.1985,-3.24919,54.63263,91
2025-08-23T03:00:00Z,0,9.348499,-3.24919,54.63263,94
2025-08-23T04:00:00Z,0,9.1985,-3.24919,54.63263,95
2025-08-23T05:00:00Z,0,9.098499,-3.24919,54.63263,96
2025-08-23T06:00:00Z,0,9.4485,-3.24919,54.63263,94
2025-08-23T07:00:00Z,0,10.8985,-3.24919,54.63263,91
2025-08-23T08:00:00Z,0,12.2985,-3.24919,54.63263,83
2025-08-23T09:00:00Z,0,13.098499,-3.24919,54.63263,80
2025-08-23T10:00:00Z,0,13.5485,-3.24919,54.63263,79
2025-08-23T11:00:00Z,0,13.0485,-3.24919,54.63263,83
2025-08-23T12:00:00Z,0,13.1985,-3.24919,54.63263,84
2025-08-23T13:00:00Z,0,13.598499,-3.24919,54.63263,83
2025-08-23T14:00:00Z,0,13.748501,-3.24919,54.63263,83
2025-08-23T15:00:00Z,0,14.0485,-3.24919,54.63263,84
2025-08-23T16:00:00Z,0,13.6485,-3.24919,54.63263,86
2025-08-23T17:00:00Z,0,13.248501,-3.24919,54.63263,88
2025-08-23T18:00:00Z,0,12.95,-3.24919,54.63263,95
2025-08-23T19:00:00Z,0,12.45,-3.24919,54.63263,96
2025-08-23T20:00:00Z,0,12.0,-3.24919,54.63263,96
2025-08-23T21:00:00Z,0,11.65,-3.24919,54.63263,95
2025-08-23T22:00:00Z,0,11.25,-3.24919,54.63263,95
2025-08-23T23:00:00Z,0,10.85,-3.24919,54.63263,95
2025-08-24T00:00:00Z,0,10.65,-3.24919,54.63263,95
2025-08-24T01:00:00Z,0,10.65,-3.24919,54.63263,94
2025-08-24T02:00:00Z,0,10.85,-3.24919,54.63263,94
2025-08-24T03:00:00Z,0,10.95,-3.24919,54.63263,93
2025-08-24T04:00:00Z,0,10.8,-3.24919,54.63263,93
2025-08-24T05:00:00Z,0,10.55,-3.24919,54.63263,94
2025-08-24T06:00:00Z,0,10.65,-3.24919,54.63263,93
2025-08-24T07:00:00Z,0,11.2,-3.24919,54.63263,91
2025-08-24T08:00:00Z,0,12.1,-3.24919,54.63263,88
2025-08-24T09:00:00Z,0,12.95,-3.24919,54.63263,85
2025-08-24T10:00:00Z,0,13.7,-3.24919,54.63263,82
2025-08-24T11:00:00Z,0,14.4,-3.24919,54.63263,80
2025-08-24T12:00:00Z,0,15.0,-3.24919,54.63263,78
2025-08-24T13:00:00Z,0,15.4,-3.24919,54.63263,76
2025-08-24T14:00:00Z,0,15.65,-3.24919,54.63263,75
2025-08-24T15:00:00Z,0,15.75,-3.24919,54.63263,75
2025-08-24T16:00:00Z,0,15.6,-3.24919,54.63263,76
2025-08-24T17:00:00Z,0,15.35,-3.24919,54.63263,77
2025-08-24T18:00:00Z,0,14.9,-3.24919,54.63263,79
2025-08-24T19:00:00Z,0,14.15,-3.24919,54.63263,81
2025-08-24T20:00:00Z,0,13.3,-3.24919,54.63263,84
2025-08-24T21:00:00Z,0,12.6,-3.24919,54.63263,86
2025-08-24T22:00:00Z,0,12.2,-3.24919,54.63263,87
2025-08-24T23:00:00Z,0,12.0,-3.24919,54.63263,87
2025-08-25T00:00:00Z,0,11.85,-3.24919,54.63263,87
2025-08-25T01:00:00Z,0,11.55,-3.24919,54.63263,87
2025-08-25T02:00:00Z,0,11.25,-3.24919,54.63263,87
2025-08-25T03:00:00Z,0,11.15,-3.24919,54.63263,87
2025-08-25T04:00:00Z,0,11.15,-3.24919,54.63263,86
2025-08-25T05:00:00Z,0,11.35,-3.24919,54.63263,85
2025-08-25T06:00:00Z,0,11.7,-3.24919,54.63263,83
2025-08-25T07:00:00Z,0,12.3,-3.24919,54.63263,80
2025-08-25T08:00:00Z,0,13.15,-3.24919,54.63263,75
2025-08-25T09:00:00Z,0,13.95,-3.24919,54.63263,72
2025-08-25T10:00:00Z,0,14.7,-3.24919,54.63263,71
2025-08-25T11:00:00Z,0,15.45,-3.24919,54.63263,70
2025-08-25T12:00:00Z,0,16.1,-3.24919,54.63263,69
2025-08-25T13:00:00Z,0,16.7,-3.24919,54.63263,66
2025-08-25T14:00:00Z,0,17.2,-3.24919,54.63263,63
2025-08-25T15:00:00Z,0,17.35,-3.24919,54.63263,62
2025-08-25T16:00:00Z,0,17.0,-3.24919,54.63263,64
2025-08-25T17:00:00Z,0,16.3,-3.24919,54.63263,67
2025-08-25T18:00:00Z,0,15.55,-3.24919,54.63263,69
2025-08-25T19:00:00Z,0,14.65,-3.24919,54.63263,69
2025-08-25T20:00:00Z,0,13.7,-3.24919,54.63263,68
2025-08-25T21:00:00Z,0,13.0,-3.24919,54.63263,68
2025-08-25T22:00:00Z,0,12.8,-3.24919,54.63263,68
2025-08-25T23:00:00Z,0,12.85,-3.24919,54.63263,69
2025-08-26T00:00:00Z,0,12.9,-3.24919,54.63263,70
2025-08-26T01:00:00Z,0,12.8,-3.24919,54.63263,72
2025-08-26T02:00:00Z,0,12.65,-3.24919,54.63263,74
2025-08-26T03:00:00Z,0,12.55,-3.24919,54.63263,75
2025-08-26T04:00:00Z,0,12.35,-3.24919,54.63263,75
2025-08-26T05:00:00Z,0,12.1,-3.24919,54.63263,74
2025-08-26T06:00:00Z,0,12.2,-3.24919,54.63263,73
2025-08-26T07:00:00Z,0,12.75,-3.24919,54.63263,73
2025-08-26T08:00:00Z,0,13.55,-3.24919,54.63263,73
2025-08-26T09:00:00Z,0,14.3,-3.24919,54.63263,74
2025-08-26T10:00:00Z,0,14.75,-3.24919,54.63263,75
2025-08-26T11:00:00Z,0,15.1,-3.24919,54.63263,76
2025-08-26T12:00:00Z,0,15.65,-3.24919,54.63263,76
2025-08-26T13:00:00Z,0,16.65,-3.24919,54.63263,72
2025-08-26T14:00:00Z,0,17.85,-3.24919,54.63263,67
2025-08-26T15:00:00Z,0,18.35,-3.24919,54.63263,65
2025-08-26T16:00:00Z,0,17.55,-3.24919,54.63263,71
2025-08-26T17:00:00Z,0,16.05,-3.24919,54.63263,81
2025-08-26T18:00:00Z,0,14.7,-3.24919,54.63263,89
2025-08-26T19:00:00Z,0,13.7,-3.24919,54.63263,94
2025-08-26T20:00:00Z,0,12.9,-3.24919,54.63263,98
2025-08-26T21:00:00Z,0,12.35,-3.24919,54.63263,100
2025-08-26T22:00:00Z,0,12.2,-3.24919,54.63263,100
2025-08-26T23:00:00Z,0,12.35,-3.24919,54.63263,100
2025-08-27T00:00:00Z,0,12.45,-3.24919,54.63263,99
2025-08-27T01:00:00Z,0,12.25,-3.24919,54.63263,99
2025-08-27T02:00:00Z,0,12.0,-3.24919,54.63263,100
2025-08-27T03:00:00Z,0,11.8,-3.24919,54.63263,100
2025-08-27T04:00:00Z,0,11.7,-3.24919,54.63263,100
2025-08-27T05:00:00Z,0,11.65,-3.24919,54.63263,100
2025-08-27T06:00:00Z,0,11.8,-3.24919,54.63263,100
2025-08-27T07:00:00Z,0,12.15,-3.24919,54.63263,97
2025-08-27T08:00:00Z,0,12.7,-3.24919,54.63263,94
2025-08-27T09:00:00Z,0,13.25,-3.24919,54.63263,90
2025-08-27T10:00:00Z,0,13.75,-3.24919,54.63263,86
2025-08-27T11:00:00Z,0,14.25,-3.24919,54.63263,83
2025-08-27T12:00:00Z,0,14.65,-3.24919,54.63263,80
2025-08-27T13:00:00Z,0,14.75,-3.24919,54.63263,79
2025-08-27T14:00:00Z,0,14.75,-3.24919,54.63263,78
2025-08-27T15:00:00Z,0,14.65,-3.24919,54.63263,78
2025-08-27T16:00:00Z,0,14.5,-3.24919,54.63263,78
2025-08-27T17:00:00Z,0,14.25,-3.24919,54.63263,79
2025-08-27T18:00:00Z,0,13.9,-3.24919,54.63263,81
2025-08-27T19:00:00Z,0,13.35,-3.24919,54.63263,83
2025-08-27T20:00:00Z,0,12.7,-3.24919,54.63263,86
2025-08-27T21:00:00Z,0,12.1,-3.24919,54.63263,89
2025-08-27T22:00:00Z,0,11.45,-3.24919,54.63263,92
2025-08-27T23:00:00Z,0,10.8,-3.24919,54.63263,95
2025-08-21T00:00:00Z,0,7.0645,-3.27759,54.62786,88
2025-08-21T01:00:00Z,0,7.1644998,-3.27759,54.62786,89
2025-08-21T02:00:00Z,0,7.1145,-3.27759,54.62786,88
2025-08-21T03:00:00Z,0,7.5645,-3.27759,54.62786,84
2025-08-21T04:00:00Z,0,7.4144998,-3.27759,54.62786,84
2025-08-21T05:00:00Z,0,7.3145,-3.27759,54.62786,83
2025-08-21T06:00:00Z,0,8.714499,-3.27759,54.62786,80
2025-08-21T07:00:00Z,0,9.214499,-3.27759,54.62786,78
2025-08-21T08:00:00Z,0,9.4145,-3.27759,54.62786,78
2025-08-21T09:00:00Z,0,9.464499,-3.27759,54.62786,80
2025-08-21T10:00:00Z,0,9.6145,-3.27759,54.62786,81
2025-08-21T11:00:00Z,0,10.0145,-3.27759,54.62786,80
2025-08-21T12:00:00Z,0,10.8645,-3.27759,54.62786,75
2025-08-21T13:00:00Z,0,12.0645,-3.27759,54.62786,74
2025-08-21T14:00:00Z,0,12.964499,-3.27759,54.62786,72
2025-08-21T15:00:00Z,0,12.3645,-3.27759,54.62786,76
2025-08-21T16:00:00Z,0,12.6645,-3.27759,54.62786,77
2025-08-21T17:00:00Z,0,12.3645,-3.27759,54.62786,81
2025-08-21T18:00:00Z,0,12.0145,-3.27759,54.62786,84
2025-08-21T19:00:00Z,0,11.5145,-3.27759,54.62786,88
2025-08-21T20:00:00Z,0,11.0645,-3.27759,54.62786,88
2025-08-21T21:00:00Z,0,11.3145,-3.27759,54.62786,87
2025-08-21T22:00:00Z,0,11.0145,-3.27759,54.62786,91
2025-08-21T23:00:00Z,0,11.4145,-3.27759,54.62786,90
2025-08-22T00:00:00Z,0,11.1145,-3.27759,54.62786,90
2025-08-22T01:00:00Z,0,11.5145,-3.27759,54.62786,89
2025-08-22T02:00:00Z,0,11.5145,-3.27759,54.62786,89
2025-08-22T03:00:00Z,0,11.4145,-3.27759,54.62786,90
2025-08-22T04:00:00Z,0,11.214499,-3.27759,54.62786,96
2025-08-22T05:00:00Z,0,11.3145,-3.27759,54.62786,100
2025-08-22T06:00:00Z,0,11.3145,-3.27759,54.62786,100
2025-08-22T07:00:00Z,0,11.1145,-3.27759,54.62786,100
2025-08-22T08:00:00Z,0,10.8645,-3.27759,54.62786,100
2025-08-22T09:00:00Z,0,10.4145,-3.27759,54.62786,100
2025-08-22T10:00:00Z,0,10.2645,-3.27759,54.62786,100
2025-08-22T11:00:00Z,0,10.6145,-3.27759,54.62786,100
2025-08-22T12:00:00Z,0,12.714499,-3.27759,54.62786,90
2025-08-22T13:00:00Z,0,13.714499,-3.27759,54.62786,79
2025-08-22T14:00:00Z,0,14.5645,-3.27759,54.62786,73
2025-08-22T15:00:00Z,0,14.6145,-3.27759,54.62786,76
2025-08-22T16:00:00Z,0,14.5645,-3.27759,54.62786,76
2025-08-22T17:00:00Z,0,13.964499,-3.27759,54.62786,79
2025-08-22T18:00:00Z,0,13.464499,-3.27759,54.62786,84
2025-08-22T19:00:00Z,0,12.8145,-3.27759,54.62786,88
2025-08-22T20:00:00Z,0,11.7645,-3.27759,54.62786,93
2025-08-22T21:00:00Z,0,12.0645,-3.27759,54.62786,87
2025-08-22T22:00:00Z,0,11.1645,-3.27759,54.62786,87
2025-08-22T23:00:00Z,0,10.3645,-3.27759,54.62786,91
2025-08-23T00:00:00Z,0,10.5145,-3.27759,54.62786,92
2025-08-23T01:00:00Z,0,10.8145,-3.27759,54.62786,91
2025-08-23T02:00:00Z,0,10.6145,-3.27759,54.62786,91
2025-08-23T03:00:00Z,0,9.7645,-3.27759,54.62786,94
2025-08-23T04:00:00Z,0,9.6145,-3.27759,54.62786,95
2025-08-23T05:00:00Z,0,9.5145,-3.27759,54.62786,96
2025-08-23T06:00:00Z,0,9.8645,-3.27759,54.62786,94
2025-08-23T07:00:00Z,0,11.3145,-3.27759,54.62786,91
2025-08-23T08:00:00Z,0,12.714499,-3.27759,54.62786,83
2025-08-23T09:00:00Z,0,13.5145,-3.27759,54.62786,80
2025-08-23T10:00:00Z,0,13.964499,-3.27759,54.62786,79
2025-08-23T11:00:00Z,0,13.464499,-3.27759,54.62786,83
2025-08-23T12:00:00Z,0,13.6145,-3.27759,54.62786,84
2025-08-23T13:00:00Z,0,14.0145,-3.27759,54.62786,83
2025-08-23T14:00:00Z,0,14.1645,-3.27759,54.62786,83
2025-08-23T15:00:00Z,0,14.464499,-3.27759,54.62786,84
2025-08-23T16:00:00Z,0,14.0645,-3.27759,54.62786,86
2025-08-23T17:00:00Z,0,13.6645,-3.27759,54.62786,88
2025-08-23T18:00:00Z,0,13.35,-3.27759,54.62786,95
2025-08-23T19:00:00Z,0,12.85,-3.27759,54.62786,96
2025-08-23T20:00:00Z,0,12.45,-3.27759,54.62786,96
2025-08-23T21:00:00Z,0,12.05,-3.27759,54.62786,95
2025-08-23T22:00:00Z,0,11.65,-3.27759,54.62786,95
2025-08-23T23:00:00Z,0,11.3,-3.27759,54.62786,95
2025-08-24T00:00:00Z,0,11.05,-3.27759,54.62786,95
2025-08-24T01:00:00Z,0,11.1,-3.27759,54.62786,94
2025-08-24T02:00:00Z,0,11.25,-3.27759,54.62786,94
2025-08-24T03:00:00Z,0,11.35,-3.27759,54.62786,93
2025-08-24T04:00:00Z,0,11.2,-3.27759,54.62786,93
2025-08-24T05:00:00Z,0,11.0,-3.27759,54.62786,94
2025-08-24T06:00:00Z,0,11.05,-3.27759,54.62786,93
2025-08-24T07:00:00Z,0,11.65,-3.27759,54.62786,91
2025-08-24T08:00:00Z,0,12.5,-3.27759,54.62786,88
2025-08-24T09:00:00Z,0,13.35,-3.27759,54.62786,85
2025-08-24T10:00:00Z,0,14.1,-3.27759,54.62786,82
2025-08-24T11:00:00Z,0,14.8,-3.27759,54.62786,80
2025-08-24T12:00:00Z,0,15.4,-3.27759,54.62786,78
2025-08-24T13:00:00Z,0,15.8,-3.27759,54.62786,76
2025-08-24T14:00:00Z,0,16.05,-3.27759,54.62786,75
2025-08-24T15:00:00Z,0,16.15,-3.27759,54.62786,75
2025-08-24T16:00:00Z,0,16.05,-3.27759,54.62786,76
2025-08-24T17:00:00Z,0,15.75,-3.27759,54.62786,77
2025-08-24T18:00:00Z,0,15.3,-3.27759,54.62786,79
2025-08-24T19:00:00Z,0,14.6,-3.27759,54.62786,81
2025-08-24T20:00:00Z,0,13.7,-3.27759,54.62786,84
2025-08-24T21:00:00Z,0,13.0,-3.27759,54.62786,86
2025-08-24T22:00:00Z,0,12.65,-3.27759,54.62786,87
2025-08-24T23:00:00Z,0,12.45,-3.27759,54.62786,87
2025-08-25T00:00:00Z,0,12.25,-3.27759,54.62786,87
2025-08-25T01:00:00Z,0,11.95,-3.27759,54.62786,87
2025-08-25T02:00:00Z,0,11.7,-3.27759,54.62786,87
2025-08-25T03:00:00Z,0,11.55,-3.27759,54.62786,87
2025-08-25T04:00:00Z,0,11.6,-3.27759,54.62786,86
2025-08-25T05:00:00Z,0,11.75,-3.27759,54.62786,85
2025-08-25T06:00:00Z,0,12.1,-3.27759,54.62786,83
2025-08-25T07:00:00Z,0,12.75,-3.27759,54.62786,80
2025-08-25T08:00:00Z,0,13.55,-3.27759,54.62786,75
2025-08-25T09:00:00Z,0,14.35,-3.27759,54.62786,72
2025-08-25T10:00:00Z,0,15.1,-3.27759,54.62786,71
2025-08-25T11:00:00Z,0,15.85,-3.27759,54.62786,70
2025-08-25T12:00:00Z,0,16.5,-3.27759,54.62786,69
2025-08-25T13:00:00Z,0,17.1,-3.27759,54.62786,66
2025-08-25T14:00:00Z,0,17.6,-3.27759,54.62786,63
2025-08-25T15:00:00Z,0,17.75,-3.27759,54.62786,62
2025-08-25T16:00:00Z,0,17.4,-3.27759,54.62786,64
2025-08-25T17:00:00Z,0,16.7,-3.27759,54.62786,67
2025-08-25T18:00:00Z,0,15.95,-3.27759,54.62786,69
2025-08-25T19:00:00Z,0,15.05,-3.27759,54.62786,69
2025-08-25T20:00:00Z,0,14.1,-3.27759,54.62786,68
2025-08-25T21:00:00Z,0,13.4,-3.27759,54.62786,68
2025-08-25T22:00:00Z,0,13.2,-3.27759,54.62786,68
2025-08-25T23:00:00Z,0,13.25,-3.27759,54.62786,69
2025-08-26T00:00:00Z,0,13.3,-3.27759,54.62786,70
2025-08-26T01:00:00Z,0,13.2,-3.27759,54.62786,72
2025-08-26T02:00:00Z,0,13.1,-3.27759,54.62786,74
2025-08-26T03:00:00Z,0,12.95,-3.27759,54.62786,75
2025-08-26T04:00:00Z,0,12.75,-3.27759,54.62786,75
2025-08-26T05:00:00Z,0,12.55,-3.27759,54.62786,74
2025-08-26T06:00:00Z,0,12.6,-3.27759,54.62786,73
2025-08-26T07:00:00Z,0,13.15,-3.27759,54.62786,73
2025-08-26T08:00:00Z,0,13.95,-3.27759,54.62786,73
2025-08-26T09:00:00Z,0,14.7,-3.27759,54.62786,74
2025-08-26T10:00:00Z,0,15.15,-3.27759,54.62786,75
2025-08-26T11:00:00Z,0,15.55,-3.27759,54.62786,76
2025-08-26T12:00:00Z,0,16.05,-3.27759,54.62786,76
2025-08-26T13:00:00Z,0,17.1,-3.27759,54.62786,72
2025-08-26T14:00:00Z,0,18.25,-3.27759,54.62786,67
2025-08-26T15:00:00Z,0,18.75,-3.27759,54.62786,65
2025-08-26T16:00:00Z,0,17.95,-3.27759,54.62786,71
2025-08-26T17:00:00Z,0,16.45,-3.27759,54.62786,81
2025-08-26T18:00:00Z,0,15.1,-3.27759,54.62786,89
2025-08-26T19:00:00Z,0,14.15,-3.27759,54.62786,94
2025-08-26T20:00:00Z,0,13.3,-3.27759,54.62786,98
2025-08-26T21:00:00Z,0,12.75,-3.27759,54.62786,100
2025-08-26T22:00:00Z,0,12.65,-3.27759,54.62786,100
2025-08-26T23:00:00Z,0,12.8,-3.27759,54.62786,100
2025-08-27T00:00:00Z,0,12.85,-3.27759,54.62786,99
2025-08-27T01:00:00Z,0,12.65,-3.27759,54.62786,99
2025-08-27T02:00:00Z,0,12.4,-3.27759,54.62786,100
2025-08-27T03:00:00Z,0,12.2,-3.27759,54.62786,100
2025-08-27T04:00:00Z,0,12.1,-3.27759,54.62786,100
2025-08-27T05:00:00Z,0,12.05,-3.27759,54.62786,100
2025-08-27T06:00:00Z,0,12.2,-3.27759,54.62786,100
2025-08-27T07:00:00Z,0,12.6,-3.27759,54.62786,97
2025-08-27T08:00:00Z,0,13.1,-3.27759,54.62786,94
2025-08-27T09:00:00Z,0,13.65,-3.27759,54.62786,90
2025-08-27T10:00:00Z,0,14.15,-3.27759,54.62786,86
2025-08-27T11:00:00Z,0,14.7,-3.27759,54.62786,83
2025-08-27T12:00:00Z,0,15.05,-3.27759,54.62786,80
2025-08-27T13:00:00Z,0,15.2,-3.27759,54.62786,79
2025-08-27T14:00:00Z,0,15.15,-3.27759,54.62786,78
2025-08-27T15:00:00Z,0,15.05,-3.27759,54.62786,78
2025-08-27T16:00:00Z,0,14.9,-3.27759,54.62786,78
2025-08-27T17:00:00Z,0,14.65,-3.27759,54.62786,79
2025-08-27T18:00:00Z,0,14.3,-3.27759,54.62786,81
2025-08-27T19:00:00Z,0,13.75,-3.27759,54.62786,83
2025-08-27T20:00:00Z,0,13.15,-3.27759,54.62786,86
2025-08-27T21:00:00Z,0,12.5,-3.27759,54.62786,89
2025-08-27T22:00:00Z,0,11.85,-3.27759,54.62786,92
2025-08-27T23:00:00Z,0,11.25,-3.27759,54.62786,95
2025-08-21T00:00:00Z,0,6.5055,-3.23404,54.62785,88
2025-08-21T01:00:00Z,0,6.6054997,-3.23404,54.62785,89
2025-08-21T02:00:00Z,0,6.5555,-3.23404,54.62785,88
2025-08-21T03:00:00Z,0,7.0055,-3.23404,54.62785,84
2025-08-21T04:00:00Z,0,6.8554997,-3.23404,54.62785,84
2025-08-21T05:00:00Z,0,6.7555,-3.23404,54.62785,83
2025-08-21T06:00:00Z,0,8.155499,-3.23404,54.62785,80
2025-08-21T07:00:00Z,0,8.655499,-3.23404,54.62785,78
2025-08-21T08:00:00Z,0,8.8555,-3.23404,54.62785,78
2025-08-21T09:00:00Z,0,8.905499,-3.23404,54.62785,80
2025-08-21T10:00:00Z,0,9.0555,-3.23404,54.62785,81
2025-08-21T11:00:00Z,0,9.4555,-3.23404,54.62785,80
2025-08-21T12:00:00Z,0,10.3055,-3.23404,54.62785,75
2025-08-21T13:00:00Z,0,11.5055,-3.23404,54.62785,74
2025-08-21T14:00:00Z,0,12.405499,-3.23404,54.62785,72
2025-08-21T15:00:00Z,0,11.8055,-3.23404,54.62785,76
2025-08-21T16:00:00Z,0,12.1055,-3.23404,54.62785,77
2025-08-21T17:00:00Z,0,11.8055,-3.23404,54.62785,81
2025-08-21T18:00:00Z,0,11.4555,-3.23404,54.62785,84
2025-08-21T19:00:00Z,0,10.9555,-3.23404,54.62785,88
2025-08-21T20:00:00Z,0,10.5055,-3.23404,54.62785,88
2025-08-21T21:00:00Z,0,10.7555,-3.23404,54.62785,87
2025-08-21T22:00:00Z,0,10.4555,-3.23404,54.62785,91
2025-08-21T23:00:00Z,0,10.8555,-3.23404,54.62785,90
2025-08-22T00:00:00Z,0,10.5555,-3.23404,54.62785,90
2025-08-22T01:00:00Z,0,10.9555,-3.23404,54.62785,89
2025-08-22T02:00:00Z,0,10.9555,-3.23404,54.62785,89
2025-08-22T03:00:00Z,0,10.8555,-3.23404,54.62785,90
2025-08-22T04:00:00Z,0,10.655499,-3.23404,54.62785,96
2025-08-22T05:00:00Z,0,10.7555,-3.23404,54.62785,100
2025-08-22T06:00:00Z,0,10.7555,-3.23404,54.62785,100
2025-08-22T07:00:00Z,0,10.5555,-3.23404,54.62785,100
2025-08-22T08:00:00Z,0,10.3055,-3.23404,54.62785,100
2025-08-22T09:00:00Z,0,9.8555,-3.23404,54.62785,100
2025-08-22T10:00:00Z,0,9.7055,-3.23404,54.62785,100
2025-08-22T11:00:00Z,0,10.0555,-3.23404,54.62785,100
2025-08-22T12:00:00Z,0,12.155499,-3.23404,54.62785,90
2025-08-22T13:00:00Z,0,13.155499,-3.23404,54.62785,79
2025-08-22T14:00:00Z,0,14.0055,-3.23404,54.62785,73
2025-08-22T15:00:00Z,0,14.0555,-3.23404,54.62785,76
2025-08-22T16:00:00Z,0,14.0055,-3.23404,54.62785,76
2025-08-22T17:00:00Z,0,13.405499,-3.23404,54.62785,79
2025-08-22T18:00:00Z,0,12.905499,-3.23404,54.62785,84
2025-08-22T19:00:00Z,0,12.2555,-3.23404,54.62785,88
2025-08-22T20:00:00Z,0,11.2055,-3.23404,54.62785,93
2025-08-22T21:00:00Z,0,11.5055,-3.23404,54.62785,87
2025-08-22T22:00:00Z,0,10.6055,-3.23404,54.62785,87
2025-08-22T23:00:00Z,0,9.8055,-3.23404,54.62785,91
2025-08-23T00:00:00Z,0,9.9555,-3.23404,54.62785,92
2025-08-23T01:00:00Z,0,10.2555,-3.23404,54.62785,91
2025-08-23T02:00:00Z,0,10.0555,-3.23404,54.62785,91
2025-08-23T03:00:00Z,0,9.2055,-3.23404,54.62785,94
2025-08-23T04:00:00Z,0,9.0555,-3.23404,54.62785,95
2025-08-23T05:00:00Z,0,8.9555,-3.23404,54.62785,96
2025-08-23T06:00:00Z,0,9.3055,-3.23404,54.62785,94
2025-08-23T07:00:00Z,0,10.7555,-3.23404,54.62785,91
2025-08-23T08:00:00Z,0,12.155499,-3.23404,54.62785,83
2025-08-23T09:00:00Z,0,12.9555,-3.23404,54.62785,80
2025-08-23T10:00:00Z,0,13.405499,-3.23404,54.62785,79
2025-08-23T11:00:00Z,0,12.905499,-3.23404,54.62785,83
2025-08-23T12:00:00Z,0,13.0555,-3.23404,54.62785,84
2025-08-23T13:00:00Z,0,13.4555,-3.23404,54.62785,83
2025-08-23T14:00:00Z,0,13.6055,-3.23404,54.62785,83
2025-08-23T15:00:00Z,0,13.905499,-3.23404,54.62785,84
2025-08-23T16:00:00Z,0,13.5055,-3.23404,54.62785,86
2025-08-23T17:00:00Z,0,13.1055,-3.23404,54.62785,88
2025-08-23T18:00:00Z,0,12.8,-3.23404,54.62785,95
2025-08-23T19:00:00Z,0,12.3,-3.23404,54.62785,96
2025-08-23T20:00:00Z,0,11.9,-3.23404,54.62785,96
2025-08-23T21:00:00Z,0,11.5,-3.23404,54.62785,95
2025-08-23T22:00:00Z,0,11.1,-3.23404,54.62785,95
2025-08-23T23:00:00Z,0,10.7,-3.23404,54.62785,95
2025-08-24T00:00:00Z,0,10.5,-3.23404,54.62785,95
2025-08-24T01:00:00Z,0,10.5,-3.23404,54.62785,94
2025-08-24T02:00:00Z,0,10.7,-3.23404,54.62785,94
2025-08-24T03:00:00Z,0,10.8,-3.23404,54.62785,93
2025-08-24T04:00:00Z,0,10.65,-3.23404,54.62785,93
2025-08-24T05:00:00Z,0,10.4,-3.23404,54.62785,94
2025-08-24T06:00:00Z,0,10.5,-3.23404,54.62785,93
2025-08-24T07:00:00Z,0,11.05,-3.23404,54.62785,91
2025-08-24T08:00:00Z,0,11.95,-3.23404,54.62785,88
2025-08-24T09:00:00Z,0,12.8,-3.23404,54.62785,85
2025-08-24T10:00:00Z,0,13.55,-3.23404,54.62785,82
2025-08-24T11:00:00Z,0,14.25,-3.23404,54.62785,80
2025-08-24T12:00:00Z,0,14.85,-3.23404,54.62785,78
2025-08-24T13:00:00Z,0,15.25,-3.23404,54.62785,76
2025-08-24T14:00:00Z,0,15.5,-3.23404,54.62785,75
2025-08-24T15:00:00Z,0,15.6,-3.23404,54.62785,75
2025-08-24T16:00:00Z,0,15.5,-3.23404,54.62785,76
2025-08-24T17:00:00Z,0,15.2,-3.23404,54.62785,77
2025-08-24T18:00:00Z,0,14.75,-3.23404,54.62785,79
2025-08-24T19:00:00Z,0,14.0,-3.23404,54.62785,81
2025-08-24T20:00:00Z,0,13.15,-3.23404,54.62785,84
2025-08-24T21:00:00Z,0,12.45,-3.23404,54.62785,86
2025-08-24T22:00:00Z,0,12.05,-3.23404,54.62785,87
2025-08-24T23:00:00Z,0,11.9,-3.23404,54.62785,87
2025-08-25T00:00:00Z,0,11.7,-3.23404,54.62785,87
2025-08-25T01:00:00Z,0,11.4,-3.23404,54.62785,87
2025-08-25T02:00:00Z,0,11.15,-3.23404,54.62785,87
2025-08-25T03:00:00Z,0,11.0,-3.23404,54.62785,87
2025-08-25T04:00:00Z,0,11.0,-3.23404,54.62785,86
2025-08-25T05:00:00Z,0,11.2,-3.23404,54.62785,85
2025-08-25T06:00:00Z,0,11.55,-3.23404,54.62785,83
2025-08-25T07:00:00Z,0,12.15,-3.23404,54.62785,80
2025-08-25T08:00:00Z,0,13.0,-3.23404,54.62785,75
2025-08-25T09:00:00Z,0,13.8,-3.23404,54.62785,72
2025-08-25T10:00:00Z,0,14.55,-3.23404,54.62785,71
2025-08-25T11:00:00Z,0,15.3,-3.23404,54.62785,70
2025-08-25T12:00:00Z,0,15.95,-3.23404,54.62785,69
2025-08-25T13:00:00Z,0,16.55,-3.23404,54.62785,66
2025-08-25T14:00:00Z,0,17.05,-3.23404,54.62785,63
2025-08-25T15:00:00Z,0,17.2,-3.23404,54.62785,62
2025-08-25T16:00:00Z,0,16.85,-3.23404,54.62785,64
2025-08-25T17:00:00Z,0,16.15,-3.23404,54.62785,67
2025-08-25T18:00:00Z,0,15.4,-3.23404,54.62785,69
2025-08-25T19:00:00Z,0,14.5,-3.23404,54.62785,69
2025-08-25T20:00:00Z,0,13.55,-3.23404,54.62785,68
2025-08-25T21:00:00Z,0,12.85,-3.23404,54.62785,68
2025-08-25T22:00:00Z,0,12.65,-3.23404,54.62785,68
2025-08-25T23:00:00Z,0,12.7,-3.23404,54.62785,69
2025-08-26T00:00:00Z,0,12.75,-3.23404,54.62785,70
2025-08-26T01:00:00Z,0,12.65,-3.23404,54.62785,72
2025-08-26T02:00:00Z,0,12.5,-3.23404,54.62785,74
2025-08-26T03:00:00Z,0,12.4,-3.23404,54.62785,75
2025-08-26T04:00:00Z,0,12.2,-3.23404,54.62785,75
2025-08-26T05:00:00Z,0,12.0,-3.23404,54.62785,74
2025-08-26T06:00:00Z,0,12.05,-3.23404,54.62785,73
2025-08-26T07:00:00Z,0,12.6,-3.23404,54.62785,73
2025-08-26T08:00:00Z,0,13.4,-3.23404,54.62785,73
2025-08-26T09:00:00Z,0,14.15,-3.23404,54.62785,74
2025-08-26T10:00:00Z,0,14.6,-3.23404,54.62785,75
2025-08-26T11:00:00Z,0,14.95,-3.23404,54.62785,76
2025-08-26T12:00:00Z,0,15.5,-3.23404,54.62785,76
2025-08-26T13:00:00Z,0,16.55,-3.23404,54.62785,72
2025-08-26T14:00:00Z,0,17.7,-3.23404,54.62785,67
2025-08-26T15:00:00Z,0,18.2,-3.23404,54.62785,65
2025-08-26T16:00:00Z,0,17.4,-3.23404,54.62785,71
2025-08-26T17:00:00Z,0,15.9,-3.23404,54.62785,81
2025-08-26T18:00:00Z,0,14.55,-3.23404,54.62785,89
2025-08-26T19:00:00Z,0,13.55,-3.23404,54.62785,94
2025-08-26T20:00:00Z,0,12.75,-3.23404,54.62785,98
2025-08-26T21:00:00Z,0,12.2,-3.23404,54.62785,100
2025-08-26T22:00:00Z,0,12.05,-3.23404,54.62785,100
2025-08-26T23:00:00Z,0,12.2,-3.23404,54.62785,100
2025-08-27T00:00:00Z,0,12.3,-3.23404,54.62785,99
2025-08-27T01:00:00Z,0,12.1,-3.23404,54.62785,99
2025-08-27T02:00:00Z,0,11.85,-3.23404,54.62785,100
2025-08-27T03:00:00Z,0,11.65,-3.23404,54.62785,100
2025-08-27T04:00:00Z,0,11.55,-3.23404,54.62785,100
2025-08-27T05:00:00Z,0,11.5,-3.23404,54.62785,100
2025-08-27T06:00:00Z,0,11.65,-3.23404,54.62785,100
2025-08-27T07:00:00Z,0,12.0,-3.23404,54.62785,97
2025-08-27T08:00:00Z,0,12.55,-3.23404,54.62785,94
2025-08-27T09:00:00Z,0,13.1,-3.23404,54.62785,90
2025-08-27T10:00:00Z,0,13.6,-3.23404,54.62785,86
2025-08-27T11:00:00Z,0,14.15,-3.23404,54.62785,83
2025-08-27T12:00:00Z,0,14.5,-3.23404,54.62785,80
2025-08-27T13:00:00Z,0,14.6,-3.23404,54.62785,79
2025-08-27T14:00:00Z,0,14.6,-3.23404,54.62785,78
2025-08-27T15:00:00Z,0,14.5,-3.23404,54.62785,78
2025-08-27T16:00:00Z,0,14.35,-3.23404,54.62785,78
2025-08-27T17:00:00Z,0,14.1,-3.23404,54.62785,79
2025-08-27T18:00:00Z,0,13.75,-3.23404,54.62785,81
2025-08-27T19:00:00Z,0,13.2,-3.23404,54.62785,83
2025-08-27T20:00:00Z,0,12.55,-3.23404,54.62785,86
2025-08-27T21:00:00Z,0,11.95,-3.23404,54.62785,89
2025-08-27T22:00:00Z,0,11.3,-3.23404,54.62785,92
2025-08-27T23:00:00Z,0,10.7,-3.23404,54.62785,95
2025-08-21T00:00:00Z,0,7.928,-3.21844,54.6296,86
2025-08-21T01:00:00Z,0,7.778,-3.21844,54.6296,88
2025-08-21T02:00:00Z,0,7.928,-3.21844,54.6296,86
2025-08-21T03:00:00Z,0,8.378,-3.21844,54.6296,81
2025-08-21T04:00:00Z,0,8.528,-3.21844,54.6296,78
2025-08-21T05:00:00Z,0,8.428,-3.21844,54.6296,77
2025-08-21T06:00:00Z,0,9.228,-3.21844,54.6296,77
2025-08-21T07:00:00Z,0,9.478,-3.21844,54.6296,77
2025-08-21T08:00:00Z,0,9.378,-3.21844,54.6296,80
2025-08-21T09:00:00Z,0,9.428,-3.21844,54.6296,83
2025-08-21T10:00:00Z,0,9.528,-3.21844,54.6296,84
2025-08-21T11:00:00Z,0,9.628,-3.21844,54.6296,83
2025-08-21T12:00:00Z,0,10.078,-3.21844,54.6296,81
2025-08-21T13:00:00Z,0,11.478,-3.21844,54.6296,78
2025-08-21T14:00:00Z,0,12.578,-3.21844,54.6296,76
2025-08-21T15:00:00Z,0,12.978,-3.21844,54.6296,74
2025-08-21T16:00:00Z,0,12.378,-3.21844,54.6296,78
2025-08-21T17:00:00Z,0,12.378,-3.21844,54.6296,81
2025-08-21T18:00:00Z,0,11.978,-3.21844,54.6296,85
2025-08-21T19:00:00Z,0,11.578,-3.21844,54.6296,87
2025-08-21T20:00:00Z,0,11.128,-3.21844,54.6296,91
2025-08-21T21:00:00Z,0,10.828,-3.21844,54.6296,91
2025-08-21T22:00:00Z,0,10.528,-3.21844,54.6296,94
2025-08-21T23:00:00Z,0,10.828,-3.21844,54.6296,95
2025-08-22T00:00:00Z,0,10.678,-3.21844,54.6296,94
2025-08-22T01:00:00Z,0,10.828,-3.21844,54.6296,94
2025-08-22T02:00:00Z,0,11.278,-3.21844,54.6296,92
2025-08-22T03:00:00Z,0,11.278,-3.21844,54.6296,93
2025-08-22T04:00:00Z,0,11.028,-3.21844,54.6296,99
2025-08-22T05:00:00Z,0,11.378,-3.21844,54.6296,100
2025-08-22T06:00:00Z,0,11.228,-3.21844,54.6296,100
2025-08-22T07:00:00Z,0,10.678,-3.21844,54.6296,100
2025-08-22T08:00:00Z,0,10.328,-3.21844,54.6296,100
2025-08-22T09:00:00Z,0,10.278,-3.21844,54.6296,100
2025-08-22T10:00:00Z,0,10.628,-3.21844,54.6296,100
2025-08-22T11:00:00Z,0,11.128,-3.21844,54.6296,98
2025-08-22T12:00:00Z,0,12.178,-3.21844,54.6296,94
2025-08-22T13:00:00Z,0,13.578,-3.21844,54.6296,81
2025-08-22T14:00:00Z,0,14.278,-3.21844,54.6296,76
2025-08-22T15:00:00Z,0,14.628,-3.21844,54.6296,75
2025-08-22T16:00:00Z,0,14.828,-3.21844,54.6296,72
2025-08-22T17:00:00Z,0,14.378,-3.21844,54.6296,75
2025-08-22T18:00:00Z,0,13.728,-3.21844,54.6296,83
2025-08-22T19:00:00Z,0,13.128,-3.21844,54.6296,87
2025-08-22T20:00:00Z,0,12.328,-3.21844,54.6296,90
2025-08-22T21:00:00Z,0,11.578,-3.21844,54.6296,86
2025-08-22T22:00:00Z,0,10.878,-3.21844,54.6296,90
2025-08-22T23:00:00Z,0,10.628,-3.21844,54.6296,93
2025-08-23T00:00:00Z,0,10.678,-3.21844,54.6296,93
2025-08-23T01:00:00Z,0,11.028,-3.21844,54.6296,90
2025-08-23T02:00:00Z,0,10.678,-3.21844,54.6296,92
2025-08-23T03:00:00Z,0,10.028,-3.21844,54.6296,95
2025-08-23T04:00:00Z,0,10.028,-3.21844,54.6296,95
2025-08-23T05:00:00Z,0,9.928,-3.21844,54.6296,94
2025-08-23T06:00:00Z,0,10.378,-3.21844,54.6296,92
2025-08-23T07:00:00Z,0,11.228,-3.21844,54.6296,89
2025-08-23T08:00:00Z,0,12.278,-3.21844,54.6296,83
2025-08-23T09:00:00Z,0,13.228,-3.21844,54.6296,80
2025-08-23T10:00:00Z,0,13.778,-3.21844,54.6296,81
2025-08-23T11:00:00Z,0,13.728,-3.21844,54.6296,82
2025-08-23T12:00:00Z,0,13.628,-3.21844,54.6296,84
2025-08-23T13:00:00Z,0,13.678,-3.21844,54.6296,85
2025-08-23T14:00:00Z,0,14.278,-3.21844,54.6296,82
2025-08-23T15:00:00Z,0,14.628,-3.21844,54.6296,82
2025-08-23T16:00:00Z,0,14.428,-3.21844,54.6296,85
2025-08-23T17:00:00Z,0,13.928,-3.21844,54.6296,86
2025-08-23T18:00:00Z,0,13.25,-3.21844,54.6296,95
2025-08-23T19:00:00Z,0,12.75,-3.21844,54.6296,96
2025-08-23T20:00:00Z,0,12.3,-3.21844,54.6296,96
2025-08-23T21:00:00Z,0,11.95,-3.21844,54.6296,95
2025-08-23T22:00:00Z,0,11.5,-3.21844,54.6296,95
2025-08-23T23:00:00Z,0,11.15,-3.21844,54.6296,95
2025-08-24T00:00:00Z,0,10.95,-3.21844,54.6296,95
2025-08-24T01:00:00Z,0,10.95,-3.21844,54.6296,94
2025-08-24T02:00:00Z,0,11.1,-3.21844,54.6296,94
2025-08-24T03:00:00Z,0,11.25,-3.21844,54.6296,93
2025-08-24T04:00:00Z,0,11.1,-3.21844,54.6296,93
2025-08-24T05:00:00Z,0,10.85,-3.21844,54.6296,94
2025-08-24T06:00:00Z,0,10.95,-3.21844,54.6296,93
2025-08-24T07:00:00Z,0,11.5,-3.21844,54.6296,91
2025-08-24T08:00:00Z,0,12.4,-3.21844,54.6296,88
2025-08-24T09:00:00Z,0,13.25,-3.21844,54.6296,85
2025-08-24T10:00:00Z,0,14.0,-3.21844,54.6296,82
2025-08-24T11:00:00Z,0,14.7,-3.21844,54.6296,80
2025-08-24T12:00:00Z,0,15.3,-3.21844,54.6296,78
2025-08-24T13:00:00Z,0,15.7,-3.21844,54.6296,76
2025-08-24T14:00:00Z,0,15.95,-3.21844,54.6296,75
2025-08-24T15:00:00Z,0,16.05,-3.21844,54.6296,75
2025-08-24T16:00:00Z,0,15.9,-3.21844,54.6296,76
2025-08-24T17:00:00Z,0,15.65,-3.21844,54.6296,77
2025-08-24T18:00:00Z,0,15.2,-3.21844,54.6296,79
2025-08-24T19:00:00Z,0,14.45,-3.21844,54.6296,81
2025-08-24T20:00:00Z,0,13.6,-3.21844,54.6296,84
2025-08-24T21:00:00Z,0,12.9,-3.21844,54.6296,86
2025-08-24T22:00:00Z,0,12.5,-3.21844,54.6296,87
2025-08-24T23:00:00Z,0,12.3,-3.21844,54.6296,87
2025-08-25T00:00:00Z,0,12.15,-3.21844,54.6296,87
2025-08-25T01:00:00Z,0,11.85,-3.21844,54.6296,87
2025-08-25T02:00:00Z,0,11.55,-3.21844,54.6296,87
2025-08-25T03:00:00Z,0,11.45,-3.21844,54.6296,87
2025-08-25T04:00:00Z,0,11.45,-3.21844,54.6296,86
2025-08-25T05:00:00Z,0,11.6,-3.21844,54.6296,85
2025-08-25T06:00:00Z,0,12.0,-3.21844,54.6296,83
2025-08-25T07:00:00Z,0,12.6,-3.21844,54.6296,80
2025-08-25T08:00:00Z,0,13.4,-3.21844,54.6296,75
2025-08-25T09:00:00Z,0,14.25,-3.21844,54.6296,72
2025-08-25T10:00:00Z,0,15.0,-3.21844,54.6296,71
2025-08-25T11:00:00Z,0,15.75,-3.21844,54.6296,70
2025-08-25T12:00:00Z,0,16.4,-3.21844,54.6296,69
2025-08-25T13:00:00Z,0,16.95,-3.21844,54.6296,66
2025-08-25T14:00:00Z,0,17.45,-3.21844,54.6296,63
2025-08-25T15:00:00Z,0,17.65,-3.21844,54.6296,62
2025-08-25T16:00:00Z,0,17.3,-3.21844,54.6296,64
2025-08-25T17:00:00Z,0,16.6,-3.21844,54.6296,67
2025-08-25T18:00:00Z,0,15.85,-3.21844,54.6296,69
2025-08-25T19:00:00Z,0,14.95,-3.21844,54.6296,69
2025-08-25T20:00:00Z,0,13.95,-3.21844,54.6296,68
2025-08-25T21:00:00Z,0,13.3,-3.21844,54.6296,68
2025-08-25T22:00:00Z,0,13.05,-3.21844,54.6296,68
2025-08-25T23:00:00Z,0,13.15,-3.21844,54.6296,69
2025-08-26T00:00:00Z,0,13.2,-3.21844,54.6296,70
2025-08-26T01:00:00Z,0,13.1,-3.21844,54.6296,72
2025-08-26T02:00:00Z,0,12.95,-3.21844,54.6296,74
2025-08-26T03:00:00Z,0,12.85,-3.21844,54.6296,75
2025-08-26T04:00:00Z,0,12.6,-3.21844,54.6296,75
2025-08-26T05:00:00Z,0,12.4,-3.21844,54.6296,74
2025-08-26T06:00:00Z,0,12.5,-3.21844,54.6296,73
2025-08-26T07:00:00Z,0,13.0,-3.21844,54.6296,73
2025-08-26T08:00:00Z,0,13.85,-3.21844,54.6296,73
2025-08-26T09:00:00Z,0,14.6,-3.21844,54.6296,74
2025-08-26T10:00:00Z,0,15.05,-3.21844,54.6296,75
2025-08-26T11:00:00Z,0,15.4,-3.21844,54.6296,76
2025-08-26T12:00:00Z,0,15.95,-3.21844,54.6296,76
2025-08-26T13:00:00Z,0,16.95,-3.21844,54.6296,72
2025-08-26T14:00:00Z,0,18.15,-3.21844,54.6296,67
2025-08-26T15:00:00Z,0,18.65,-3.21844,54.6296,65
2025-08-26T16:00:00Z,0,17.85,-3.21844,54.6296,71
2025-08-26T17:00:00Z,0,16.35,-3.21844,54.6296,81
2025-08-26T18:00:00Z,0,15.0,-3.21844,54.6296,89
2025-08-26T19:00:00Z,0,14.0,-3.21844,54.6296,94
2025-08-26T20:00:00Z,0,13.2,-3.21844,54.6296,98
2025-08-26T21:00:00Z,0,12.65,-3.21844,54.6296,100
2025-08-26T22:00:00Z,0,12.5,-3.21844,54.6296,100
2025-08-26T23:00:00Z,0,12.65,-3.21844,54.6296,100
2025-08-27T00:00:00Z,0,12.75,-3.21844,54.6296,99
2025-08-27T01:00:00Z,0,12.55,-3.21844,54.6296,99
2025-08-27T02:00:00Z,0,12.25,-3.21844,54.6296,100
2025-08-27T03:00:00Z,0,12.1,-3.21844,54.6296,100
2025-08-27T04:00:00Z,0,12.0,-3.21844,54.6296,100
2025-08-27T05:00:00Z,0,11.95,-3.21844,54.6296,100
2025-08-27T06:00:00Z,0,12.1,-3.21844,54.6296,100
2025-08-27T07:00:00Z,0,12.45,-3.21844,54.6296,97
2025-08-27T08:00:00Z,0,13.0,-3.21844,54.6296,94
2025-08-27T09:00:00Z,0,13.55,-3.21844,54.6296,90
2025-08-27T10:00:00Z,0,14.05,-3.21844,54.6296,86
2025-08-27T11:00:00Z,0,14.55,-3.21844,54.6296,83
2025-08-27T12:00:00Z,0,14.95,-3.21844,54.6296,80
2025-08-27T13:00:00Z,0,15.05,-3.21844,54.6296,79
2025-08-27T14:00:00Z,0,15.05,-3.21844,54.6296,78
2025-08-27T15:00:00Z,0,14.95,-3.21844,54.6296,78
2025-08-27T16:00:00Z,0,14.75,-3.21844,54.6296,78
2025-08-27T17:00:00Z,0,14.55,-3.21844,54.6296,79
2025-08-27T18:00:00Z,0,14.2,-3.21844,54.6296,81
2025-08-27T19:00:00Z,0,13.65,-3.21844,54.6296,83
2025-08-27T20:00:00Z,0,13.0,-3.21844,54.6296,86
2025-08-27T21:00:00Z,0,12.4,-3.21844,54.6296,89
2025-08-27T22:00:00Z,0,11.75,-3.21844,54.6296,92
2025-08-27T23:00:00Z,0,11.1,-3.21844,54.6296,95
2025-08-21T00:00:00Z,0,6.0345,-3.17312,54.64861,92
2025-08-21T01:00:00Z,0,6.0345,-3.17312,54.64861,93
2025-08-21T02:00:00Z,0,6.2845,-3.17312,54.64861,92
2025-08-21T03:00:00Z,0,6.8345003,-3.17312,54.64861,86
2025-08-21T04:00:00Z,0,6.3345003,-3.17312,54.64861,86
2025-08-21T05:00:00Z,0,6.6344995,-3.17312,54.64861,84
2025-08-21T06:00:00Z,0,7.8844995,-3.17312,54.64861,81
2025-08-21T07:00:00Z,0,8.2345,-3.17312,54.64861,81
2025-08-21T08:00:00Z,0,8.2345,-3.17312,54.64861,83
2025-08-21T09:00:00Z,0,8.1845,-3.17312,54.64861,85
2025-08-21T10:00:00Z,0,8.2345,-3.17312,54.64861,86
2025-08-21T11:00:00Z,0,8.3845,-3.17312,54.64861,87
2025-08-21T12:00:00Z,0,8.6345,-3.17312,54.64861,86
2025-08-21T13:00:00Z,0,9.834499,-3.17312,54.64861,83
2025-08-21T14:00:00Z,0,10.9345,-3.17312,54.64861,81
2025-08-21T15:00:00Z,0,11.4345,-3.17312,54.64861,79
2025-08-21T16:00:00Z,0,10.6345,-3.17312,54.64861,85
2025-08-21T17:00:00Z,0,10.8845,-3.17312,54.64861,86
2025-08-21T18:00:00Z,0,10.3845,-3.17312,54.64861,89
2025-08-21T19:00:00Z,0,9.9845,-3.17312,54.64861,92
2025-08-21T20:00:00Z,0,9.1845,-3.17312,54.64861,97
2025-08-21T21:00:00Z,0,8.9845,-3.17312,54.64861,96
2025-08-21T22:00:00Z,0,9.084499,-3.17312,54.64861,96
2025-08-21T23:00:00Z,0,9.334499,-3.17312,54.64861,98
2025-08-22T00:00:00Z,0,9.3845,-3.17312,54.64861,97
2025-08-22T01:00:00Z,0,9.5345,-3.17312,54.64861,97
2025-08-22T02:00:00Z,0,9.7845,-3.17312,54.64861,96
2025-08-22T03:00:00Z,0,9.8845,-3.17312,54.64861,96
2025-08-22T04:00:00Z,0,9.7845,-3.17312,54.64861,100
2025-08-22T05:00:00Z,0,10.2345,-3.17312,54.64861,100
2025-08-22T06:00:00Z,0,10.0345,-3.17312,54.64861,100
2025-08-22T07:00:00Z,0,9.4345,-3.17312,54.64861,100
2025-08-22T08:00:00Z,0,8.9845,-3.17312,54.64861,100
2025-08-22T09:00:00Z,0,8.9845,-3.17312,54.64861,100
2025-08-22T10:00:00Z,0,9.3845,-3.17312,54.64861,100
2025-08-22T11:00:00Z,0,10.0345,-3.17312,54.64861,100
2025-08-22T12:00:00Z,0,10.7345,-3.17312,54.64861,97
2025-08-22T13:00:00Z,0,11.9845,-3.17312,54.64861,84
2025-08-22T14:00:00Z,0,12.7845,-3.17312,54.64861,79
2025-08-22T15:00:00Z,0,13.1345,-3.17312,54.64861,78
2025-08-22T16:00:00Z,0,13.1845,-3.17312,54.64861,77
2025-08-22T17:00:00Z,0,12.6845,-3.17312,54.64861,81
2025-08-22T18:00:00Z,0,12.084499,-3.17312,54.64861,88
2025-08-22T19:00:00Z,0,11.6345,-3.17312,54.64861,91
2025-08-22T20:00:00Z,0,10.7345,-3.17312,54.64861,93
2025-08-22T21:00:00Z,0,10.1345,-3.17312,54.64861,90
2025-08-22T22:00:00Z,0,9.3845,-3.17312,54.64861,92
2025-08-22T23:00:00Z,0,9.2345,-3.17312,54.64861,94
2025-08-23T00:00:00Z,0,9.2845,-3.17312,54.64861,94
2025-08-23T01:00:00Z,0,9.4845,-3.17312,54.64861,92
2025-08-23T02:00:00Z,0,8.8845,-3.17312,54.64861,94
2025-08-23T03:00:00Z,0,8.2345,-3.17312,54.64861,96
2025-08-23T04:00:00Z,0,8.334499,-3.17312,54.64861,95
2025-08-23T05:00:00Z,0,8.2345,-3.17312,54.64861,95
2025-08-23T06:00:00Z,0,8.7345,-3.17312,54.64861,94
2025-08-23T07:00:00Z,0,9.9345,-3.17312,54.64861,94
2025-08-23T08:00:00Z,0,11.2345,-3.17312,54.64861,86
2025-08-23T09:00:00Z,0,12.084499,-3.17312,54.64861,82
2025-08-23T10:00:00Z,0,12.584499,-3.17312,54.64861,84
2025-08-23T11:00:00Z,0,12.6345,-3.17312,54.64861,84
2025-08-23T12:00:00Z,0,12.4345,-3.17312,54.64861,88
2025-08-23T13:00:00Z,0,12.4345,-3.17312,54.64861,89
2025-08-23T14:00:00Z,0,12.9345,-3.17312,54.64861,85
2025-08-23T15:00:00Z,0,13.2845,-3.17312,54.64861,85
2025-08-23T16:00:00Z,0,13.0345,-3.17312,54.64861,89
2025-08-23T17:00:00Z,0,12.4845,-3.17312,54.64861,91
2025-08-23T18:00:00Z,0,11.95,-3.17312,54.64861,95
2025-08-23T19:00:00Z,0,11.45,-3.17312,54.64861,96
2025-08-23T20:00:00Z,0,11.05,-3.17312,54.64861,96
2025-08-23T21:00:00Z,0,10.65,-3.17312,54.64861,95
2025-08-23T22:00:00Z,0,10.25,-3.17312,54.64861,95
2025-08-23T23:00:00Z,0,9.9,-3.17312,54.64861,95
2025-08-24T00:00:00Z,0,9.65,-3.17312,54.64861,95
2025-08-24T01:00:00Z,0,9.7,-3.17312,54.64861,94
2025-08-24T02:00:00Z,0,9.85,-3.17312,54.64861,94
2025-08-24T03:00:00Z,0,9.95,-3.17312,54.64861,93
2025-08-24T04:00:00Z,0,9.8,-3.17312,54.64861,93
2025-08-24T05:00:00Z,0,9.6,-3.17312,54.64861,94
2025-08-24T06:00:00Z,0,9.65,-3.17312,54.64861,93
2025-08-24T07:00:00Z,0,10.25,-3.17312,54.64861,91
2025-08-24T08:00:00Z,0,11.1,-3.17312,54.64861,88
2025-08-24T09:00:00Z,0,11.95,-3.17312,54.64861,85
2025-08-24T10:00:00Z,0,12.7,-3.17312,54.64861,82
2025-08-24T11:00:00Z,0,13.45,-3.17312,54.64861,80
2025-08-24T12:00:00Z,0,14.0,-3.17312,54.64861,78
2025-08-24T13:00:00Z,0,14.4,-3.17312,54.64861,76
2025-08-24T14:00:00Z,0,14.65,-3.17312,54.64861,75
2025-08-24T15:00:00Z,0,14.75,-3.17312,54.64861,75
2025-08-24T16:00:00Z,0,14.65,-3.17312,54.64861,76
2025-08-24T17:00:00Z,0,14.35,-3.17312,54.64861,77
2025-08-24T18:00:00Z,0,13.9,-3.17312,54.64861,79
2025-08-24T19:00:00Z,0,13.2,-3.17312,54.64861,81
2025-08-24T20:00:00Z,0,12.3,-3.17312,54.64861,84
2025-08-24T21:00:00Z,0,11.6,-3.17312,54.64861,86
2025-08-24T22:00:00Z,0,11.25,-3.17312,54.64861,87
2025-08-24T23:00:00Z,0,11.05,-3.17312,54.64861,87
2025-08-25T00:00:00Z,0,10.85,-3.17312,54.64861,87
2025-08-25T01:00:00Z,0,10.55,-3.17312,54.64861,87
2025-08-25T02:00:00Z,0,10.3,-3.17312,54.64861,87
2025-08-25T03:00:00Z,0,10.15,-3.17312,54.64861,87
2025-08-25T04:00:00Z,0,10.2,-3.17312,54.64861,86
2025-08-25T05:00:00Z,0,10.35,-3.17312,54.64861,85
2025-08-25T06:00:00Z,0,10.7,-3.17312,54.64861,83
2025-08-25T07:00:00Z,0,11.35,-3.17312,54.64861,80
2025-08-25T08:00:00Z,0,12.15,-3.17312,54.64861,75
2025-08-25T09:00:00Z,0,12.95,-3.17312,54.64861,72
2025-08-25T10:00:00Z,0,13.7,-3.17312,54.64861,71
2025-08-25T11:00:00Z,0,14.45,-3.17312,54.64861,70
2025-08-25T12:00:00Z,0,15.1,-3.17312,54.64861,69
2025-08-25T13:00:00Z,0,15.7,-3.17312,54.64861,66
2025-08-25T14:00:00Z,0,16.2,-3.17312,54.64861,63
2025-08-25T15:00:00Z,0,16.35,-3.17312,54.64861,62
2025-08-25T16:00:00Z,0,16.0,-3.17312,54.64861,64
2025-08-25T17:00:00Z,0,15.3,-3.17312,54.64861,67
2025-08-25T18:00:00Z,0,14.55,-3.17312,54.64861,69
2025-08-25T19:00:00Z,0,13.65,-3.17312,54.64861,69
2025-08-25T20:00:00Z,0,12.7,-3.17312,54.64861,68
2025-08-25T21:00:00Z,0,12.0,-3.17312,54.64861,68
2025-08-25T22:00:00Z,0,11.8,-3.17312,54.64861,68
2025-08-25T23:00:00Z,0,11.85,-3.17312,54.64861,69
2025-08-26T00:00:00Z,0,11.9,-3.17312,54.64861,70
2025-08-26T01:00:00Z,0,11.8,-3.17312,54.64861,72
2025-08-26T02:00:00Z,0,11.7,-3.17312,54.64861,74
2025-08-26T03:00:00Z,0,11.55,-3.17312,54.64861,75
2025-08-26T04:00:00Z,0,11.35,-3.17312,54.64861,75
2025-08-26T05:00:00Z,0,11.15,-3.17312,54.64861,74
2025-08-26T06:00:00Z,0,11.2,-3.17312,54.64861,73
2025-08-26T07:00:00Z,0,11.75,-3.17312,54.64861,73
2025-08-26T08:00:00Z,0,12.55,-3.17312,54.64861,73
2025-08-26T09:00:00Z,0,13.3,-3.17312,54.64861,74
2025-08-26T10:00:00Z,0,13.75,-3.17312,54.64861,75
2025-08-26T11:00:00Z,0,14.15,-3.17312,54.64861,76
2025-08-26T12:00:00Z,0,14.65,-3.17312,54.64861,76
2025-08-26T13:00:00Z,0,15.7,-3.17312,54.64861,72
2025-08-26T14:00:00Z,0,16.85,-3.17312,54.64861,67
2025-08-26T15:00:00Z,0,17.35,-3.17312,54.64861,65
2025-08-26T16:00:00Z,0,16.55,-3.17312,54.64861,71
2025-08-26T17:00:00Z,0,15.05,-3.17312,54.64861,81
2025-08-26T18:00:00Z,0,13.7,-3.17312,54.64861,89
2025-08-26T19:00:00Z,0,12.75,-3.17312,54.64861,94
2025-08-26T20:00:00Z,0,11.9,-3.17312,54.64861,98
2025-08-26T21:00:00Z,0,11.35,-3.17312,54.64861,100
2025-08-26T22:00:00Z,0,11.25,-3.17312,54.64861,100
2025-08-26T23:00:00Z,0,11.4,-3.17312,54.64861,100
2025-08-27T00:00:00Z,0,11.45,-3.17312,54.64861,99
2025-08-27T01:00:00Z,0,11.25,-3.17312,54.64861,99
2025-08-27T02:00:00Z,0,11.0,-3.17312,54.64861,100
2025-08-27T03:00:00Z,0,10.8,-3.17312,54.64861,100
2025-08-27T04:00:00Z,0,10.7,-3.17312,54.64861,100
2025-08-27T05:00:00Z,0,10.65,-3.17312,54.64861,100
2025-08-27T06:00:00Z,0,10.8,-3.17312,54.64861,100
2025-08-27T07:00:00Z,0,11.2,-3.17312,54.64861,97
2025-08-27T08:00:00Z,0,11.7,-3.17312,54.64861,94
2025-08-27T09:00:00Z,0,12.25,-3.17312,54.64861,90
2025-08-27T10:00:00Z,0,12.8,-3.17312,54.64861,86
2025-08-27T11:00:00Z,0,13.3,-3.17312,54.64861,83
2025-08-27T12:00:00Z,0,13.65,-3.17312,54.64861,80
2025-08-27T13:00:00Z,0,13.8,-3.17312,54.64861,79
2025-08-27T14:00:00Z,0,13.75,-3.17312,54.64861,78
2025-08-27T15:00:00Z,0,13.65,-3.17312,54.64861,78
2025-08-27T16:00:00Z,0,13.5,-3.17312,54.64861,78
2025-08-27T17:00:00Z,0,13.25,-3.17312,54.64861,79
2025-08-27T18:00:00Z,0,12.9,-3.17312,54.64861,81
2025-08-27T19:00:00Z,0,12.4,-3.17312,54.64861,83
2025-08-27T20:00:00Z,0,11.75,-3.17312,54.64861,86
2025-08-27T21:00:00Z,0,11.1,-3.17312,54.64861,89
2025-08-27T22:00:00Z,0,10.45,-3.17312,54.64861,92
2025-08-27T23:00:00Z,0,9.85,-3.17312,54.64861,95
2025-08-21T00:00:00Z,0,7.8025,-3.2758,54.6205,89
2025-08-21T01:00:00Z,0,7.7025003,-3.2758,54.6205,90
2025-08-21T02:00:00Z,0,7.6025,-3.2758,54.6205,90
2025-08-21T03:00:00Z,0,8.4025,-3.2758,54.6205,86
2025-08-21T04:00:00Z,0,8.3025,-3.2758,54.6205,86
2025-08-21T05:00:00Z,0,8.0025,-3.2758,54.6205,86
2025-08-21T06:00:00Z,0,10.1025,-3.2758,54.6205,78
2025-08-21T07:00:00Z,0,10.6525,-3.2758,54.6205,77
2025-08-21T08:00:00Z,0,10.702499,-3.2758,54.6205,77
2025-08-21T09:00:00Z,0,10.8025,-3.2758,54.6205,78
2025-08-21T10:00:00Z,0,11.0025,-3.2758,54.6205,78
2025-08-21T11:00:00Z,0,11.452499,-3.2758,54.6205,77
2025-08-21T12:00:00Z,0,12.4025,-3.2758,54.6205,73
2025-08-21T13:00:00Z,0,13.7525,-3.2758,54.6205,72
2025-08-21T14:00:00Z,0,14.702499,-3.2758,54.6205,70
2025-08-21T15:00:00Z,0,14.1525,-3.2758,54.6205,74
2025-08-21T16:00:00Z,0,14.3025,-3.2758,54.6205,74
2025-08-21T17:00:00Z,0,14.0525,-3.2758,54.6205,78
2025-08-21T18:00:00Z,0,13.7525,-3.2758,54.6205,80
2025-08-21T19:00:00Z,0,13.2525,-3.2758,54.6205,84
2025-08-21T20:00:00Z,0,12.702499,-3.2758,54.6205,86
2025-08-21T21:00:00Z,0,12.8025,-3.2758,54.6205,85
2025-08-21T22:00:00Z,0,12.452499,-3.2758,54.6205,88
2025-08-21T23:00:00Z,0,12.8025,-3.2758,54.6205,89
2025-08-22T00:00:00Z,0,12.4025,-3.2758,54.6205,90
2025-08-22T01:00:00Z,0,12.952499,-3.2758,54.6205,87
2025-08-22T02:00:00Z,0,12.8525,-3.2758,54.6205,88
2025-08-22T03:00:00Z,0,12.7525,-3.2758,54.6205,90
2025-08-22T04:00:00Z,0,12.6525,-3.2758,54.6205,95
2025-08-22T05:00:00Z,0,12.7525,-3.2758,54.6205,100
2025-08-22T06:00:00Z,0,12.8025,-3.2758,54.6205,99
2025-08-22T07:00:00Z,0,12.6525,-3.2758,54.6205,98
2025-08-22T08:00:00Z,0,12.2525,-3.2758,54.6205,96
2025-08-22T09:00:00Z,0,11.8025,-3.2758,54.6205,96
2025-08-22T10:00:00Z,0,11.6525,-3.2758,54.6205,98
2025-08-22T11:00:00Z,0,12.202499,-3.2758,54.6205,98
2025-08-22T12:00:00Z,0,14.452499,-3.2758,54.6205,87
2025-08-22T13:00:00Z,0,15.5525,-3.2758,54.6205,76
2025-08-22T14:00:00Z,0,16.4025,-3.2758,54.6205,70
2025-08-22T15:00:00Z,0,16.5025,-3.2758,54.6205,73
2025-08-22T16:00:00Z,0,16.5525,-3.2758,54.6205,72
2025-08-22T17:00:00Z,0,15.8525,-3.2758,54.6205,75
2025-08-22T18:00:00Z,0,15.4025,-3.2758,54.6205,79
2025-08-22T19:00:00Z,0,14.8525,-3.2758,54.6205,83
2025-08-22T20:00:00Z,0,13.9025,-3.2758,54.6205,88
2025-08-22T21:00:00Z,0,13.7525,-3.2758,54.6205,84
2025-08-22T22:00:00Z,0,12.452499,-3.2758,54.6205,86
2025-08-22T23:00:00Z,0,11.5525,-3.2758,54.6205,90
2025-08-23T00:00:00Z,0,11.6025,-3.2758,54.6205,92
2025-08-23T01:00:00Z,0,12.0025,-3.2758,54.6205,91
2025-08-23T02:00:00Z,0,11.702499,-3.2758,54.6205,92
2025-08-23T03:00:00Z,0,10.8025,-3.2758,54.6205,94
2025-08-23T04:00:00Z,0,10.702499,-3.2758,54.6205,95
2025-08-23T05:00:00Z,0,10.5525,-3.2758,54.6205,95
2025-08-23T06:00:00Z,0,11.0525,-3.2758,54.6205,94
2025-08-23T07:00:00Z,0,12.6525,-3.2758,54.6205,90
2025-08-23T08:00:00Z,0,14.0525,-3.2758,54.6205,83
2025-08-23T09:00:00Z,0,14.8525,-3.2758,54.6205,79
2025-08-23T10:00:00Z,0,15.3525,-3.2758,54.6205,77
2025-08-23T11:00:00Z,0,15.0025,-3.2758,54.6205,79
2025-08-23T12:00:00Z,0,15.0525,-3.2758,54.6205,80
2025-08-23T13:00:00Z,0,15.3025,-3.2758,54.6205,80
2025-08-23T14:00:00Z,0,15.6525,-3.2758,54.6205,81
2025-08-23T15:00:00Z,0,16.1025,-3.2758,54.6205,80
2025-08-23T16:00:00Z,0,15.7525,-3.2758,54.6205,82
2025-08-23T17:00:00Z,0,15.4025,-3.2758,54.6205,83
2025-08-23T18:00:00Z,0,14.95,-3.2758,54.6205,82
2025-08-23T19:00:00Z,0,14.45,-3.2758,54.6205,84
2025-08-23T20:00:00Z,0,13.9,-3.2758,54.6205,86
2025-08-23T21:00:00Z,0,13.45,-3.2758,54.6205,87
2025-08-23T22:00:00Z,0,13.25,-3.2758,54.6205,87
2025-08-23T23:00:00Z,0,13.1,-3.2758,54.6205,86
2025-08-24T00:00:00Z,0,12.9,-3.2758,54.6205,85
2025-08-24T01:00:00Z,0,12.65,-3.2758,54.6205,86
2025-08-24T02:00:00Z,0,12.35,-3.2758,54.6205,87
2025-08-24T03:00:00Z,0,12.15,-3.2758,54.6205,88
2025-08-24T04:00:00Z,0,12.2,-3.2758,54.6205,88
2025-08-24T05:00:00Z,0,12.4,-3.2758,54.6205,88
2025-08-24T06:00:00Z,0,12.75,-3.2758,54.6205,87
2025-08-24T07:00:00Z,0,13.35,-3.2758,54.6205,85
2025-08-24T08:00:00Z,0,14.15,-3.2758,54.6205,83
2025-08-24T09:00:00Z,0,14.9,-3.2758,54.6205,81
2025-08-24T10:00:00Z,0,15.65,-3.2758,54.6205,79
2025-08-24T11:00:00Z,0,16.4,-3.2758,54.6205,77
2025-08-24T12:00:00Z,0,17.05,-3.2758,54.6205,75
2025-08-24T13:00:00Z,0,17.7,-3.2758,54.6205,72
2025-08-24T14:00:00Z,0,18.3,-3.2758,54.6205,69
2025-08-24T15:00:00Z,0,18.55,-3.2758,54.6205,67
2025-08-24T16:00:00Z,0,18.5,-3.2758,54.6205,68
2025-08-24T17:00:00Z,0,18.15,-3.2758,54.6205,70
2025-08-24T18:00:00Z,0,17.6,-3.2758,54.6205,73
2025-08-24T19:00:00Z,0,16.85,-3.2758,54.6205,77
2025-08-24T20:00:00Z,0,15.95,-3.2758,54.6205,82
2025-08-24T21:00:00Z,0,15.1,-3.2758,54.6205,86
2025-08-24T22:00:00Z,0,14.45,-3.2758,54.6205,87
2025-08-24T23:00:00Z,0,13.9,-3.2758,54.6205,87
2025-08-25T00:00:00Z,0,13.45,-3.2758,54.6205,87
2025-08-25T01:00:00Z,0,13.2,-3.2758,54.6205,87
2025-08-25T02:00:00Z,0,13.05,-3.2758,54.6205,88
2025-08-25T03:00:00Z,0,13.0,-3.2758,54.6205,87
2025-08-25T04:00:00Z,0,13.1,-3.2758,54.6205,85
2025-08-25T05:00:00Z,0,13.35,-3.2758,54.6205,82
2025-08-25T06:00:00Z,0,13.8,-3.2758,54.6205,79
2025-08-25T07:00:00Z,0,14.6,-3.2758,54.6205,75
2025-08-25T08:00:00Z,0,15.65,-3.2758,54.6205,72
2025-08-25T09:00:00Z,0,16.6,-3.2758,54.6205,68
2025-08-25T10:00:00Z,0,17.55,-3.2758,54.6205,65
2025-08-25T11:00:00Z,0,18.45,-3.2758,54.6205,62
2025-08-25T12:00:00Z,0,19.1,-3.2758,54.6205,60
2025-08-25T13:00:00Z,0,19.45,-3.2758,54.6205,58
2025-08-25T14:00:00Z,0,19.55,-3.2758,54.6205,57
2025-08-25T15:00:00Z,0,19.45,-3.2758,54.6205,57
2025-08-25T16:00:00Z,0,19.2,-3.2758,54.6205,58
2025-08-25T17:00:00Z,0,18.7,-3.2758,54.6205,61
2025-08-25T18:00:00Z,0,18.0,-3.2758,54.6205,63
2025-08-25T19:00:00Z,0,16.9,-3.2758,54.6205,65
2025-08-25T20:00:00Z,0,15.6,-3.2758,54.6205,68
2025-08-25T21:00:00Z,0,14.6,-3.2758,54.6205,69
2025-08-25T22:00:00Z,0,14.25,-3.2758,54.6205,68
2025-08-25T23:00:00Z,0,14.25,-3.2758,54.6205,66
2025-08-26T00:00:00Z,0,14.35,-3.2758,54.6205,65
2025-08-26T01:00:00Z,0,14.6,-3.2758,54.6205,65
2025-08-26T02:00:00Z,0,14.9,-3.2758,54.6205,66
2025-08-26T03:00:00Z,0,15.0,-3.2758,54.6205,67
2025-08-26T04:00:00Z,0,14.7,-3.2758,54.6205,68
2025-08-26T05:00:00Z,0,14.15,-3.2758,54.6205,69
2025-08-26T06:00:00Z,0,14.05,-3.2758,54.6205,69
2025-08-26T07:00:00Z,0,14.9,-3.2758,54.6205,68
2025-08-26T08:00:00Z,0,16.15,-3.2758,54.6205,67
2025-08-26T09:00:00Z,0,17.05,-3.2758,54.6205,67
2025-08-26T10:00:00Z,0,17.15,-3.2758,54.6205,69
2025-08-26T11:00:00Z,0,16.9,-3.2758,54.6205,71
2025-08-26T12:00:00Z,0,17.05,-3.2758,54.6205,72
2025-08-26T13:00:00Z,0,18.25,-3.2758,54.6205,68
2025-08-26T14:00:00Z,0,19.8,-3.2758,54.6205,62
2025-08-26T15:00:00Z,0,20.65,-3.2758,54.6205,60
2025-08-26T16:00:00Z,0,20.25,-3.2758,54.6205,65
2025-08-26T17:00:00Z,0,19.1,-3.2758,54.6205,74
2025-08-26T18:00:00Z,0,17.95,-3.2758,54.6205,82
2025-08-26T19:00:00Z,1,17.05,-3.2758,54.6205,87
2025-08-26T20:00:00Z,1,16.05,-3.2758,54.6205,92
2025-08-26T21:00:00Z,1,15.2,-3.2758,54.6205,95
2025-08-26T22:00:00Z,0,14.5,-3.2758,54.6205,97
2025-08-26T23:00:00Z,0,13.85,-3.2758,54.6205,97
2025-08-27T00:00:00Z,0,13.35,-3.2758,54.6205,98
2025-08-27T01:00:00Z,0,13.0,-3.2758,54.6205,99
2025-08-27T02:00:00Z,0,12.75,-3.2758,54.6205,100
2025-08-27T03:00:00Z,0,12.6,-3.2758,54.6205,100
2025-08-27T04:00:00Z,0,12.6,-3.2758,54.6205,100
2025-08-27T05:00:00Z,0,12.7,-3.2758,54.6205,100
2025-08-27T06:00:00Z,0,13.05,-3.2758,54.6205,98
2025-08-27T07:00:00Z,0,13.8,-3.2758,54.6205,94
2025-08-27T08:00:00Z,0,14.85,-3.2758,54.6205,89
2025-08-27T09:00:00Z,0,15.8,-3.2758,54.6205,84
2025-08-27T10:00:00Z,0,16.8,-3.2758,54.6205,79
2025-08-27T11:00:00Z,0,17.75,-3.2758,54.6205,74
2025-08-27T12:00:00Z,0,18.4,-3.2758,54.6205,70
2025-08-27T13:00:00Z,0,18.6,-3.2758,54.6205,68
2025-08-27T14:00:00Z,0,18.5,-3.2758,54.6205,68
2025-08-27T15:00:00Z,0,18.25,-3.2758,54.6205,69
2025-08-27T16:00:00Z,0,17.95,-3.2758,54.6205,70
2025-08-27T17:00:00Z,0,17.45,-3.2758,54.6205,72
2025-08-27T18:00:00Z,0,16.8,-3.2758,54.6205,74
2025-08-27T19:00:00Z,0,16.05,-3.2758,54.6205,77
2025-08-27T20:00:00Z,0,15.15,-3.2758,54.6205,81
2025-08-27T21:00:00Z,0,14.2,-3.2758,54.6205,85
2025-08-27T22:00:00Z,0,13.25,-3.2758,54.6205,89
2025-08-27T23:00:00Z,0,12.3,-3.2758,54.6205,92
2025-08-21T00:00:00Z,0,7.444,-3.1686,54.7564,90
2025-08-21T01:00:00Z,0,7.394,-3.1686,54.7564,90
2025-08-21T02:00:00Z,0,7.594,-3.1686,54.7564,89
2025-08-21T03:00:00Z,0,8.2439995,-3.1686,54.7564,84
2025-08-21T04:00:00Z,0,8.594,-3.1686,54.7564,83
2025-08-21T05:00:00Z,0,9.094,-3.1686,54.7564,78
2025-08-21T06:00:00Z,0,9.044,-3.1686,54.7564,81
2025-08-21T07:00:00Z,0,9.644,-3.1686,54.7564,80
2025-08-21T08:00:00Z,0,9.7439995,-3.1686,54.7564,82
2025-08-21T09:00:00Z,0,9.894,-3.1686,54.7564,83
2025-08-21T10:00:00Z,0,10.194,-3.1686,54.7564,82
2025-08-21T11:00:00Z,0,10.544,-3.1686,54.7564,80
2025-08-21T12:00:00Z,0,11.094,-3.1686,54.7564,79
2025-08-21T13:00:00Z,0,12.394,-3.1686,54.7564,75
2025-08-21T14:00:00Z,0,13.794,-3.1686,54.7564,73
2025-08-21T15:00:00Z,0,13.794,-3.1686,54.7564,71
2025-08-21T16:00:00Z,0,13.444,-3.1686,54.7564,76
2025-08-21T17:00:00Z,0,13.394,-3.1686,54.7564,76
2025-08-21T18:00:00Z,0,13.294,-3.1686,54.7564,80
2025-08-21T19:00:00Z,0,12.944,-3.1686,54.7564,82
2025-08-21T20:00:00Z,0,12.4939995,-3.1686,54.7564,84
2025-08-21T21:00:00Z,0,12.2439995,-3.1686,54.7564,85
2025-08-21T22:00:00Z,0,11.9939995,-3.1686,54.7564,86
2025-08-21T23:00:00Z,0,11.894,-3.1686,54.7564,89
2025-08-22T00:00:00Z,0,12.044,-3.1686,54.7564,89
2025-08-22T01:00:00Z,0,12.144,-3.1686,54.7564,89
2025-08-22T02:00:00Z,0,12.144,-3.1686,54.7564,88
2025-08-22T03:00:00Z,0,12.044,-3.1686,54.7564,90
2025-08-22T04:00:00Z,0,12.144,-3.1686,54.7564,98
2025-08-22T05:00:00Z,0,11.944,-3.1686,54.7564,97
2025-08-22T06:00:00Z,0,11.844,-3.1686,54.7564,94
2025-08-22T07:00:00Z,0,11.444,-3.1686,54.7564,93
2025-08-22T08:00:00Z,0,11.4939995,-3.1686,54.7564,90
2025-08-22T09:00:00Z,0,11.4939995,-3.1686,54.7564,91
2025-08-22T10:00:00Z,0,12.4939995,-3.1686,54.7564,90
2025-08-22T11:00:00Z,0,12.594,-3.1686,54.7564,90
2025-08-22T12:00:00Z,0,14.344,-3.1686,54.7564,78
2025-08-22T13:00:00Z,0,14.7439995,-3.1686,54.7564,74
2025-08-22T14:00:00Z,0,15.893999,-3.1686,54.7564,70
2025-08-22T15:00:00Z,0,16.144,-3.1686,54.7564,69
2025-08-22T16:00:00Z,0,16.344,-3.1686,54.7564,67
2025-08-22T17:00:00Z,0,15.944,-3.1686,54.7564,69
2025-08-22T18:00:00Z,0,15.644,-3.1686,54.7564,70
2025-08-22T19:00:00Z,0,14.794,-3.1686,54.7564,82
2025-08-22T20:00:00Z,0,14.044,-3.1686,54.7564,79
2025-08-22T21:00:00Z,0,12.794,-3.1686,54.7564,80
2025-08-22T22:00:00Z,0,11.094,-3.1686,54.7564,90
2025-08-22T23:00:00Z,0,10.294,-3.1686,54.7564,92
2025-08-23T00:00:00Z,0,10.194,-3.1686,54.7564,95
2025-08-23T01:00:00Z,0,10.9939995,-3.1686,54.7564,92
2025-08-23T02:00:00Z,0,10.544,-3.1686,54.7564,94
2025-08-23T03:00:00Z,0,9.594,-3.1686,54.7564,96
2025-08-23T04:00:00Z,0,9.444,-3.1686,54.7564,97
2025-08-23T05:00:00Z,0,9.194,-3.1686,54.7564,97
2025-08-23T06:00:00Z,0,9.844,-3.1686,54.7564,96
2025-08-23T07:00:00Z,0,11.394,-3.1686,54.7564,93
2025-08-23T08:00:00Z,0,13.144,-3.1686,54.7564,86
2025-08-23T09:00:00Z,0,13.944,-3.1686,54.7564,83
2025-08-23T10:00:00Z,0,14.7439995,-3.1686,54.7564,80
2025-08-23T11:00:00Z,0,14.394,-3.1686,54.7564,80
2025-08-23T12:00:00Z,0,14.444,-3.1686,54.7564,80
2025-08-23T13:00:00Z,0,14.144,-3.1686,54.7564,81
2025-08-23T14:00:00Z,0,14.444,-3.1686,54.7564,81
2025-08-23T15:00:00Z,0,15.044,-3.1686,54.7564,81
2025-08-23T16:00:00Z,0,14.844,-3.1686,54.7564,81
2025-08-23T17:00:00Z,0,14.394,-3.1686,54.7564,82
2025-08-23T18:00:00Z,0,15.05,-3.1686,54.7564,84
2025-08-23T19:00:00Z,0,14.3,-3.1686,54.7564,88
2025-08-23T20:00:00Z,0,13.5,-3.1686,54.7564,93
2025-08-23T21:00:00Z,0,12.95,-3.1686,54.7564,95
2025-08-23T22:00:00Z,0,12.7,-3.1686,54.7564,94
2025-08-23T23:00:00Z,0,12.65,-3.1686,54.7564,91
2025-08-24T00:00:00Z,0,12.65,-3.1686,54.7564,89
2025-08-24T01:00:00Z,0,12.7,-3.1686,54.7564,88
2025-08-24T02:00:00Z,0,12.85,-3.1686,54.7564,87
2025-08-24T03:00:00Z,0,12.9,-3.1686,54.7564,87
2025-08-24T04:00:00Z,0,12.65,-3.1686,54.7564,88
2025-08-24T05:00:00Z,0,12.35,-3.1686,54.7564,89
2025-08-24T06:00:00Z,0,12.4,-3.1686,54.7564,89
2025-08-24T07:00:00Z,0,12.95,-3.1686,54.7564,88
2025-08-24T08:00:00Z,0,13.8,-3.1686,54.7564,86
2025-08-24T09:00:00Z,0,14.7,-3.1686,54.7564,84
2025-08-24T10:00:00Z,0,15.5,-3.1686,54.7564,81
2025-08-24T11:00:00Z,0,16.35,-3.1686,54.7564,79
2025-08-24T12:00:00Z,0,17.05,-3.1686,54.7564,76
2025-08-24T13:00:00Z,0,17.5,-3.1686,54.7564,73
2025-08-24T14:00:00Z,0,17.85,-3.1686,54.7564,71
2025-08-24T15:00:00Z,0,17.95,-3.1686,54.7564,70
2025-08-24T16:00:00Z,0,17.8,-3.1686,54.7564,71
2025-08-24T17:00:00Z,0,17.5,-3.1686,54.7564,73
2025-08-24T18:00:00Z,0,17.0,-3.1686,54.7564,76
2025-08-24T19:00:00Z,0,16.1,-3.1686,54.7564,79
2025-08-24T20:00:00Z,0,15.0,-3.1686,54.7564,83
2025-08-24T21:00:00Z,0,14.25,-3.1686,54.7564,85
2025-08-24T22:00:00Z,0,14.05,-3.1686,54.7564,85
2025-08-24T23:00:00Z,0,14.15,-3.1686,54.7564,84
2025-08-25T00:00:00Z,0,14.2,-3.1686,54.7564,83
2025-08-25T01:00:00Z,0,13.95,-3.1686,54.7564,83
2025-08-25T02:00:00Z,0,13.65,-3.1686,54.7564,82
2025-08-25T03:00:00Z,0,13.4,-3.1686,54.7564,82
2025-08-25T04:00:00Z,0,13.1,-3.1686,54.7564,81
2025-08-25T05:00:00Z,0,12.9,-3.1686,54.7564,80
2025-08-25T06:00:00Z,0,13.0,-3.1686,54.7564,79
2025-08-25T07:00:00Z,0,13.65,-3.1686,54.7564,77
2025-08-25T08:00:00Z,0,14.6,-3.1686,54.7564,74
2025-08-25T09:00:00Z,0,15.55,-3.1686,54.7564,72
2025-08-25T10:00:00Z,0,16.3,-3.1686,54.7564,70
2025-08-25T11:00:00Z,0,17.0,-3.1686,54.7564,68
2025-08-25T12:00:00Z,0,17.65,-3.1686,54.7564,66
2025-08-25T13:00:00Z,0,18.25,-3.1686,54.7564,63
2025-08-25T14:00:00Z,0,18.75,-3.1686,54.7564,60
2025-08-25T15:00:00Z,0,18.9,-3.1686,54.7564,59
2025-08-25T16:00:00Z,0,18.5,-3.1686,54.7564,61
2025-08-25T17:00:00Z,0,17.8,-3.1686,54.7564,65
2025-08-25T18:00:00Z,0,17.1,-3.1686,54.7564,67
2025-08-25T19:00:00Z,0,16.45,-3.1686,54.7564,66
2025-08-25T20:00:00Z,0,15.8,-3.1686,54.7564,64
2025-08-25T21:00:00Z,0,15.35,-3.1686,54.7564,63
2025-08-25T22:00:00Z,0,15.2,-3.1686,54.7564,62
2025-08-25T23:00:00Z,0,15.2,-3.1686,54.7564,62
2025-08-26T00:00:00Z,0,15.2,-3.1686,54.7564,63
2025-08-26T01:00:00Z,0,15.0,-3.1686,54.7564,65
2025-08-26T02:00:00Z,0,14.7,-3.1686,54.7564,69
2025-08-26T03:00:00Z,0,14.45,-3.1686,54.7564,71
2025-08-26T04:00:00Z,0,14.1,-3.1686,54.7564,72
2025-08-26T05:00:00Z,0,13.75,-3.1686,54.7564,71
2025-08-26T06:00:00Z,0,13.7,-3.1686,54.7564,71
2025-08-26T07:00:00Z,0,14.1,-3.1686,54.7564,72
2025-08-26T08:00:00Z,0,14.75,-3.1686,54.7564,72
2025-08-26T09:00:00Z,0,15.45,-3.1686,54.7564,73
2025-08-26T10:00:00Z,0,16.05,-3.1686,54.7564,74
2025-08-26T11:00:00Z,0,16.65,-3.1686,54.7564,75
2025-08-26T12:00:00Z,0,17.3,-3.1686,54.7564,75
2025-08-26T13:00:00Z,0,18.1,-3.1686,54.7564,71
2025-08-26T14:00:00Z,0,18.85,-3.1686,54.7564,67
2025-08-26T15:00:00Z,0,19.1,-3.1686,54.7564,66
2025-08-26T16:00:00Z,0,18.3,-3.1686,54.7564,73
2025-08-26T17:00:00Z,0,16.95,-3.1686,54.7564,84
2025-08-26T18:00:00Z,0,15.8,-3.1686,54.7564,93
2025-08-26T19:00:00Z,0,15.1,-3.1686,54.7564,96
2025-08-26T20:00:00Z,0,14.6,-3.1686,54.7564,97
2025-08-26T21:00:00Z,0,14.2,-3.1686,54.7564,97
2025-08-26T22:00:00Z,0,13.95,-3.1686,54.7564,98
2025-08-26T23:00:00Z,0,13.8,-3.1686,54.7564,98
2025-08-27T00:00:00Z,0,13.65,-3.1686,54.7564,98
2025-08-27T01:00:00Z,0,13.4,-3.1686,54.7564,99
2025-08-27T02:00:00Z,0,13.15,-3.1686,54.7564,100
2025-08-27T03:00:00Z,0,13.0,-3.1686,54.7564,100
2025-08-27T04:00:00Z,0,12.85,-3.1686,54.7564,100
2025-08-27T05:00:00Z,0,12.8,-3.1686,54.7564,100
2025-08-27T06:00:00Z,0,12.9,-3.1686,54.7564,99
2025-08-27T07:00:00Z,0,13.1,-3.1686,54.7564,97
2025-08-27T08:00:00Z,0,13.45,-3.1686,54.7564,95
2025-08-27T09:00:00Z,0,13.85,-3.1686,54.7564,92
2025-08-27T10:00:00Z,0,14.2,-3.1686,54.7564,90
2025-08-27T11:00:00Z,0,14.6,-3.1686,54.7564,87
2025-08-27T12:00:00Z,0,14.95,-3.1686,54.7564,85
2025-08-27T13:00:00Z,0,15.15,-3.1686,54.7564,84
2025-08-27T14:00:00Z,0,15.3,-3.1686,54.7564,83
2025-08-27T15:00:00Z,0,15.35,-3.1686,54.7564,82
2025-08-27T16:00:00Z,0,15.35,-3.1686,54.7564,82
2025-08-27T17:00:00Z,0,15.25,-3.1686,54.7564,81
2025-08-27T18:00:00Z,0,15.05,-3.1686,54.7564,82
2025-08-27T19:00:00Z,0,14.6,-3.1686,54.7564,84
2025-08-27T20:00:00Z,0,14.0,-3.1686,54.7564,86
2025-08-27T21:00:00Z,0,13.4,-3.1686,54.7564,89
2025-08-27T22:00:00Z,0,12.8,-3.1686,54.7564,92
2025-08-27T23:00:00Z,0,12.15,-3.1686,54.7564,95
2025-08-21T00:00:00Z,0,6.5445,-3.2259,54.62306,88
2025-08-21T01:00:00Z,0,6.6445,-3.2259,54.62306,89
2025-08-21T02:00:00Z,0,6.5945,-3.2259,54.62306,88
2025-08-21T03:00:00Z,0,7.0445,-3.2259,54.62306,84
2025-08-21T04:00:00Z,0,6.8945,-3.2259,54.62306,84
2025-08-21T05:00:00Z,0,6.7945,-3.2259,54.62306,83
2025-08-21T06:00:00Z,0,8.1945,-3.2259,54.62306,80
2025-08-21T07:00:00Z,0,8.6945,-3.2259,54.62306,78
2025-08-21T08:00:00Z,0,8.894501,-3.2259,54.62306,78
2025-08-21T09:00:00Z,0,8.9445,-3.2259,54.62306,80
2025-08-21T10:00:00Z,0,9.094501,-3.2259,54.62306,81
2025-08-21T11:00:00Z,0,9.4945,-3.2259,54.62306,80
2025-08-21T12:00:00Z,0,10.344501,-3.2259,54.62306,75
2025-08-21T13:00:00Z,0,11.5445,-3.2259,54.62306,74
2025-08-21T14:00:00Z,0,12.4445,-3.2259,54.62306,72
2025-08-21T15:00:00Z,0,11.844501,-3.2259,54.62306,76
2025-08-21T16:00:00Z,0,12.144501,-3.2259,54.62306,77
2025-08-21T17:00:00Z,0,11.844501,-3.2259,54.62306,81
2025-08-21T18:00:00Z,0,11.4945,-3.2259,54.62306,84
2025-08-21T19:00:00Z,0,10.9945,-3.2259,54.62306,88
2025-08-21T20:00:00Z,0,10.5445,-3.2259,54.62306,88
2025-08-21T21:00:00Z,0,10.7945,-3.2259,54.62306,87
2025-08-21T22:00:00Z,0,10.4945,-3.2259,54.62306,91
2025-08-21T23:00:00Z,0,10.894501,-3.2259,54.62306,90
2025-08-22T00:00:00Z,0,10.594501,-3.2259,54.62306,90
2025-08-22T01:00:00Z,0,10.9945,-3.2259,54.62306,89
2025-08-22T02:00:00Z,0,10.9945,-3.2259,54.62306,89
2025-08-22T03:00:00Z,0,10.894501,-3.2259,54.62306,90
2025-08-22T04:00:00Z,0,10.6945,-3.2259,54.62306,96
2025-08-22T05:00:00Z,0,10.7945,-3.2259,54.62306,100
2025-08-22T06:00:00Z,0,10.7945,-3.2259,54.62306,100
2025-08-22T07:00:00Z,0,10.594501,-3.2259,54.62306,100
2025-08-22T08:00:00Z,0,10.344501,-3.2259,54.62306,100
2025-08-22T09:00:00Z,0,9.894501,-3.2259,54.62306,100
2025-08-22T10:00:00Z,0,9.7445,-3.2259,54.62306,100
2025-08-22T11:00:00Z,0,10.094501,-3.2259,54.62306,100
2025-08-22T12:00:00Z,0,12.1945,-3.2259,54.62306,90
2025-08-22T13:00:00Z,0,13.1945,-3.2259,54.62306,79
2025-08-22T14:00:00Z,0,14.0445,-3.2259,54.62306,73
2025-08-22T15:00:00Z,0,14.094501,-3.2259,54.62306,76
2025-08-22T16:00:00Z,0,14.0445,-3.2259,54.62306,76
2025-08-22T17:00:00Z,0,13.4445,-3.2259,54.62306,79
2025-08-22T18:00:00Z,0,12.9445,-3.2259,54.62306,84
2025-08-22T19:00:00Z,0,12.2945,-3.2259,54.62306,88
2025-08-22T20:00:00Z,0,11.2445,-3.2259,54.62306,93
2025-08-22T21:00:00Z,0,11.5445,-3.2259,54.62306,87
2025-08-22T22:00:00Z,0,10.644501,-3.2259,54.62306,87
2025-08-22T23:00:00Z,0,9.844501,-3.2259,54.62306,91
2025-08-23T00:00:00Z,0,9.9945,-3.2259,54.62306,92
2025-08-23T01:00:00Z,0,10.2945,-3.2259,54.62306,91
2025-08-23T02:00:00Z,0,10.094501,-3.2259,54.62306,91
2025-08-23T03:00:00Z,0,9.2445,-3.2259,54.62306,94
2025-08-23T04:00:00Z,0,9.094501,-3.2259,54.62306,95
2025-08-23T05:00:00Z,0,8.9945,-3.2259,54.62306,96
2025-08-23T06:00:00Z,0,9.344501,-3.2259,54.62306,94
2025-08-23T07:00:00Z,0,10.7945,-3.2259,54.62306,91
2025-08-23T08:00:00Z,0,12.1945,-3.2259,54.62306,83
2025-08-23T09:00:00Z,0,12.9945,-3.2259,54.62306,80
2025-08-23T10:00:00Z,0,13.4445,-3.2259,54.62306,79
2025-08-23T11:00:00Z,0,12.9445,-3.2259,54.62306,83
2025-08-23T12:00:00Z,0,13.094501,-3.2259,54.62306,84
2025-08-23T13:00:00Z,0,13.4945,-3.2259,54.62306,83
2025-08-23T14:00:00Z,0,13.644501,-3.2259,54.62306,83
2025-08-23T15:00:00Z,0,13.9445,-3.2259,54.62306,84
2025-08-23T16:00:00Z,0,13.5445,-3.2259,54.62306,86
2025-08-23T17:00:00Z,0,13.144501,-3.2259,54.62306,88
2025-08-23T18:00:00Z,0,12.85,-3.2259,54.62306,95
2025-08-23T19:00:00Z,0,12.35,-3.2259,54.62306,96
2025-08-23T20:00:00Z,0,11.9,-3.2259,54.62306,96
2025-08-23T21:00:00Z,0,11.55,-3.2259,54.62306,95
2025-08-23T22:00:00Z,0,11.15,-3.2259,54.62306,95
2025-08-23T23:00:00Z,0,10.75,-3.2259,54.62306,95
2025-08-24T00:00:00Z,0,10.55,-3.2259,54.62306,95
2025-08-24T01:00:00Z,0,10.55,-3.2259,54.62306,94
2025-08-24T02:00:00Z,0,10.75,-3.2259,54.62306,94
2025-08-24T03:00:00Z,0,10.85,-3.2259,54.62306,93
2025-08-24T04:00:00Z,0,10.7,-3.2259,54.62306,93
2025-08-24T05:00:00Z,0,10.45,-3.2259,54.62306,94
2025-08-24T06:00:00Z,0,10.55,-3.2259,54.62306,93
2025-08-24T07:00:00Z,0,11.1,-3.2259,54.62306,91
2025-08-24T08:00:00Z,0,12.0,-3.2259,54.62306,88
2025-08-24T09:00:00Z,0,12.85,-3.2259,54.62306,85
2025-08-24T10:00:00Z,0,13.6,-3.2259,54.62306,82
2025-08-24T11:00:00Z,0,14.3,-3.2259,54.62306,80
2025-08-24T12:00:00Z,0,14.9,-3.2259,54.62306,78
2025-08-24T13:00:00Z,0,15.3,-3.2259,54.62306,76
2025-08-24T14:00:00Z,0,15.55,-3.2259,54.62306,75
2025-08-24T15:00:00Z,0,15.65,-3.2259,54.62306,75
2025-08-24T16:00:00Z,0,15.5,-3.2259,54.62306,76
2025-08-24T17:00:00Z,0,15.25,-3.2259,54.62306,77
2025-08-24T18:00:00Z,0,14.8,-3.2259,54.62306,79
2025-08-24T19:00:00Z,0,14.05,-3.2259,54.62306,81
2025-08-24T20:00:00Z,0,13.2,-3.2259,54.62306,84
2025-08-24T21:00:00Z,0,12.5,-3.2259,54.62306,86
2025-08-24T22:00:00Z,0,12.1,-3.2259,54.62306,87
2025-08-24T23:00:00Z,0,11.9,-3.2259,54.62306,87
2025-08-25T00:00:00Z,0,11.75,-3.2259,54.62306,87
2025-08-25T01:00:00Z,0,11.45,-3.2259,54.62306,87
2025-08-25T02:00:00Z,0,11.15,-3.2259,54.62306,87
2025-08-25T03:00:00Z,0,11.05,-3.2259,54.62306,87
2025-08-25T04:00:00Z,0,11.05,-3.2259,54.62306,86
2025-08-25T05:00:00Z,0,11.2,-3.2259,54.62306,85
2025-08-25T06:00:00Z,0,11.6,-3.2259,54.62306,83
2025-08-25T07:00:00Z,0,12.2,-3.2259,54.62306,80
2025-08-25T08:00:00Z,0,13.0,-3.2259,54.62306,75
2025-08-25T09:00:00Z,0,13.85,-3.2259,54.62306,72
2025-08-25T10:00:00Z,0,14.6,-3.2259,54.62306,71
2025-08-25T11:00:00Z,0,15.35,-3.2259,54.62306,70
2025-08-25T12:00:00Z,0,16.0,-3.2259,54.62306,69
2025-08-25T13:00:00Z,0,16.6,-3.2259,54.62306,66
2025-08-25T14:00:00Z,0,17.05,-3.2259,54.62306,63
2025-08-25T15:00:00Z,0,17.25,-3.2259,54.62306,62
2025-08-25T16:00:00Z,0,16.9,-3.2259,54.62306,64
2025-08-25T17:00:00Z,0,16.2,-3.2259,54.62306,67
2025-08-25T18:00:00Z,0,15.45,-3.2259,54.62306,69
2025-08-25T19:00:00Z,0,14.55,-3.2259,54.62306,69
2025-08-25T20:00:00Z,0,13.6,-3.2259,54.62306,68
2025-08-25T21:00:00Z,0,12.9,-3.2259,54.62306,68
2025-08-25T22:00:00Z,0,12.65,-3.2259,54.62306,68
2025-08-25T23:00:00Z,0,12.75,-3.2259,54.62306,69
2025-08-26T00:00:00Z,0,12.8,-3.2259,54.62306,70
2025-08-26T01:00:00Z,0,12.7,-3.2259,54.62306,72
2025-08-26T02:00:00Z,0,12.55,-3.2259,54.62306,74
2025-08-26T03:00:00Z,0,12.45,-3.2259,54.62306,75
2025-08-26T04:00:00Z,0,12.2,-3.2259,54.62306,75
2025-08-26T05:00:00Z,0,12.0,-3.2259,54.62306,74
2025-08-26T06:00:00Z,0,12.1,-3.2259,54.62306,73
2025-08-26T07:00:00Z,0,12.65,-3.2259,54.62306,73
2025-08-26T08:00:00Z,0,13.45,-3.2259,54.62306,73
2025-08-26T09:00:00Z,0,14.2,-3.2259,54.62306,74
2025-08-26T10:00:00Z,0,14.65,-3.2259,54.62306,75
2025-08-26T11:00:00Z,0,15.0,-3.2259,54.62306,76
2025-08-26T12:00:00Z,0,15.55,-3.2259,54.62306,76
2025-08-26T13:00:00Z,0,16.55,-3.2259,54.62306,72
2025-08-26T14:00:00Z,0,17.75,-3.2259,54.62306,67
2025-08-26T15:00:00Z,0,18.25,-3.2259,54.62306,65
2025-08-26T16:00:00Z,0,17.45,-3.2259,54.62306,71
2025-08-26T17:00:00Z,0,15.95,-3.2259,54.62306,81
2025-08-26T18:00:00Z,0,14.6,-3.2259,54.62306,89
2025-08-26T19:00:00Z,0,13.6,-3.2259,54.62306,94
2025-08-26T20:00:00Z,0,12.8,-3.2259,54.62306,98
2025-08-26T21:00:00Z,0,12.25,-3.2259,54.62306,100
2025-08-26T22:00:00Z,0,12.1,-3.2259,54.62306,100
2025-08-26T23:00:00Z,0,12.25,-3.2259,54.62306,100
2025-08-27T00:00:00Z,0,12.35,-3.2259,54.62306,99
2025-08-27T01:00:00Z,0,12.15,-3.2259,54.62306,99
2025-08-27T02:00:00Z,0,11.9,-3.2259,54.62306,100
2025-08-27T03:00:00Z,0,11.7,-3.2259,54.62306,100
2025-08-27T04:00:00Z,0,11.6,-3.2259,54.62306,100
2025-08-27T05:00:00Z,0,11.55,-3.2259,54.62306,100
2025-08-27T06:00:00Z,0,11.7,-3.2259,54.62306,100
2025-08-27T07:00:00Z,0,12.05,-3.2259,54.62306,97
2025-08-27T08:00:00Z,0,12.6,-3.2259,54.62306,94
2025-08-27T09:00:00Z,0,13.15,-3.2259,54.62306,90
2025-08-27T10:00:00Z,0,13.65,-3.2259,54.62306,86
2025-08-27T11:00:00Z,0,14.15,-3.2259,54.62306,83
2025-08-27T12:00:00Z,0,14.55,-3.2259,54.62306,80
2025-08-27T13:00:00Z,0,14.65,-3.2259,54.62306,79
2025-08-27T14:00:00Z,0,14.65,-3.2259,54.62306,78
2025-08-27T15:00:00Z,0,14.55,-3.2259,54.62306,78
2025-08-27T16:00:00Z,0,14.35,-3.2259,54.62306,78
2025-08-27T17:00:00Z,0,14.15,-3.2259,54.62306,79
2025-08-27T18:00:00Z,0,13.8,-3.2259,54.62306,81
2025-08-27T19:00:00Z,0,13.25,-3.2259,54.62306,83
2025-08-27T20:00:00Z,0,12.6,-3.2259,54.62306,86
2025-08-27T21:00:00Z,0,12.0,-3.2259,54.62306,89
2025-08-27T22:00:00Z,0,11.35,-3.2259,54.62306,92
2025-08-27T23:00:00Z,0,10.7,-3.2259,54.62306,95
2025-08-21T00:00:00Z,0,5.6835,-3.16725,54.64552,92
2025-08-21T01:00:00Z,0,5.6835,-3.16725,54.64552,93
2025-08-21T02:00:00Z,0,5.9335,-3.16725,54.64552,92
2025-08-21T03:00:00Z,0,6.4835,-3.16725,54.64552,86
2025-08-21T04:00:00Z,0,5.9835,-3.16725,54.64552,86
2025-08-21T05:00:00Z,0,6.2834997,-3.16725,54.64552,84
2025-08-21T06:00:00Z,0,7.5334997,-3.16725,54.64552,81
2025-08-21T07:00:00Z,0,7.8835,-3.16725,54.64552,81
2025-08-21T08:00:00Z,0,7.8835,-3.16725,54.64552,83
2025-08-21T09:00:00Z,0,7.8335,-3.16725,54.64552,85
2025-08-21T10:00:00Z,0,7.8835,-3.16725,54.64552,86
2025-08-21T11:00:00Z,0,8.0335,-3.16725,54.64552,87
2025-08-21T12:00:00Z,0,8.2835,-3.16725,54.64552,86
2025-08-21T13:00:00Z,0,9.4835,-3.16725,54.64552,83
2025-08-21T14:00:00Z,0,10.5835,-3.16725,54.64552,81
2025-08-21T15:00:00Z,0,11.0835,-3.16725,54.64552,79
2025-08-21T16:00:00Z,0,10.2835,-3.16725,54.64552,85
2025-08-21T17:00:00Z,0,10.5335,-3.16725,54.64552,86
2025-08-21T18:00:00Z,0,10.0335,-3.16725,54.64552,89
2025-08-21T19:00:00Z,0,9.6335,-3.16725,54.64552,92
2025-08-21T20:00:00Z,0,8.8335,-3.16725,54.64552,97
2025-08-21T21:00:00Z,0,8.6335,-3.16725,54.64552,96
2025-08-21T22:00:00Z,0,8.7335,-3.16725,54.64552,96
2025-08-21T23:00:00Z,0,8.9835,-3.16725,54.64552,98
2025-08-22T00:00:00Z,0,9.0335,-3.16725,54.64552,97
2025-08-22T01:00:00Z,0,9.1835,-3.16725,54.64552,97
2025-08-22T02:00:00Z,0,9.4335,-3.16725,54.64552,96
2025-08-22T03:00:00Z,0,9.5335,-3.16725,54.64552,96
2025-08-22T04:00:00Z,0,9.4335,-3.16725,54.64552,100
2025-08-22T05:00:00Z,0,9.8835,-3.16725,54.64552,100
2025-08-22T06:00:00Z,0,9.6835,-3.16725,54.64552,100
2025-08-22T07:00:00Z,0,9.0835,-3.16725,54.64552,100
2025-08-22T08:00:00Z,0,8.6335,-3.16725,54.64552,100
2025-08-22T09:00:00Z,0,8.6335,-3.16725,54.64552,100
2025-08-22T10:00:00Z,0,9.0335,-3.16725,54.64552,100
2025-08-22T11:00:00Z,0,9.6835,-3.16725,54.64552,100
2025-08-22T12:00:00Z,0,10.3835,-3.16725,54.64552,97
2025-08-22T13:00:00Z,0,11.6335,-3.16725,54.64552,84
2025-08-22T14:00:00Z,0,12.4335,-3.16725,54.64552,79
2025-08-22T15:00:00Z,0,12.7835,-3.16725,54.64552,78
2025-08-22T16:00:00Z,0,12.8335,-3.16725,54.64552,77
2025-08-22T17:00:00Z,0,12.3335,-3.16725,54.64552,81
2025-08-22T18:00:00Z,0,11.7335,-3.16725,54.64552,88
2025-08-22T19:00:00Z,0,11.2835,-3.16725,54.64552,91
2025-08-22T20:00:00Z,0,10.3835,-3.16725,54.64552,93
2025-08-22T21:00:00Z,0,9.7835,-3.16725,54.64552,90
2025-08-22T22:00:00Z,0,9.0335,-3.16725,54.64552,92
2025-08-22T23:00:00Z,0,8.8835,-3.16725,54.64552,94
2025-08-23T00:00:00Z,0,8.9335,-3.16725,54.64552,94
2025-08-23T01:00:00Z,0,9.1335,-3.16725,54.64552,92
2025-08-23T02:00:00Z,0,8.5335,-3.16725,54.64552,94
2025-08-23T03:00:00Z,0,7.8835,-3.16725,54.64552,96
2025-08-23T04:00:00Z,0,7.9834995,-3.16725,54.64552,95
2025-08-23T05:00:00Z,0,7.8835,-3.16725,54.64552,95
2025-08-23T06:00:00Z,0,8.3835,-3.16725,54.64552,94
2025-08-23T07:00:00Z,0,9.5835,-3.16725,54.64552,94
2025-08-23T08:00:00Z,0,10.8835,-3.16725,54.64552,86
2025-08-23T09:00:00Z,0,11.7335,-3.16725,54.64552,82
2025-08-23T10:00:00Z,0,12.2335,-3.16725,54.64552,84
2025-08-23T11:00:00Z,0,12.2835,-3.16725,54.64552,84
2025-08-23T12:00:00Z,0,12.0835,-3.16725,54.64552,88
2025-08-23T13:00:00Z,0,12.0835,-3.16725,54.64552,89
2025-08-23T14:00:00Z,0,12.5835,-3.16725,54.64552,85
2025-08-23T15:00:00Z,0,12.9335,-3.16725,54.64552,85
2025-08-23T16:00:00Z,0,12.6835,-3.16725,54.64552,89
2025-08-23T17:00:00Z,0,12.1335,-3.16725,54.64552,91
2025-08-23T18:00:00Z,0,11.6,-3.16725,54.64552,95
2025-08-23T19:00:00Z,0,11.1,-3.16725,54.64552,96
2025-08-23T20:00:00Z,0,10.7,-3.16725,54.64552,96
2025-08-23T21:00:00Z,0,10.3,-3.16725,54.64552,95
2025-08-23T22:00:00Z,0,9.9,-3.16725,54.64552,95
2025-08-23T23:00:00Z,0,9.55,-3.16725,54.64552,95
2025-08-24T00:00:00Z,0,9.3,-3.16725,54.64552,95
2025-08-24T01:00:00Z,0,9.35,-3.16725,54.64552,94
2025-08-24T02:00:00Z,0,9.5,-3.16725,54.64552,94
2025-08-24T03:00:00Z,0,9.6,-3.16725,54.64552,93
2025-08-24T04:00:00Z,0,9.45,-3.16725,54.64552,93
2025-08-24T05:00:00Z,0,9.25,-3.16725,54.64552,94
2025-08-24T06:00:00Z,0,9.3,-3.16725,54.64552,93
2025-08-24T07:00:00Z,0,9.9,-3.16725,54.64552,91
2025-08-24T08:00:00Z,0,10.75,-3.16725,54.64552,88
2025-08-24T09:00:00Z,0,11.6,-3.16725,54.64552,85
2025-08-24T10:00:00Z,0,12.35,-3.16725,54.64552,82
2025-08-24T11:00:00Z,0,13.05,-3.16725,54.64552,80
2025-08-24T12:00:00Z,0,13.65,-3.16725,54.64552,78
2025-08-24T13:00:00Z,0,14.05,-3.16725,54.64552,76
2025-08-24T14:00:00Z,0,14.3,-3.16725,54.64552,75
2025-08-24T15:00:00Z,0,14.4,-3.16725,54.64552,75
2025-08-24T16:00:00Z,0,14.3,-3.16725,54.64552,76
2025-08-24T17:00:00Z,0,14.0,-3.16725,54.64552,77
2025-08-24T18:00:00Z,0,13.55,-3.16725,54.64552,79
2025-08-24T19:00:00Z,0,12.85,-3.16725,54.64552,81
2025-08-24T20:00:00Z,0,11.95,-3.16725,54.64552,84
2025-08-24T21:00:00Z,0,11.25,-3.16725,54.64552,86
2025-08-24T22:00:00Z,0,10.9,-3.16725,54.64552,87
2025-08-24T23:00:00Z,0,10.7,-3.16725,54.64552,87
2025-08-25T00:00:00Z,0,10.5,-3.16725,54.64552,87
2025-08-25T01:00:00Z,0,10.2,-3.16725,54.64552,87
2025-08-25T02:00:00Z,0,9.95,-3.16725,54.64552,87
2025-08-25T03:00:00Z,0,9.8,-3.16725,54.64552,87
2025-08-25T04:00:00Z,0,9.85,-3.16725,54.64552,86
2025-08-25T05:00:00Z,0,10.0,-3.16725,54.64552,85
2025-08-25T06:00:00Z,0,10.35,-3.16725,54.64552,83
2025-08-25T07:00:00Z,0,11.0,-3.16725,54.64552,80
2025-08-25T08:00:00Z,0,11.8,-3.16725,54.64552,75
2025-08-25T09:00:00Z,0,12.6,-3.16725,54.64552,72
2025-08-25T10:00:00Z,0,13.35,-3.16725,54.64552,71
2025-08-25T11:00:00Z,0,14.1,-3.16725,54.64552,70
2025-08-25T12:00:00Z,0,14.75,-3.16725,54.64552,69
2025-08-25T13:00:00Z,0,15.35,-3.16725,54.64552,66
2025-08-25T14:00:00Z,0,15.85,-3.16725,54.64552,63
2025-08-25T15:00:00Z,0,16.0,-3.16725,54.64552,62
2025-08-25T16:00:00Z,0,15.65,-3.16725,54.64552,64
2025-08-25T17:00:00Z,0,14.95,-3.16725,54.64552,67
2025-08-25T18:00:00Z,0,14.2,-3.16725,54.64552,69
2025-08-25T19:00:00Z,0,13.3,-3.16725,54.64552,69
2025-08-25T20:00:00Z,0,12.35,-3.16725,54.64552,68
2025-08-25T21:00:00Z,0,11.65,-3.16725,54.64552,68
2025-08-25T22:00:00Z,0,11.45,-3.16725,54.64552,68
2025-08-25T23:00:00Z,0,11.5,-3.16725,54.64552,69
2025-08-26T00:00:00Z,0,11.55,-3.16725,54.64552,70
2025-08-26T01:00:00Z,0,11.45,-3.16725,54.64552,72
2025-08-26T02:00:00Z,0,11.35,-3.16725,54.64552,74
2025-08-26T03:00:00Z,0,11.2,-3.16725,54.64552,75
2025-08-26T04:00:00Z,0,11.0,-3.16725,54.64552,75
2025-08-26T05:00:00Z,0,10.8,-3.16725,54.64552,74
2025-08-26T06:00:00Z,0,10.85,-3.16725,54.64552,73
2025-08-26T07:00:00Z,0,11.4,-3.16725,54.64552,73
2025-08-26T08:00:00Z,0,12.2,-3.16725,54.64552,73
2025-08-26T09:00:00Z,0,12.95,-3.16725,54.64552,74
2025-08-26T10:00:00Z,0,13.4,-3.16725,54.64552,75
2025-08-26T11:00:00Z,0,13.8,-3.16725,54.64552,76
2025-08-26T12:00:00Z,0,14.3,-3.16725,54.64552,76
2025-08-26T13:00:00Z,0,15.35,-3.16725,54.64552,72
2025-08-26T14:00:00Z,0,16.5,-3.16725,54.64552,67
2025-08-26T15:00:00Z,0,17.0,-3.16725,54.64552,65
2025-08-26T16:00:00Z,0,16.2,-3.16725,54.64552,71
2025-08-26T17:00:00Z,0,14.7,-3.16725,54.64552,81
2025-08-26T18:00:00Z,0,13.35,-3.16725,54.64552,89
2025-08-26T19:00:00Z,0,12.4,-3.16725,54.64552,94
2025-08-26T20:00:00Z,0,11.55,-3.16725,54.64552,98
2025-08-26T21:00:00Z,0,11.0,-3.16725,54.64552,100
2025-08-26T22:00:00Z,0,10.9,-3.16725,54.64552,100
2025-08-26T23:00:00Z,0,11.05,-3.16725,54.64552,100
2025-08-27T00:00:00Z,0,11.1,-3.16725,54.64552,99
2025-08-27T01:00:00Z,0,10.9,-3.16725,54.64552,99
2025-08-27T02:00:00Z,0,10.65,-3.16725,54.64552,100
2025-08-27T03:00:00Z,0,10.45,-3.16725,54.64552,100
2025-08-27T04:00:00Z,0,10.35,-3.16725,54.64552,100
2025-08-27T05:00:00Z,0,10.3,-3.16725,54.64552,100
2025-08-27T06:00:00Z,0,10.45,-3.16725,54.64552,100
2025-08-27T07:00:00Z,0,10.85,-3.16725,54.64552,97
2025-08-27T08:00:00Z,0,11.35,-3.16725,54.64552,94
2025-08-27T09:00:00Z,0,11.9,-3.16725,54.64552,90
2025-08-27T10:00:00Z,0,12.4,-3.16725,54.64552,86
2025-08-27T11:00:00Z,0,12.95,-3.16725,54.64552,83
2025-08-27T12:00:00Z,0,13.3,-3.16725,54.64552,80
2025-08-27T13:00:00Z,0,13.45,-3.16725,54.64552,79
2025-08-27T14:00:00Z,0,13.4,-3.16725,54.64552,78
2025-08-27T15:00:00Z,0,13.3,-3.16725,54.64552,78
2025-08-27T16:00:00Z,0,13.15,-3.16725,54.64552,78
2025-08-27T17:00:00Z,0,12.9,-3.16725,54.64552,79
2025-08-27T18:00:00Z,0,12.55,-3.16725,54.64552,81
2025-08-27T19:00:00Z,0,12.05,-3.16725,54.64552,83
2025-08-27T20:00:00Z,0,11.4,-3.16725,54.64552,86
2025-08-27T21:00:00Z,0,10.75,-3.16725,54.64552,89
2025-08-27T22:00:00Z,0,10.1,-3.16725,54.64552,92
2025-08-27T23:00:00Z,0,9.5,-3.16725,54.64552,95
2025-08-21T00:00:00Z,0,7.5555,-3.12887,54.68953,85
2025-08-21T01:00:00Z,0,7.5055,-3.12887,54.68953,81
2025-08-21T02:00:00Z,0,7.5055,-3.12887,54.68953,81
2025-08-21T03:00:00Z,0,7.5555,-3.12887,54.68953,84
2025-08-21T04:00:00Z,0,7.6054997,-3.12887,54.68953,83
2025-08-21T05:00:00Z,0,7.7055,-3.12887,54.68953,83
2025-08-21T06:00:00Z,0,8.1555,-3.12887,54.68953,83
2025-08-21T07:00:00Z,0,9.0555,-3.12887,54.68953,83
2025-08-21T08:00:00Z,0,10.005501,-3.12887,54.68953,81
2025-08-21T09:00:00Z,0,10.9055,-3.12887,54.68953,79
2025-08-21T10:00:00Z,0,11.3055,-3.12887,54.68953,78
2025-08-21T11:00:00Z,0,11.755501,-3.12887,54.68953,78
2025-08-21T12:00:00Z,0,12.1055,-3.12887,54.68953,79
2025-08-21T13:00:00Z,0,12.455501,-3.12887,54.68953,78
2025-08-21T14:00:00Z,0,12.8055,-3.12887,54.68953,78
2025-08-21T15:00:00Z,0,13.0555,-3.12887,54.68953,77
2025-08-21T16:00:00Z,0,12.8055,-3.12887,54.68953,79
2025-08-21T17:00:00Z,0,12.1555,-3.12887,54.68953,82
2025-08-21T18:00:00Z,0,11.8055,-3.12887,54.68953,83
2025-08-21T19:00:00Z,0,11.4055,-3.12887,54.68953,81
2025-08-21T20:00:00Z,0,10.705501,-3.12887,54.68953,81
2025-08-21T21:00:00Z,0,10.3555,-3.12887,54.68953,80
2025-08-21T22:00:00Z,0,10.255501,-3.12887,54.68953,80
2025-08-21T23:00:00Z,0,10.1055,-3.12887,54.68953,83
2025-08-22T00:00:00Z,0,10.255501,-3.12887,54.68953,86
2025-08-22T01:00:00Z,0,10.255501,-3.12887,54.68953,87
2025-08-22T02:00:00Z,0,10.205501,-3.12887,54.68953,87
2025-08-22T03:00:00Z,0,10.0555,-3.12887,54.68953,87
2025-08-22T04:00:00Z,0,10.1055,-3.12887,54.68953,85
2025-08-22T05:00:00Z,0,10.205501,-3.12887,54.68953,89
2025-08-22T06:00:00Z,0,10.1055,-3.12887,54.68953,90
2025-08-22T07:00:00Z,0,10.4055,-3.12887,54.68953,89
2025-08-22T08:00:00Z,0,10.9055,-3.12887,54.68953,89
2025-08-22T09:00:00Z,0,11.3555,-3.12887,54.68953,89
2025-08-22T10:00:00Z,0,11.755501,-3.12887,54.68953,87
2025-08-22T11:00:00Z,0,11.9055,-3.12887,54.68953,85
2025-08-22T12:00:00Z,0,12.205501,-3.12887,54.68953,81
2025-08-22T13:00:00Z,0,12.505501,-3.12887,54.68953,78
2025-08-22T14:00:00Z,0,12.5555,-3.12887,54.68953,79
2025-08-22T15:00:00Z,0,12.455501,-3.12887,54.68953,81
2025-08-22T16:00:00Z,0,12.455501,-3.12887,54.68953,82
2025-08-22T17:00:00Z,0,12.4055,-3.12887,54.68953,85
2025-08-22T18:00:00Z,0,12.205501,-3.12887,54.68953,84
2025-08-22T19:00:00Z,0,11.755501,-3.12887,54.68953,84
2025-08-22T20:00:00Z,0,11.1555,-3.12887,54.68953,84
2025-08-22T21:00:00Z,0,10.9055,-3.12887,54.68953,83
2025-08-22T22:00:00Z,0,10.705501,-3.12887,54.68953,83
2025-08-22T23:00:00Z,0,10.6055,-3.12887,54.68953,81
2025-08-23T00:00:00Z,0,10.1055,-3.12887,54.68953,81
2025-08-23T01:00:00Z,0,9.9055,-3.12887,54.68953,80
2025-08-23T02:00:00Z,0,9.9055,-3.12887,54.68953,80
2025-08-23T03:00:00Z,0,10.005501,-3.12887,54.68953,80
2025-08-23T04:00:00Z,0,10.1055,-3.12887,54.68953,80
2025-08-23T05:00:00Z,0,10.205501,-3.12887,54.68953,80
2025-08-23T06:00:00Z,0,10.1555,-3.12887,54.68953,83
2025-08-23T07:00:00Z,0,11.255501,-3.12887,54.68953,83
2025-08-23T08:00:00Z,0,12.455501,-3.12887,54.68953,79
2025-08-23T09:00:00Z,0,13.455501,-3.12887,54.68953,77
2025-08-23T10:00:00Z,0,14.4235,-3.12887,54.68953,73
2025-08-23T11:00:00Z,0,15.323501,-3.12887,54.68953,69
2025-08-23T12:00:00Z,0,15.7734995,-3.12887,54.68953,69
2025-08-23T13:00:00Z,0,15.5234995,-3.12887,54.68953,71
2025-08-23T14:00:00Z,0,15.7235,-3.12887,54.68953,71
2025-08-23T15:00:00Z,0,16.0735,-3.12887,54.68953,69
2025-08-23T16:00:00Z,0,15.7734995,-3.12887,54.68953,71
2025-08-23T17:00:00Z,0,15.2235,-3.12887,54.68953,74
2025-08-23T18:00:00Z,0,14.823501,-3.12887,54.68953,77
2025-08-23T19:00:00Z,0,13.8735,-3.12887,54.68953,83
2025-08-23T20:00:00Z,0,12.6735,-3.12887,54.68953,88
2025-08-23T21:00:00Z,0,11.9235,-3.12887,54.68953,89
2025-08-23T22:00:00Z,0,11.8735,-3.12887,54.68953,88
2025-08-23T23:00:00Z,0,11.8735,-3.12887,54.68953,87
2025-08-24T00:00:00Z,0,11.9235,-3.12887,54.68953,87
2025-08-24T01:00:00Z,0,11.823501,-3.12887,54.68953,88
2025-08-24T02:00:00Z,0,11.823501,-3.12887,54.68953,88
2025-08-24T03:00:00Z,0,11.6235,-3.12887,54.68953,87
2025-08-24T04:00:00Z,0,11.6235,-3.12887,54.68953,87
2025-08-24T05:00:00Z,0,11.4235,-3.12887,54.68953,88
2025-08-24T06:00:00Z,0,11.573501,-3.12887,54.68953,88
2025-08-24T07:00:00Z,0,12.8735,-3.12887,54.68953,87
2025-08-24T08:00:00Z,0,14.2735,-3.12887,54.68953,84
2025-08-24T09:00:00Z,0,15.5234995,-3.12887,54.68953,79
2025-08-24T10:00:00Z,0,16.5735,-3.12887,54.68953,74
2025-08-24T11:00:00Z,0,16.5735,-3.12887,54.68953,74
2025-08-24T12:00:00Z,0,15.823501,-3.12887,54.68953,82
2025-08-24T13:00:00Z,0,16.0735,-3.12887,54.68953,83
2025-08-24T14:00:00Z,0,16.3235,-3.12887,54.68953,84
2025-08-24T15:00:00Z,0,16.4735,-3.12887,54.68953,85
2025-08-24T16:00:00Z,0,16.523499,-3.12887,54.68953,84
2025-08-24T17:00:00Z,0,16.4735,-3.12887,54.68953,82
2025-08-24T18:00:00Z,0,16.0735,-3.12887,54.68953,82
2025-08-24T19:00:00Z,0,15.1735,-3.12887,54.68953,86
2025-08-24T20:00:00Z,0,13.9235,-3.12887,54.68953,92
2025-08-24T21:00:00Z,0,12.9235,-3.12887,54.68953,96
2025-08-24T22:00:00Z,0,12.3735,-3.12887,54.68953,95
2025-08-24T23:00:00Z,0,12.073501,-3.12887,54.68953,92
2025-08-25T00:00:00Z,0,11.8735,-3.12887,54.68953,89
2025-08-25T01:00:00Z,0,11.7735,-3.12887,54.68953,89
2025-08-25T02:00:00Z,0,11.7235,-3.12887,54.68953,89
2025-08-25T03:00:00Z,0,11.7735,-3.12887,54.68953,89
2025-08-25T04:00:00Z,0,11.7235,-3.12887,54.68953,88
2025-08-25T05:00:00Z,0,11.7735,-3.12887,54.68953,87
2025-08-25T06:00:00Z,0,12.2235,-3.12887,54.68953,85
2025-08-25T07:00:00Z,0,13.5235,-3.12887,54.68953,82
2025-08-25T08:00:00Z,0,15.2735,-3.12887,54.68953,79
2025-08-25T09:00:00Z,0,16.773499,-3.12887,54.68953,76
2025-08-25T10:00:00Z,0,17.7235,-3.12887,54.68953,72
2025-08-25T11:00:00Z,0,18.373499,-3.12887,54.68953,67
2025-08-25T12:00:00Z,0,18.8235,-3.12887,54.68953,64
2025-08-25T13:00:00Z,0,19.023499,-3.12887,54.68953,63
2025-08-25T14:00:00Z,0,19.023499,-3.12887,54.68953,63
2025-08-25T15:00:00Z,0,18.8235,-3.12887,54.68953,64
2025-08-25T16:00:00Z,0,18.5735,-3.12887,54.68953,66
2025-08-25T17:00:00Z,0,18.123499,-3.12887,54.68953,69
2025-08-25T18:00:00Z,0,17.4735,-3.12887,54.68953,72
2025-08-25T19:00:00Z,0,16.373499,-3.12887,54.68953,74
2025-08-25T20:00:00Z,0,15.0235,-3.12887,54.68953,75
2025-08-25T21:00:00Z,0,14.0235,-3.12887,54.68953,76
2025-08-25T22:00:00Z,0,13.573501,-3.12887,54.68953,75
2025-08-25T23:00:00Z,0,13.4735,-3.12887,54.68953,73
2025-08-26T00:00:00Z,0,13.323501,-3.12887,54.68953,72
2025-08-26T01:00:00Z,0,12.9735,-3.12887,54.68953,71
2025-08-26T02:00:00Z,0,12.6735,-3.12887,54.68953,71
2025-08-26T03:00:00Z,0,12.4235,-3.12887,54.68953,70
2025-08-26T04:00:00Z,0,12.4235,-3.12887,54.68953,69
2025-08-26T05:00:00Z,0,12.5235,-3.12887,54.68953,67
2025-08-26T06:00:00Z,0,12.6235,-3.12887,54.68953,66
2025-08-26T07:00:00Z,0,14.4135,-3.12887,54.68953,62
2025-08-26T08:00:00Z,0,15.1135,-3.12887,54.68953,60
2025-08-26T09:00:00Z,0,15.8635,-3.12887,54.68953,58
2025-08-26T10:00:00Z,0,16.763498,-3.12887,54.68953,58
2025-08-26T11:00:00Z,0,17.7135,-3.12887,54.68953,59
2025-08-26T12:00:00Z,0,18.5635,-3.12887,54.68953,60
2025-08-26T13:00:00Z,0,19.3135,-3.12887,54.68953,60
2025-08-26T14:00:00Z,0,19.9635,-3.12887,54.68953,59
2025-08-26T15:00:00Z,0,20.263498,-3.12887,54.68953,59
2025-08-26T16:00:00Z,0,20.113499,-3.12887,54.68953,60
2025-08-26T17:00:00Z,0,19.613499,-3.12887,54.68953,61
2025-08-26T18:00:00Z,0,18.9635,-3.12887,54.68953,65
2025-08-26T19:00:00Z,1,18.013498,-3.12887,54.68953,72
2025-08-26T20:00:00Z,1,16.9135,-3.12887,54.68953,81
2025-08-26T21:00:00Z,1,16.0635,-3.12887,54.68953,88
2025-08-26T22:00:00Z,1,15.663501,-3.12887,54.68953,92
2025-08-26T23:00:00Z,1,15.513499,-3.12887,54.68953,93
2025-08-27T00:00:00Z,1,15.3135,-3.12887,54.68953,94
2025-08-27T01:00:00Z,1,15.0135,-3.12887,54.68953,93
2025-08-27T02:00:00Z,1,14.7135,-3.12887,54.68953,92
2025-08-27T03:00:00Z,1,14.3635,-3.12887,54.68953,91
2025-08-27T04:00:00Z,4,13.9135,-3.12887,54.68953,93
2025-08-27T05:00:00Z,4,13.5135,-3.12887,54.68953,96
2025-08-27T06:00:00Z,4,13.3135,-3.12887,54.68953,98
2025-08-27T07:00:00Z,1,13.5635,-3.12887,54.68953,97
2025-08-27T08:00:00Z,1,14.0635,-3.12887,54.68953,95
2025-08-27T09:00:00Z,1,14.5135,-3.12887,54.68953,93
2025-08-27T10:00:00Z,0,14.8635,-3.12887,54.68953,91
2025-08-27T11:00:00Z,0,15.2135,-3.12887,54.68953,89
2025-08-27T12:00:00Z,0,15.413501,-3.12887,54.68953,87
2025-08-27T13:00:00Z,1,15.4635,-3.12887,54.68953,86
2025-08-27T14:00:00Z,1,15.4635,-3.12887,54.68953,86
2025-08-27T15:00:00Z,1,15.3635,-3.12887,54.68953,86
2025-08-27T16:00:00Z,1,15.3135,-3.12887,54.68953,86
2025-08-27T17:00:00Z,1,15.2135,-3.12887,54.68953,86
2025-08-27T18:00:00Z,1,14.9135,-3.12887,54.68953,87
2025-08-27T19:00:00Z,0,14.1635,-3.12887,54.68953,90
2025-08-27T20:00:00Z,0,13.2135,-3.12887,54.68953,94
2025-08-27T21:00:00Z,0,12.4635,-3.12887,54.68953,97
2025-08-27T22:00:00Z,0,12.1635,-3.12887,54.68953,97
2025-08-27T23:00:00Z,0,12.0635,-3.12887,54.68953,96
2025-08-21T00:00:00Z,0,6.0085,-3.13806,54.66972,92
2025-08-21T01:00:00Z,0,6.1585,-3.13806,54.66972,92
2025-08-21T02:00:00Z,0,6.3085003,-3.13806,54.66972,91
2025-08-21T03:00:00Z,0,6.5085,-3.13806,54.66972,89
2025-08-21T04:00:00Z,0,6.2585,-3.13806,54.66972,90
2025-08-21T05:00:00Z,0,6.7585,-3.13806,54.66972,86
2025-08-21T06:00:00Z,0,7.7085004,-3.13806,54.66972,83
2025-08-21T07:00:00Z,0,8.6085,-3.13806,54.66972,82
2025-08-21T08:00:00Z,0,8.7585,-3.13806,54.66972,81
2025-08-21T09:00:00Z,0,8.6585,-3.13806,54.66972,84
2025-08-21T10:00:00Z,0,8.7585,-3.13806,54.66972,85
2025-08-21T11:00:00Z,0,8.9585,-3.13806,54.66972,84
2025-08-21T12:00:00Z,0,9.1585,-3.13806,54.66972,84
2025-08-21T13:00:00Z,0,10.2085,-3.13806,54.66972,81
2025-08-21T14:00:00Z,0,11.6585,-3.13806,54.66972,80
2025-08-21T15:00:00Z,0,11.9085,-3.13806,54.66972,78
2025-08-21T16:00:00Z,0,11.1585,-3.13806,54.66972,84
2025-08-21T17:00:00Z,0,11.308499,-3.13806,54.66972,86
2025-08-21T18:00:00Z,0,10.9085,-3.13806,54.66972,88
2025-08-21T19:00:00Z,0,10.558499,-3.13806,54.66972,90
2025-08-21T20:00:00Z,0,10.1585,-3.13806,54.66972,92
2025-08-21T21:00:00Z,0,10.1085,-3.13806,54.66972,92
2025-08-21T22:00:00Z,0,10.058499,-3.13806,54.66972,93
2025-08-21T23:00:00Z,0,10.2585,-3.13806,54.66972,95
2025-08-22T00:00:00Z,0,10.4585,-3.13806,54.66972,93
2025-08-22T01:00:00Z,0,10.5085,-3.13806,54.66972,93
2025-08-22T02:00:00Z,0,10.558499,-3.13806,54.66972,92
2025-08-22T03:00:00Z,0,10.5085,-3.13806,54.66972,94
2025-08-22T04:00:00Z,0,10.2085,-3.13806,54.66972,99
2025-08-22T05:00:00Z,0,10.6585,-3.13806,54.66972,100
2025-08-22T06:00:00Z,0,10.3585,-3.13806,54.66972,100
2025-08-22T07:00:00Z,0,9.7585,-3.13806,54.66972,100
2025-08-22T08:00:00Z,0,9.3585,-3.13806,54.66972,100
2025-08-22T09:00:00Z,0,9.308499,-3.13806,54.66972,100
2025-08-22T10:00:00Z,0,9.7085,-3.13806,54.66972,100
2025-08-22T11:00:00Z,0,10.5085,-3.13806,54.66972,98
2025-08-22T12:00:00Z,0,10.6085,-3.13806,54.66972,97
2025-08-22T13:00:00Z,0,12.3585,-3.13806,54.66972,84
2025-08-22T14:00:00Z,0,13.4085,-3.13806,54.66972,79
2025-08-22T15:00:00Z,0,13.9085,-3.13806,54.66972,77
2025-08-22T16:00:00Z,0,13.9585,-3.13806,54.66972,77
2025-08-22T17:00:00Z,0,13.4085,-3.13806,54.66972,79
2025-08-22T18:00:00Z,0,12.8585,-3.13806,54.66972,87
2025-08-22T19:00:00Z,0,12.4085,-3.13806,54.66972,90
2025-08-22T20:00:00Z,0,11.1085,-3.13806,54.66972,93
2025-08-22T21:00:00Z,0,10.2585,-3.13806,54.66972,90
2025-08-22T22:00:00Z,0,8.9585,-3.13806,54.66972,92
2025-08-22T23:00:00Z,0,8.2585,-3.13806,54.66972,95
2025-08-23T00:00:00Z,0,8.7585,-3.13806,54.66972,95
2025-08-23T01:00:00Z,0,9.1585,-3.13806,54.66972,94
2025-08-23T02:00:00Z,0,8.9585,-3.13806,54.66972,94
2025-08-23T03:00:00Z,0,8.2085,-3.13806,54.66972,96
2025-08-23T04:00:00Z,0,8.2085,-3.13806,54.66972,96
2025-08-23T05:00:00Z,0,8.1585,-3.13806,54.66972,95
2025-08-23T06:00:00Z,0,8.808499,-3.13806,54.66972,93
2025-08-23T07:00:00Z,0,10.2585,-3.13806,54.66972,93
2025-08-23T08:00:00Z,0,11.9085,-3.13806,54.66972,83
2025-08-23T09:00:00Z,0,12.6085,-3.13806,54.66972,82
2025-08-23T10:00:00Z,0,13.1585,-3.13806,54.66972,81
2025-08-23T11:00:00Z,0,13.308499,-3.13806,54.66972,83
2025-08-23T12:00:00Z,0,12.9585,-3.13806,54.66972,87
2025-08-23T13:00:00Z,0,12.7085,-3.13806,54.66972,89
2025-08-23T14:00:00Z,0,13.2085,-3.13806,54.66972,88
2025-08-23T15:00:00Z,0,13.808499,-3.13806,54.66972,87
2025-08-23T16:00:00Z,0,13.308499,-3.13806,54.66972,88
2025-08-23T17:00:00Z,0,12.9585,-3.13806,54.66972,89
2025-08-23T18:00:00Z,0,12.65,-3.13806,54.66972,95
2025-08-23T19:00:00Z,0,12.15,-3.13806,54.66972,96
2025-08-23T20:00:00Z,0,11.75,-3.13806,54.66972,96
2025-08-23T21:00:00Z,0,11.35,-3.13806,54.66972,95
2025-08-23T22:00:00Z,0,10.95,-3.13806,54.66972,95
2025-08-23T23:00:00Z,0,10.55,-3.13806,54.66972,95
2025-08-24T00:00:00Z,0,10.35,-3.13806,54.66972,95
2025-08-24T01:00:00Z,0,10.35,-3.13806,54.66972,94
2025-08-24T02:00:00Z,0,10.55,-3.13806,54.66972,94
2025-08-24T03:00:00Z,0,10.65,-3.13806,54.66972,93
2025-08-24T04:00:00Z,0,10.5,-3.13806,54.66972,93
2025-08-24T05:00:00Z,0,10.3,-3.13806,54.66972,94
2025-08-24T06:00:00Z,0,10.35,-3.13806,54.66972,93
2025-08-24T07:00:00Z,0,10.95,-3.13806,54.66972,91
2025-08-24T08:00:00Z,0,11.8,-3.13806,54.66972,88
2025-08-24T09:00:00Z,0,12.65,-3.13806,54.66972,85
2025-08-24T10:00:00Z,0,13.4,-3.13806,54.66972,82
2025-08-24T11:00:00Z,0,14.1,-3.13806,54.66972,80
2025-08-24T12:00:00Z,0,14.7,-3.13806,54.66972,78
2025-08-24T13:00:00Z,0,15.1,-3.13806,54.66972,76
2025-08-24T14:00:00Z,0,15.35,-3.13806,54.66972,75
2025-08-24T15:00:00Z,0,15.45,-3.13806,54.66972,75
2025-08-24T16:00:00Z,0,15.35,-3.13806,54.66972,76
2025-08-24T17:00:00Z,0,15.05,-3.13806,54.66972,77
2025-08-24T18:00:00Z,0,14.6,-3.13806,54.66972,79
2025-08-24T19:00:00Z,0,13.9,-3.13806,54.66972,81
2025-08-24T20:00:00Z,0,13.0,-3.13806,54.66972,84
2025-08-24T21:00:00Z,0,12.3,-3.13806,54.66972,86
2025-08-24T22:00:00Z,0,11.95,-3.13806,54.66972,87
2025-08-24T23:00:00Z,0,11.75,-3.13806,54.66972,87
2025-08-25T00:00:00Z,0,11.55,-3.13806,54.66972,87
2025-08-25T01:00:00Z,0,11.25,-3.13806,54.66972,87
2025-08-25T02:00:00Z,0,11.0,-3.13806,54.66972,87
2025-08-25T03:00:00Z,0,10.85,-3.13806,54.66972,87
2025-08-25T04:00:00Z,0,10.9,-3.13806,54.66972,86
2025-08-25T05:00:00Z,0,11.05,-3.13806,54.66972,85
2025-08-25T06:00:00Z,0,11.4,-3.13806,54.66972,83
2025-08-25T07:00:00Z,0,12.05,-3.13806,54.66972,80
2025-08-25T08:00:00Z,0,12.85,-3.13806,54.66972,75
2025-08-25T09:00:00Z,0,13.65,-3.13806,54.66972,72
2025-08-25T10:00:00Z,0,14.4,-3.13806,54.66972,71
2025-08-25T11:00:00Z,0,15.15,-3.13806,54.66972,70
2025-08-25T12:00:00Z,0,15.8,-3.13806,54.66972,69
2025-08-25T13:00:00Z,0,16.4,-3.13806,54.66972,66
2025-08-25T14:00:00Z,0,16.9,-3.13806,54.66972,63
2025-08-25T15:00:00Z,0,17.05,-3.13806,54.66972,62
2025-08-25T16:00:00Z,0,16.7,-3.13806,54.66972,64
2025-08-25T17:00:00Z,0,16.0,-3.13806,54.66972,67
2025-08-25T18:00:00Z,0,15.25,-3.13806,54.66972,69
2025-08-25T19:00:00Z,0,14.35,-3.13806,54.66972,69
2025-08-25T20:00:00Z,0,13.4,-3.13806,54.66972,68
2025-08-25T21:00:00Z,0,12.7,-3.13806,54.66972,68
2025-08-25T22:00:00Z,0,12.5,-3.13806,54.66972,68
2025-08-25T23:00:00Z,0,12.55,-3.13806,54.66972,69
2025-08-26T00:00:00Z,0,12.6,-3.13806,54.66972,70
2025-08-26T01:00:00Z,0,12.5,-3.13806,54.66972,72
2025-08-26T02:00:00Z,0,12.35,-3.13806,54.66972,74
2025-08-26T03:00:00Z,0,12.25,-3.13806,54.66972,75
2025-08-26T04:00:00Z,0,12.05,-3.13806,54.66972,75
2025-08-26T05:00:00Z,0,11.85,-3.13806,54.66972,74
2025-08-26T06:00:00Z,0,11.9,-3.13806,54.66972,73
2025-08-26T07:00:00Z,0,12.45,-3.13806,54.66972,73
2025-08-26T08:00:00Z,0,13.25,-3.13806,54.66972,73
2025-08-26T09:00:00Z,0,14.0,-3.13806,54.66972,74
2025-08-26T10:00:00Z,0,14.45,-3.13806,54.66972,75
2025-08-26T11:00:00Z,0,14.85,-3.13806,54.66972,76
2025-08-26T12:00:00Z,0,15.35,-3.13806,54.66972,76
2025-08-26T13:00:00Z,0,16.4,-3.13806,54.66972,72
2025-08-26T14:00:00Z,0,17.55,-3.13806,54.66972,67
2025-08-26T15:00:00Z,0,18.05,-3.13806,54.66972,65
2025-08-26T16:00:00Z,0,17.25,-3.13806,54.66972,71
2025-08-26T17:00:00Z,0,15.75,-3.13806,54.66972,81
2025-08-26T18:00:00Z,0,14.4,-3.13806,54.66972,89
2025-08-26T19:00:00Z,0,13.45,-3.13806,54.66972,94
2025-08-26T20:00:00Z,0,12.6,-3.13806,54.66972,98
2025-08-26T21:00:00Z,0,12.05,-3.13806,54.66972,100
2025-08-26T22:00:00Z,0,11.95,-3.13806,54.66972,100
2025-08-26T23:00:00Z,0,12.1,-3.13806,54.66972,100
2025-08-27T00:00:00Z,0,12.15,-3.13806,54.66972,99
2025-08-27T01:00:00Z,0,11.95,-3.13806,54.66972,99
2025-08-27T02:00:00Z,0,11.7,-3.13806,54.66972,100
2025-08-27T03:00:00Z,0,11.5,-3.13806,54.66972,100
2025-08-27T04:00:00Z,0,11.4,-3.13806,54.66972,100
2025-08-27T05:00:00Z,0,11.35,-3.13806,54.66972,100
2025-08-27T06:00:00Z,0,11.5,-3.13806,54.66972,100
2025-08-27T07:00:00Z,0,11.9,-3.13806,54.66972,97
2025-08-27T08:00:00Z,0,12.4,-3.13806,54.66972,94
2025-08-27T09:00:00Z,0,12.95,-3.13806,54.66972,90
2025-08-27T10:00:00Z,0,13.45,-3.13806,54.66972,86
2025-08-27T11:00:00Z,0,14.0,-3.13806,54.66972,83
2025-08-27T12:00:00Z,0,14.35,-3.13806,54.66972,80
2025-08-27T13:00:00Z,0,14.5,-3.13806,54.66972,79
2025-08-27T14:00:00Z,0,14.45,-3.13806,54.66972,78
2025-08-27T15:00:00Z,0,14.35,-3.13806,54.66972,78
2025-08-27T16:00:00Z,0,14.2,-3.13806,54.66972,78
2025-08-27T17:00:00Z,0,13.95,-3.13806,54.66972,79
2025-08-27T18:00:00Z,0,13.6,-3.13806,54.66972,81
2025-08-27T19:00:00Z,0,13.05,-3.13806,54.66972,83
2025-08-27T20:00:00Z,0,12.45,-3.13806,54.66972,86
2025-08-27T21:00:00Z,0,11.8,-3.13806,54.66972,89
2025-08-27T22:00:00Z,0,11.15,-3.13806,54.66972,92
2025-08-27T23:00:00Z,0,10.55,-3.13806,54.66972,95
2025-08-21T00:00:00Z,0,5.9565,-3.13919,54.66639,92
2025-08-21T01:00:00Z,0,5.9565,-3.13919,54.66639,93
2025-08-21T02:00:00Z,0,6.2065,-3.13919,54.66639,92
2025-08-21T03:00:00Z,0,6.7565002,-3.13919,54.66639,86
2025-08-21T04:00:00Z,0,6.2565002,-3.13919,54.66639,86
2025-08-21T05:00:00Z,0,6.5565,-3.13919,54.66639,84
2025-08-21T06:00:00Z,0,7.8065,-3.13919,54.66639,81
2025-08-21T07:00:00Z,0,8.1565,-3.13919,54.66639,81
2025-08-21T08:00:00Z,0,8.1565,-3.13919,54.66639,83
2025-08-21T09:00:00Z,0,8.1065,-3.13919,54.66639,85
2025-08-21T10:00:00Z,0,8.1565,-3.13919,54.66639,86
2025-08-21T11:00:00Z,0,8.3064995,-3.13919,54.66639,87
2025-08-21T12:00:00Z,0,8.5564995,-3.13919,54.66639,86
2025-08-21T13:00:00Z,0,9.756499,-3.13919,54.66639,83
2025-08-21T14:00:00Z,0,10.8565,-3.13919,54.66639,81
2025-08-21T15:00:00Z,0,11.3565,-3.13919,54.66639,79
2025-08-21T16:00:00Z,0,10.5564995,-3.13919,54.66639,85
2025-08-21T17:00:00Z,0,10.8064995,-3.13919,54.66639,86
2025-08-21T18:00:00Z,0,10.3064995,-3.13919,54.66639,89
2025-08-21T19:00:00Z,0,9.9065,-3.13919,54.66639,92
2025-08-21T20:00:00Z,0,9.1065,-3.13919,54.66639,97
2025-08-21T21:00:00Z,0,8.9065,-3.13919,54.66639,96
2025-08-21T22:00:00Z,0,9.006499,-3.13919,54.66639,96
2025-08-21T23:00:00Z,0,9.256499,-3.13919,54.66639,98
2025-08-22T00:00:00Z,0,9.3064995,-3.13919,54.66639,97
2025-08-22T01:00:00Z,0,9.4565,-3.13919,54.66639,97
2025-08-22T02:00:00Z,0,9.7065,-3.13919,54.66639,96
2025-08-22T03:00:00Z,0,9.8064995,-3.13919,54.66639,96
2025-08-22T04:00:00Z,0,9.7065,-3.13919,54.66639,100
2025-08-22T05:00:00Z,0,10.1565,-3.13919,54.66639,100
2025-08-22T06:00:00Z,0,9.9565,-3.13919,54.66639,100
2025-08-22T07:00:00Z,0,9.3565,-3.13919,54.66639,100
2025-08-22T08:00:00Z,0,8.9065,-3.13919,54.66639,100
2025-08-22T09:00:00Z,0,8.9065,-3.13919,54.66639,100
2025-08-22T10:00:00Z,0,9.3064995,-3.13919,54.66639,100
2025-08-22T11:00:00Z,0,9.9565,-3.13919,54.66639,100
2025-08-22T12:00:00Z,0,10.6565,-3.13919,54.66639,97
2025-08-22T13:00:00Z,0,11.9065,-3.13919,54.66639,84
2025-08-22T14:00:00Z,0,12.7065,-3.13919,54.66639,79
2025-08-22T15:00:00Z,0,13.0564995,-3.13919,54.66639,78
2025-08-22T16:00:00Z,0,13.1065,-3.13919,54.66639,77
2025-08-22T17:00:00Z,0,12.6065,-3.13919,54.66639,81
2025-08-22T18:00:00Z,0,12.006499,-3.13919,54.66639,88
2025-08-22T19:00:00Z,0,11.5564995,-3.13919,54.66639,91
2025-08-22T20:00:00Z,0,10.6565,-3.13919,54.66639,93
2025-08-22T21:00:00Z,0,10.0564995,-3.13919,54.66639,90
2025-08-22T22:00:00Z,0,9.3064995,-3.13919,54.66639,92
2025-08-22T23:00:00Z,0,9.1565,-3.13919,54.66639,94
2025-08-23T00:00:00Z,0,9.2065,-3.13919,54.66639,94
2025-08-23T01:00:00Z,0,9.4065,-3.13919,54.66639,92
2025-08-23T02:00:00Z,0,8.8064995,-3.13919,54.66639,94
2025-08-23T03:00:00Z,0,8.1565,-3.13919,54.66639,96
2025-08-23T04:00:00Z,0,8.256499,-3.13919,54.66639,95
2025-08-23T05:00:00Z,0,8.1565,-3.13919,54.66639,95
2025-08-23T06:00:00Z,0,8.6565,-3.13919,54.66639,94
2025-08-23T07:00:00Z,0,9.8565,-3.13919,54.66639,94
2025-08-23T08:00:00Z,0,11.1565,-3.13919,54.66639,86
2025-08-23T09:00:00Z,0,12.006499,-3.13919,54.66639,82
2025-08-23T10:00:00Z,0,12.506499,-3.13919,54.66639,84
2025-08-23T11:00:00Z,0,12.5564995,-3.13919,54.66639,84
2025-08-23T12:00:00Z,0,12.3565,-3.13919,54.66639,88
2025-08-23T13:00:00Z,0,12.3565,-3.13919,54.66639,89
2025-08-23T14:00:00Z,0,12.8565,-3.13919,54.66639,85
2025-08-23T15:00:00Z,0,13.2065,-3.13919,54.66639,85
2025-08-23T16:00:00Z,0,12.9565,-3.13919,54.66639,89
2025-08-23T17:00:00Z,0,12.4065,-3.13919,54.66639,91
2025-08-23T18:00:00Z,0,11.9,-3.13919,54.66639,95
2025-08-23T19:00:00Z,0,11.4,-3.13919,54.66639,96
2025-08-23T20:00:00Z,0,10.95,-3.13919,54.66639,96
2025-08-23T21:00:00Z,0,10.6,-3.13919,54.66639,95
2025-08-23T22:00:00Z,0,10.15,-3.13919,54.66639,95
2025-08-23T23:00:00Z,0,9.8,-3.13919,54.66639,95
2025-08-24T00:00:00Z,0,9.6,-3.13919,54.66639,95
2025-08-24T01:00:00Z,0,9.6,-3.13919,54.66639,94
2025-08-24T02:00:00Z,0,9.75,-3.13919,54.66639,94
2025-08-24T03:00:00Z,0,9.9,-3.13919,54.66639,93
2025-08-24T04:00:00Z,0,9.7,-3.13919,54.66639,93
2025-08-24T05:00:00Z,0,9.5,-3.13919,54.66639,94
2025-08-24T06:00:00Z,0,9.6,-3.13919,54.66639,93
2025-08-24T07:00:00Z,0,10.15,-3.13919,54.66639,91
2025-08-24T08:00:00Z,0,11.05,-3.13919,54.66639,88
2025-08-24T09:00:00Z,0,11.9,-3.13919,54.66639,85
2025-08-24T10:00:00Z,0,12.65,-3.13919,54.66639,82
2025-08-24T11:00:00Z,0,13.35,-3.13919,54.66639,80
2025-08-24T12:00:00Z,0,13.95,-3.13919,54.66639,78
2025-08-24T13:00:00Z,0,14.35,-3.13919,54.66639,76
2025-08-24T14:00:00Z,0,14.6,-3.13919,54.66639,75
2025-08-24T15:00:00Z,0,14.7,-3.13919,54.66639,75
2025-08-24T16:00:00Z,0,14.55,-3.13919,54.66639,76
2025-08-24T17:00:00Z,0,14.25,-3.13919,54.66639,77
2025-08-24T18:00:00Z,0,13.85,-3.13919,54.66639,79
2025-08-24T19:00:00Z,0,13.1,-3.13919,54.66639,81
2025-08-24T20:00:00Z,0,12.25,-3.13919,54.66639,84
2025-08-24T21:00:00Z,0,11.55,-3.13919,54.66639,86
2025-08-24T22:00:00Z,0,11.15,-3.13919,54.66639,87
2025-08-24T23:00:00Z,0,10.95,-3.13919,54.66639,87
2025-08-25T00:00:00Z,0,10.8,-3.13919,54.66639,87
2025-08-25T01:00:00Z,0,10.5,-3.13919,54.66639,87
2025-08-25T02:00:00Z,0,10.2,-3.13919,54.66639,87
2025-08-25T03:00:00Z,0,10.1,-3.13919,54.66639,87
2025-08-25T04:00:00Z,0,10.1,-3.13919,54.66639,86
2025-08-25T05:00:00Z,0,10.25,-3.13919,54.66639,85
2025-08-25T06:00:00Z,0,10.65,-3.13919,54.66639,83
2025-08-25T07:00:00Z,0,11.25,-3.13919,54.66639,80
2025-08-25T08:00:00Z,0,12.05,-3.13919,54.66639,75
2025-08-25T09:00:00Z,0,12.9,-3.13919,54.66639,72
2025-08-25T10:00:00Z,0,13.65,-3.13919,54.66639,71
2025-08-25T11:00:00Z,0,14.4,-3.13919,54.66639,70
2025-08-25T12:00:00Z,0,15.05,-3.13919,54.66639,69
2025-08-25T13:00:00Z,0,15.6,-3.13919,54.66639,66
2025-08-25T14:00:00Z,0,16.1,-3.13919,54.66639,63
2025-08-25T15:00:00Z,0,16.3,-3.13919,54.66639,62
2025-08-25T16:00:00Z,0,15.95,-3.13919,54.66639,64
2025-08-25T17:00:00Z,0,15.25,-3.13919,54.66639,67
2025-08-25T18:00:00Z,0,14.5,-3.13919,54.66639,69
2025-08-25T19:00:00Z,0,13.6,-3.13919,54.66639,69
2025-08-25T20:00:00Z,0,12.6,-3.13919,54.66639,68
2025-08-25T21:00:00Z,0,11.95,-3.13919,54.66639,68
2025-08-25T22:00:00Z,0,11.7,-3.13919,54.66639,68
2025-08-25T23:00:00Z,0,11.8,-3.13919,54.66639,69
2025-08-26T00:00:00Z,0,11.85,-3.13919,54.66639,70
2025-08-26T01:00:00Z,0,11.75,-3.13919,54.66639,72
2025-08-26T02:00:00Z,0,11.6,-3.13919,54.66639,74
2025-08-26T03:00:00Z,0,11.5,-3.13919,54.66639,75
2025-08-26T04:00:00Z,0,11.25,-3.13919,54.66639,75
2025-08-26T05:00:00Z,0,11.05,-3.13919,54.66639,74
2025-08-26T06:00:00Z,0,11.15,-3.13919,54.66639,73
2025-08-26T07:00:00Z,0,11.65,-3.13919,54.66639,73
2025-08-26T08:00:00Z,0,12.5,-3.13919,54.66639,73
2025-08-26T09:00:00Z,0,13.25,-3.13919,54.66639,74
2025-08-26T10:00:00Z,0,13.7,-3.13919,54.66639,75
2025-08-26T11:00:00Z,0,14.05,-3.13919,54.66639,76
2025-08-26T12:00:00Z,0,14.6,-3.13919,54.66639,76
2025-08-26T13:00:00Z,0,15.6,-3.13919,54.66639,72
2025-08-26T14:00:00Z,0,16.8,-3.13919,54.66639,67
2025-08-26T15:00:00Z,0,17.3,-3.13919,54.66639,65
2025-08-26T16:00:00Z,0,16.5,-3.13919,54.66639,71
2025-08-26T17:00:00Z,0,15.0,-3.13919,54.66639,81
2025-08-26T18:00:00Z,0,13.65,-3.13919,54.66639,89
2025-08-26T19:00:00Z,0,12.65,-3.13919,54.66639,94
2025-08-26T20:00:00Z,0,11.85,-3.13919,54.66639,98
2025-08-26T21:00:00Z,0,11.3,-3.13919,54.66639,100
2025-08-26T22:00:00Z,0,11.15,-3.13919,54.66639,100
2025-08-26T23:00:00Z,0,11.3,-3.13919,54.66639,100
2025-08-27T00:00:00Z,0,11.4,-3.13919,54.66639,99
2025-08-27T01:00:00Z,0,11.2,-3.13919,54.66639,99
2025-08-27T02:00:00Z,0,10.9,-3.13919,54.66639,100
2025-08-27T03:00:00Z,0,10.75,-3.13919,54.66639,100
2025-08-27T04:00:00Z,0,10.6,-3.13919,54.66639,100
2025-08-27T05:00:00Z,0,10.6,-3.13919,54.66639,100
2025-08-27T06:00:00Z,0,10.75,-3.13919,54.66639,100
2025-08-27T07:00:00Z,0,11.1,-3.13919,54.66639,97
2025-08-27T08:00:00Z,0,11.65,-3.13919,54.66639,94
2025-08-27T09:00:00Z,0,12.2,-3.13919,54.66639,90
2025-08-27T10:00:00Z,0,12.7,-3.13919,54.66639,86
2025-08-27T11:00:00Z,0,13.2,-3.13919,54.66639,83
2025-08-27T12:00:00Z,0,13.6,-3.13919,54.66639,80
2025-08-27T13:00:00Z,0,13.7,-3.13919,54.66639,79
2025-08-27T14:00:00Z,0,13.7,-3.13919,54.66639,78
2025-08-27T15:00:00Z,0,13.6,-3.13919,54.66639,78
2025-08-27T16:00:00Z,0,13.4,-3.13919,54.66639,78
2025-08-27T17:00:00Z,0,13.2,-3.13919,54.66639,79
2025-08-27T18:00:00Z,0,12.85,-3.13919,54.66639,81
2025-08-27T19:00:00Z,0,12.3,-3.13919,54.66639,83
2025-08-27T20:00:00Z,0,11.65,-3.13919,54.66639,86
2025-08-27T21:00:00Z,0,11.05,-3.13919,54.66639,89
2025-08-27T22:00:00Z,0,10.4,-3.13919,54.66639,92
2025-08-27T23:00:00Z,0,9.75,-3.13919,54.66639,95
2025-08-21T00:00:00Z,0,8.796,-3.12518,54.70838,79
2025-08-21T01:00:00Z,0,8.746,-3.12518,54.70838,76
2025-08-21T02:00:00Z,0,8.695999,-3.12518,54.70838,77
2025-08-21T03:00:00Z,0,8.646,-3.12518,54.70838,79
2025-08-21T04:00:00Z,0,8.646,-3.12518,54.70838,80
2025-08-21T05:00:00Z,0,8.546,-3.12518,54.70838,82
2025-08-21T06:00:00Z,0,8.796,-3.12518,54.70838,82
2025-08-21T07:00:00Z,0,9.546,-3.12518,54.70838,83
2025-08-21T08:00:00Z,0,10.346001,-3.12518,54.70838,82
2025-08-21T09:00:00Z,0,11.096001,-3.12518,54.70838,80
2025-08-21T10:00:00Z,0,11.746,-3.12518,54.70838,79
2025-08-21T11:00:00Z,0,12.195999,-3.12518,54.70838,78
2025-08-21T12:00:00Z,0,12.796,-3.12518,54.70838,78
2025-08-21T13:00:00Z,0,13.096001,-3.12518,54.70838,78
2025-08-21T14:00:00Z,0,13.246,-3.12518,54.70838,78
2025-08-21T15:00:00Z,0,13.646,-3.12518,54.70838,76
2025-08-21T16:00:00Z,0,13.496,-3.12518,54.70838,78
2025-08-21T17:00:00Z,0,12.695999,-3.12518,54.70838,82
2025-08-21T18:00:00Z,0,12.396,-3.12518,54.70838,82
2025-08-21T19:00:00Z,0,11.945999,-3.12518,54.70838,82
2025-08-21T20:00:00Z,0,11.296,-3.12518,54.70838,80
2025-08-21T21:00:00Z,0,10.945999,-3.12518,54.70838,79
2025-08-21T22:00:00Z,0,10.945999,-3.12518,54.70838,79
2025-08-21T23:00:00Z,0,10.846001,-3.12518,54.70838,79
2025-08-22T00:00:00Z,0,10.996,-3.12518,54.70838,84
2025-08-22T01:00:00Z,0,10.996,-3.12518,54.70838,86
2025-08-22T02:00:00Z,0,10.945999,-3.12518,54.70838,86
2025-08-22T03:00:00Z,0,10.846001,-3.12518,54.70838,86
2025-08-22T04:00:00Z,0,10.996,-3.12518,54.70838,84
2025-08-22T05:00:00Z,0,11.445999,-3.12518,54.70838,83
2025-08-22T06:00:00Z,0,11.146,-3.12518,54.70838,86
2025-08-22T07:00:00Z,0,11.346001,-3.12518,54.70838,85
2025-08-22T08:00:00Z,0,11.945999,-3.12518,54.70838,85
2025-08-22T09:00:00Z,0,12.346001,-3.12518,54.70838,84
2025-08-22T10:00:00Z,0,12.596001,-3.12518,54.70838,83
2025-08-22T11:00:00Z,0,12.846001,-3.12518,54.70838,80
2025-08-22T12:00:00Z,0,13.146,-3.12518,54.70838,76
2025-08-22T13:00:00Z,0,13.596001,-3.12518,54.70838,73
2025-08-22T14:00:00Z,0,13.445999,-3.12518,54.70838,74
2025-08-22T15:00:00Z,0,13.346001,-3.12518,54.70838,76
2025-08-22T16:00:00Z,0,13.195999,-3.12518,54.70838,78
2025-08-22T17:00:00Z,0,13.146,-3.12518,54.70838,81
2025-08-22T18:00:00Z,0,12.945999,-3.12518,54.70838,80
2025-08-22T19:00:00Z,0,12.546,-3.12518,54.70838,79
2025-08-22T20:00:00Z,0,11.896,-3.12518,54.70838,79
2025-08-22T21:00:00Z,0,11.796,-3.12518,54.70838,77
2025-08-22T22:00:00Z,0,11.496,-3.12518,54.70838,80
2025-08-22T23:00:00Z,0,11.246,-3.12518,54.70838,78
2025-08-23T00:00:00Z,0,10.896,-3.12518,54.70838,77
2025-08-23T01:00:00Z,0,10.646,-3.12518,54.70838,78
2025-08-23T02:00:00Z,0,10.546,-3.12518,54.70838,78
2025-08-23T03:00:00Z,0,10.695999,-3.12518,54.70838,79
2025-08-23T04:00:00Z,0,10.695999,-3.12518,54.70838,79
2025-08-23T05:00:00Z,0,10.695999,-3.12518,54.70838,79
2025-08-23T06:00:00Z,0,10.846001,-3.12518,54.70838,80
2025-08-23T07:00:00Z,0,11.646,-3.12518,54.70838,80
2025-08-23T08:00:00Z,0,12.896,-3.12518,54.70838,78
2025-08-23T09:00:00Z,0,13.846001,-3.12518,54.70838,76
2025-08-23T10:00:00Z,0,14.8005,-3.12518,54.70838,73
2025-08-23T11:00:00Z,0,15.7005005,-3.12518,54.70838,69
2025-08-23T12:00:00Z,0,16.1505,-3.12518,54.70838,69
2025-08-23T13:00:00Z,0,15.900499,-3.12518,54.70838,71
2025-08-23T14:00:00Z,0,16.1005,-3.12518,54.70838,71
2025-08-23T15:00:00Z,0,16.4505,-3.12518,54.70838,69
2025-08-23T16:00:00Z,0,16.1505,-3.12518,54.70838,71
2025-08-23T17:00:00Z,0,15.6005,-3.12518,54.70838,74
2025-08-23T18:00:00Z,0,15.2005005,-3.12518,54.70838,77
2025-08-23T19:00:00Z,0,14.2505,-3.12518,54.70838,83
2025-08-23T20:00:00Z,0,13.0505,-3.12518,54.70838,88
2025-08-23T21:00:00Z,0,12.3005,-3.12518,54.70838,89
2025-08-23T22:00:00Z,0,12.2505,-3.12518,54.70838,88
2025-08-23T23:00:00Z,0,12.2505,-3.12518,54.70838,87
2025-08-24T00:00:00Z,0,12.3005,-3.12518,54.70838,87
2025-08-24T01:00:00Z,0,12.2005005,-3.12518,54.70838,88
2025-08-24T02:00:00Z,0,12.2005005,-3.12518,54.70838,88
2025-08-24T03:00:00Z,0,12.0005,-3.12518,54.70838,87
2025-08-24T04:00:00Z,0,12.0005,-3.12518,54.70838,87
2025-08-24T05:00:00Z,0,11.8005,-3.12518,54.70838,88
2025-08-24T06:00:00Z,0,11.9505005,-3.12518,54.70838,88
2025-08-24T07:00:00Z,0,13.2505,-3.12518,54.70838,87
2025-08-24T08:00:00Z,0,14.6505,-3.12518,54.70838,84
2025-08-24T09:00:00Z,0,15.900499,-3.12518,54.70838,79
2025-08-24T10:00:00Z,0,16.9505,-3.12518,54.70838,74
2025-08-24T11:00:00Z,0,16.9505,-3.12518,54.70838,74
2025-08-24T12:00:00Z,0,16.2005,-3.12518,54.70838,82
2025-08-24T13:00:00Z,0,16.4505,-3.12518,54.70838,83
2025-08-24T14:00:00Z,0,16.7005,-3.12518,54.70838,84
2025-08-24T15:00:00Z,0,16.8505,-3.12518,54.70838,85
2025-08-24T16:00:00Z,0,16.9005,-3.12518,54.70838,84
2025-08-24T17:00:00Z,0,16.8505,-3.12518,54.70838,82
2025-08-24T18:00:00Z,0,16.4505,-3.12518,54.70838,82
2025-08-24T19:00:00Z,0,15.5505,-3.12518,54.70838,86
2025-08-24T20:00:00Z,0,14.3005,-3.12518,54.70838,92
2025-08-24T21:00:00Z,0,13.3005,-3.12518,54.70838,96
2025-08-24T22:00:00Z,0,12.7505,-3.12518,54.70838,95
2025-08-24T23:00:00Z,0,12.4505005,-3.12518,54.70838,92
2025-08-25T00:00:00Z,0,12.2505,-3.12518,54.70838,89
2025-08-25T01:00:00Z,0,12.1505,-3.12518,54.70838,89
2025-08-25T02:00:00Z,0,12.1005,-3.12518,54.70838,89
2025-08-25T03:00:00Z,0,12.1505,-3.12518,54.70838,89
2025-08-25T04:00:00Z,0,12.1005,-3.12518,54.70838,88
2025-08-25T05:00:00Z,0,12.1505,-3.12518,54.70838,87
2025-08-25T06:00:00Z,0,12.6005,-3.12518,54.70838,85
2025-08-25T07:00:00Z,0,13.9005,-3.12518,54.70838,82
2025-08-25T08:00:00Z,0,15.6505,-3.12518,54.70838,79
2025-08-25T09:00:00Z,0,17.1505,-3.12518,54.70838,76
2025-08-25T10:00:00Z,0,18.1005,-3.12518,54.70838,72
2025-08-25T11:00:00Z,0,18.7505,-3.12518,54.70838,67
2025-08-25T12:00:00Z,0,19.2005,-3.12518,54.70838,64
2025-08-25T13:00:00Z,0,19.4005,-3.12518,54.70838,63
2025-08-25T14:00:00Z,0,19.4005,-3.12518,54.70838,63
2025-08-25T15:00:00Z,0,19.2005,-3.12518,54.70838,64
2025-08-25T16:00:00Z,0,18.9505,-3.12518,54.70838,66
2025-08-25T17:00:00Z,0,18.5005,-3.12518,54.70838,69
2025-08-25T18:00:00Z,0,17.8505,-3.12518,54.70838,72
2025-08-25T19:00:00Z,0,16.7505,-3.12518,54.70838,74
2025-08-25T20:00:00Z,0,15.4005,-3.12518,54.70838,75
2025-08-25T21:00:00Z,0,14.4005,-3.12518,54.70838,76
2025-08-25T22:00:00Z,0,13.9505005,-3.12518,54.70838,75
2025-08-25T23:00:00Z,0,13.8505,-3.12518,54.70838,73
2025-08-26T00:00:00Z,0,13.7005005,-3.12518,54.70838,72
2025-08-26T01:00:00Z,0,13.3505,-3.12518,54.70838,71
2025-08-26T02:00:00Z,0,13.0505,-3.12518,54.70838,71
2025-08-26T03:00:00Z,0,12.8005,-3.12518,54.70838,70
2025-08-26T04:00:00Z,0,12.8005,-3.12518,54.70838,69
2025-08-26T05:00:00Z,0,12.9005,-3.12518,54.70838,67
2025-08-26T06:00:00Z,0,13.0005,-3.12518,54.70838,66
2025-08-26T07:00:00Z,0,14.7905,-3.12518,54.70838,62
2025-08-26T08:00:00Z,0,15.4904995,-3.12518,54.70838,60
2025-08-26T09:00:00Z,0,16.2405,-3.12518,54.70838,58
2025-08-26T10:00:00Z,0,17.1405,-3.12518,54.70838,58
2025-08-26T11:00:00Z,0,18.0905,-3.12518,54.70838,59
2025-08-26T12:00:00Z,0,18.9405,-3.12518,54.70838,60
2025-08-26T13:00:00Z,0,19.6905,-3.12518,54.70838,60
2025-08-26T14:00:00Z,0,20.3405,-3.12518,54.70838,59
2025-08-26T15:00:00Z,0,20.6405,-3.12518,54.70838,59
2025-08-26T16:00:00Z,0,20.4905,-3.12518,54.70838,60
2025-08-26T17:00:00Z,0,19.9905,-3.12518,54.70838,61
2025-08-26T18:00:00Z,0,19.3405,-3.12518,54.70838,65
2025-08-26T19:00:00Z,1,18.3905,-3.12518,54.70838,72
2025-08-26T20:00:00Z,1,17.2905,-3.12518,54.70838,81
2025-08-26T21:00:00Z,1,16.4405,-3.12518,54.70838,88
2025-08-26T22:00:00Z,1,16.0405,-3.12518,54.70838,92
2025-08-26T23:00:00Z,1,15.890499,-3.12518,54.70838,93
2025-08-27T00:00:00Z,1,15.6905,-3.12518,54.70838,94
2025-08-27T01:00:00Z,1,15.3905,-3.12518,54.70838,93
2025-08-27T02:00:00Z,1,15.0905,-3.12518,54.70838,92
2025-08-27T03:00:00Z,1,14.7404995,-3.12518,54.70838,91
2025-08-27T04:00:00Z,4,14.2905,-3.12518,54.70838,93
2025-08-27T05:00:00Z,4,13.8905,-3.12518,54.70838,96
2025-08-27T06:00:00Z,4,13.6905,-3.12518,54.70838,98
2025-08-27T07:00:00Z,1,13.9405,-3.12518,54.70838,97
2025-08-27T08:00:00Z,1,14.4405,-3.12518,54.70838,95
2025-08-27T09:00:00Z,1,14.8905,-3.12518,54.70838,93
2025-08-27T10:00:00Z,0,15.2404995,-3.12518,54.70838,91
2025-08-27T11:00:00Z,0,15.5905,-3.12518,54.70838,89
2025-08-27T12:00:00Z,0,15.790501,-3.12518,54.70838,87
2025-08-27T13:00:00Z,1,15.8405,-3.12518,54.70838,86
2025-08-27T14:00:00Z,1,15.8405,-3.12518,54.70838,86
2025-08-27T15:00:00Z,1,15.7404995,-3.12518,54.70838,86
2025-08-27T16:00:00Z,1,15.6905,-3.12518,54.70838,86
2025-08-27T17:00:00Z,1,15.5905,-3.12518,54.70838,86
2025-08-27T18:00:00Z,1,15.2905,-3.12518,54.70838,87
2025-08-27T19:00:00Z,0,14.5405,-3.12518,54.70838,90
2025-08-27T20:00:00Z,0,13.5905,-3.12518,54.70838,94
2025-08-27T21:00:00Z,0,12.8405,-3.12518,54.70838,97
2025-08-27T22:00:00Z,0,12.5405,-3.12518,54.70838,97
2025-08-27T23:00:00Z,0,12.4405,-3.12518,54.70838,96
2025-08-21T00:00:00Z,0,5.8395,-3.15981,54.64448,92
2025-08-21T01:00:00Z,0,5.8395,-3.15981,54.64448,93
2025-08-21T02:00:00Z,0,6.0895,-3.15981,54.64448,92
2025-08-21T03:00:00Z,0,6.6395,-3.15981,54.64448,86
2025-08-21T04:00:00Z,0,6.1395,-3.15981,54.64448,86
2025-08-21T05:00:00Z,0,6.4395,-3.15981,54.64448,84
2025-08-21T06:00:00Z,0,7.6895,-3.15981,54.64448,81
2025-08-21T07:00:00Z,0,8.0395,-3.15981,54.64448,81
2025-08-21T08:00:00Z,0,8.0395,-3.15981,54.64448,83
2025-08-21T09:00:00Z,0,7.9895,-3.15981,54.64448,85
2025-08-21T10:00:00Z,0,8.0395,-3.15981,54.64448,86
2025-08-21T11:00:00Z,0,8.1895,-3.15981,54.64448,87
2025-08-21T12:00:00Z,0,8.4395,-3.15981,54.64448,86
2025-08-21T13:00:00Z,0,9.6395,-3.15981,54.64448,83
2025-08-21T14:00:00Z,0,10.7395,-3.15981,54.64448,81
2025-08-21T15:00:00Z,0,11.2395,-3.15981,54.64448,79
2025-08-21T16:00:00Z,0,10.4395,-3.15981,54.64448,85
2025-08-21T17:00:00Z,0,10.6895,-3.15981,54.64448,86
2025-08-21T18:00:00Z,0,10.1895,-3.15981,54.64448,89
2025-08-21T19:00:00Z,0,9.7895,-3.15981,54.64448,92
2025-08-21T20:00:00Z,0,8.9895,-3.15981,54.64448,97
2025-08-21T21:00:00Z,0,8.7895,-3.15981,54.64448,96
2025-08-21T22:00:00Z,0,8.8895,-3.15981,54.64448,96
2025-08-21T23:00:00Z,0,9.1395,-3.15981,54.64448,98
2025-08-22T00:00:00Z,0,9.1895,-3.15981,54.64448,97
2025-08-22T01:00:00Z,0,9.3395,-3.15981,54.64448,97
2025-08-22T02:00:00Z,0,9.5895,-3.15981,54.64448,96
2025-08-22T03:00:00Z,0,9.6895,-3.15981,54.64448,96
2025-08-22T04:00:00Z,0,9.5895,-3.15981,54.64448,100
2025-08-22T05:00:00Z,0,10.0395,-3.15981,54.64448,100
2025-08-22T06:00:00Z,0,9.8395,-3.15981,54.64448,100
2025-08-22T07:00:00Z,0,9.2395,-3.15981,54.64448,100
2025-08-22T08:00:00Z,0,8.7895,-3.15981,54.64448,100
2025-08-22T09:00:00Z,0,8.7895,-3.15981,54.64448,100
2025-08-22T10:00:00Z,0,9.1895,-3.15981,54.64448,100
2025-08-22T11:00:00Z,0,9.8395,-3.15981,54.64448,100
2025-08-22T12:00:00Z,0,10.5395,-3.15981,54.64448,97
2025-08-22T13:00:00Z,0,11.7895,-3.15981,54.64448,84
2025-08-22T14:00:00Z,0,12.5895,-3.15981,54.64448,79
2025-08-22T15:00:00Z,0,12.9395,-3.15981,54.64448,78
2025-08-22T16:00:00Z,0,12.9895,-3.15981,54.64448,77
2025-08-22T17:00:00Z,0,12.4895,-3.15981,54.64448,81
2025-08-22T18:00:00Z,0,11.8895,-3.15981,54.64448,88
2025-08-22T19:00:00Z,0,11.4395,-3.15981,54.64448,91
2025-08-22T20:00:00Z,0,10.5395,-3.15981,54.64448,93
2025-08-22T21:00:00Z,0,9.9395,-3.15981,54.64448,90
2025-08-22T22:00:00Z,0,9.1895,-3.15981,54.64448,92
2025-08-22T23:00:00Z,0,9.0395,-3.15981,54.64448,94
2025-08-23T00:00:00Z,0,9.0895,-3.15981,54.64448,94
2025-08-23T01:00:00Z,0,9.2895,-3.15981,54.64448,92
2025-08-23T02:00:00Z,0,8.6895,-3.15981,54.64448,94
2025-08-23T03:00:00Z,0,8.0395,-3.15981,54.64448,96
2025-08-23T04:00:00Z,0,8.1395,-3.15981,54.64448,95
2025-08-23T05:00:00Z,0,8.0395,-3.15981,54.64448,95
2025-08-23T06:00:00Z,0,8.5395,-3.15981,54.64448,94
2025-08-23T07:00:00Z,0,9.7395,-3.15981,54.64448,94
2025-08-23T08:00:00Z,0,11.0395,-3.15981,54.64448,86
2025-08-23T09:00:00Z,0,11.8895,-3.15981,54.64448,82
2025-08-23T10:00:00Z,0,12.3895,-3.15981,54.64448,84
2025-08-23T11:00:00Z,0,12.4395,-3.15981,54.64448,84
2025-08-23T12:00:00Z,0,12.2395,-3.15981,54.64448,88
2025-08-23T13:00:00Z,0,12.2395,-3.15981,54.64448,89
2025-08-23T14:00:00Z,0,12.7395,-3.15981,54.64448,85
2025-08-23T15:00:00Z,0,13.0895,-3.15981,54.64448,85
2025-08-23T16:00:00Z,0,12.8395,-3.15981,54.64448,89
2025-08-23T17:00:00Z,0,12.2895,-3.15981,54.64448,91
2025-08-23T18:00:00Z,0,11.75,-3.15981,54.64448,95
2025-08-23T19:00:00Z,0,11.25,-3.15981,54.64448,96
2025-08-23T20:00:00Z,0,10.85,-3.15981,54.64448,96
2025-08-23T21:00:00Z,0,10.45,-3.15981,54.64448,95
2025-08-23T22:00:00Z,0,10.05,-3.15981,54.64448,95
2025-08-23T23:00:00Z,0,9.7,-3.15981,54.64448,95
2025-08-24T00:00:00Z,0,9.45,-3.15981,54.64448,95
2025-08-24T01:00:00Z,0,9.5,-3.15981,54.64448,94
2025-08-24T02:00:00Z,0,9.65,-3.15981,54.64448,94
2025-08-24T03:00:00Z,0,9.75,-3.15981,54.64448,93
2025-08-24T04:00:00Z,0,9.6,-3.15981,54.64448,93
2025-08-24T05:00:00Z,0,9.4,-3.15981,54.64448,94
2025-08-24T06:00:00Z,0,9.45,-3.15981,54.64448,93
2025-08-24T07:00:00Z,0,10.05,-3.15981,54.64448,91
2025-08-24T08:00:00Z,0,10.9,-3.15981,54.64448,88
2025-08-24T09:00:00Z,0,11.75,-3.15981,54.64448,85
2025-08-24T10:00:00Z,0,12.5,-3.15981,54.64448,82
2025-08-24T11:00:00Z,0,13.25,-3.15981,54.64448,80
2025-08-24T12:00:00Z,0,13.8,-3.15981,54.64448,78
2025-08-24T13:00:00Z,0,14.2,-3.15981,54.64448,76
2025-08-24T14:00:00Z,0,14.45,-3.15981,54.64448,75
2025-08-24T15:00:00Z,0,14.55,-3.15981,54.64448,75
2025-08-24T16:00:00Z,0,14.45,-3.15981,54.64448,76
2025-08-24T17:00:00Z,0,14.15,-3.15981,54.64448,77
2025-08-24T18:00:00Z,0,13.7,-3.15981,54.64448,79
2025-08-24T19:00:00Z,0,13.0,-3.15981,54.64448,81
2025-08-24T20:00:00Z,0,12.1,-3.15981,54.64448,84
2025-08-24T21:00:00Z,0,11.4,-3.15981,54.64448,86
2025-08-24T22:00:00Z,0,11.05,-3.15981,54.64448,87
2025-08-24T23:00:00Z,0,10.85,-3.15981,54.64448,87
2025-08-25T00:00:00Z,0,10.65,-3.15981,54.64448,87
2025-08-25T01:00:00Z,0,10.35,-3.15981,54.64448,87
2025-08-25T02:00:00Z,0,10.1,-3.15981,54.64448,87
2025-08-25T03:00:00Z,0,9.95,-3.15981,54.64448,87
2025-08-25T04:00:00Z,0,10.0,-3.15981,54.64448,86
2025-08-25T05:00:00Z,0,10.15,-3.15981,54.64448,85
2025-08-25T06:00:00Z,0,10.5,-3.15981,54.64448,83
2025-08-25T07:00:00Z,0,11.15,-3.15981,54.64448,80
2025-08-25T08:00:00Z,0,11.95,-3.15981,54.64448,75
2025-08-25T09:00:00Z,0,12.75,-3.15981,54.64448,72
2025-08-25T10:00:00Z,0,13.5,-3.15981,54.64448,71
2025-08-25T11:00:00Z,0,14.25,-3.15981,54.64448,70
2025-08-25T12:00:00Z,0,14.9,-3.15981,54.64448,69
2025-08-25T13:00:00Z,0,15.5,-3.15981,54.64448,66
2025-08-25T14:00:00Z,0,16.0,-3.15981,54.64448,63
2025-08-25T15:00:00Z,0,16.15,-3.15981,54.64448,62
2025-08-25T16:00:00Z,0,15.8,-3.15981,54.64448,64
2025-08-25T17:00:00Z,0,15.15,-3.15981,54.64448,67
2025-08-25T18:00:00Z,0,14.35,-3.15981,54.64448,69
2025-08-25T19:00:00Z,0,13.45,-3.15981,54.64448,69
2025-08-25T20:00:00Z,0,12.5,-3.15981,54.64448,68
2025-08-25T21:00:00Z,0,11.8,-3.15981,54.64448,68
2025-08-25T22:00:00Z,0,11.6,-3.15981,54.64448,68
2025-08-25T23:00:00Z,0,11.65,-3.15981,54.64448,69
2025-08-26T00:00:00Z,0,11.7,-3.15981,54.64448,70
2025-08-26T01:00:00Z,0,11.6,-3.15981,54.64448,72
2025-08-26T02:00:00Z,0,11.5,-3.15981,54.64448,74
2025-08-26T03:00:00Z,0,11.35,-3.15981,54.64448,75
2025-08-26T04:00:00Z,0,11.15,-3.15981,54.64448,75
2025-08-26T05:00:00Z,0,10.95,-3.15981,54.64448,74
2025-08-26T06:00:00Z,0,11.0,-3.15981,54.64448,73
2025-08-26T07:00:00Z,0,11.55,-3.15981,54.64448,73
2025-08-26T08:00:00Z,0,12.35,-3.15981,54.64448,73
2025-08-26T09:00:00Z,0,13.1,-3.15981,54.64448,74
2025-08-26T10:00:00Z,0,13.55,-3.15981,54.64448,75
2025-08-26T11:00:00Z,0,13.95,-3.15981,54.64448,76
2025-08-26T12:00:00Z,0,14.45,-3.15981,54.64448,76
2025-08-26T13:00:00Z,0,15.5,-3.15981,54.64448,72
2025-08-26T14:00:00Z,0,16.7,-3.15981,54.64448,67
2025-08-26T15:00:00Z,0,17.15,-3.15981,54.64448,65
2025-08-26T16:00:00Z,0,16.35,-3.15981,54.64448,71
2025-08-26T17:00:00Z,0,14.85,-3.15981,54.64448,81
2025-08-26T18:00:00Z,0,13.5,-3.15981,54.64448,89
2025-08-26T19:00:00Z,0,12.55,-3.15981,54.64448,94
2025-08-26T20:00:00Z,0,11.7,-3.15981,54.64448,98
2025-08-26T21:00:00Z,0,11.15,-3.15981,54.64448,100
2025-08-26T22:00:00Z,0,11.05,-3.15981,54.64448,100
2025-08-26T23:00:00Z,0,11.2,-3.15981,54.64448,100
2025-08-27T00:00:00Z,0,11.25,-3.15981,54.64448,99
2025-08-27T01:00:00Z,0,11.05,-3.15981,54.64448,99
2025-08-27T02:00:00Z,0,10.8,-3.15981,54.64448,100
2025-08-27T03:00:00Z,0,10.6,-3.15981,54.64448,100
2025-08-27T04:00:00Z,0,10.5,-3.15981,54.64448,100
2025-08-27T05:00:00Z,0,10.5,-3.15981,54.64448,100
2025-08-27T06:00:00Z,0,10.6,-3.15981,54.64448,100
2025-08-27T07:00:00Z,0,11.0,-3.15981,54.64448,97
2025-08-27T08:00:00Z,0,11.5,-3.15981,54.64448,94
2025-08-27T09:00:00Z,0,12.05,-3.15981,54.64448,90
2025-08-27T10:00:00Z,0,12.6,-3.15981,54.64448,86
2025-08-27T11:00:00Z,0,13.1,-3.15981,54.64448,83
2025-08-27T12:00:00Z,0,13.45,-3.15981,54.64448,80
2025-08-27T13:00:00Z,0,13.6,-3.15981,54.64448,79
2025-08-27T14:00:00Z,0,13.55,-3.15981,54.64448,78
2025-08-27T15:00:00Z,0,13.45,-3.15981,54.64448,78
2025-08-27T16:00:00Z,0,13.3,-3.15981,54.64448,78
2025-08-27T17:00:00Z,0,13.05,-3.15981,54.64448,79
2025-08-27T18:00:00Z,0,12.7,-3.15981,54.64448,81
2025-08-27T19:00:00Z,0,12.2,-3.15981,54.64448,83
2025-08-27T20:00:00Z,0,11.55,-3.15981,54.64448,86
2025-08-27T21:00:00Z,0,10.9,-3.15981,54.64448,89
2025-08-27T22:00:00Z,0,10.25,-3.15981,54.64448,92
2025-08-27T23:00:00Z,0,9.65,-3.15981,54.64448,95
2025-08-21T00:00:00Z,0,8.5685,-3.12137,54.70254,79
2025-08-21T01:00:00Z,0,8.518499,-3.12137,54.70254,76
2025-08-21T02:00:00Z,0,8.468499,-3.12137,54.70254,77
2025-08-21T03:00:00Z,0,8.4185,-3.12137,54.70254,79
2025-08-21T04:00:00Z,0,8.4185,-3.12137,54.70254,80
2025-08-21T05:00:00Z,0,8.3185,-3.12137,54.70254,82
2025-08-21T06:00:00Z,0,8.5685,-3.12137,54.70254,82
2025-08-21T07:00:00Z,0,9.3185,-3.12137,54.70254,83
2025-08-21T08:00:00Z,0,10.1185,-3.12137,54.70254,82
2025-08-21T09:00:00Z,0,10.8685,-3.12137,54.70254,80
2025-08-21T10:00:00Z,0,11.518499,-3.12137,54.70254,79
2025-08-21T11:00:00Z,0,11.968499,-3.12137,54.70254,78
2025-08-21T12:00:00Z,0,12.5685,-3.12137,54.70254,78
2025-08-21T13:00:00Z,0,12.8685,-3.12137,54.70254,78
2025-08-21T14:00:00Z,0,13.018499,-3.12137,54.70254,78
2025-08-21T15:00:00Z,0,13.4185,-3.12137,54.70254,76
2025-08-21T16:00:00Z,0,13.268499,-3.12137,54.70254,78
2025-08-21T17:00:00Z,0,12.468499,-3.12137,54.70254,82
2025-08-21T18:00:00Z,0,12.1685,-3.12137,54.70254,82
2025-08-21T19:00:00Z,0,11.718499,-3.12137,54.70254,82
2025-08-21T20:00:00Z,0,11.0685,-3.12137,54.70254,80
2025-08-21T21:00:00Z,0,10.718499,-3.12137,54.70254,79
2025-08-21T22:00:00Z,0,10.718499,-3.12137,54.70254,79
2025-08-21T23:00:00Z,0,10.6185,-3.12137,54.70254,79
2025-08-22T00:00:00Z,0,10.768499,-3.12137,54.70254,84
2025-08-22T01:00:00Z,0,10.768499,-3.12137,54.70254,86
2025-08-22T02:00:00Z,0,10.718499,-3.12137,54.70254,86
2025-08-22T03:00:00Z,0,10.6185,-3.12137,54.70254,86
2025-08-22T04:00:00Z,0,10.768499,-3.12137,54.70254,84
2025-08-22T05:00:00Z,0,11.218499,-3.12137,54.70254,83
2025-08-22T06:00:00Z,0,10.9185,-3.12137,54.70254,86
2025-08-22T07:00:00Z,0,11.1185,-3.12137,54.70254,85
2025-08-22T08:00:00Z,0,11.718499,-3.12137,54.70254,85
2025-08-22T09:00:00Z,0,12.1185,-3.12137,54.70254,84
2025-08-22T10:00:00Z,0,12.3685,-3.12137,54.70254,83
2025-08-22T11:00:00Z,0,12.6185,-3.12137,54.70254,80
2025-08-22T12:00:00Z,0,12.9185,-3.12137,54.70254,76
2025-08-22T13:00:00Z,0,13.3685,-3.12137,54.70254,73
2025-08-22T14:00:00Z,0,13.218499,-3.12137,54.70254,74
2025-08-22T15:00:00Z,0,13.1185,-3.12137,54.70254,76
2025-08-22T16:00:00Z,0,12.968499,-3.12137,54.70254,78
2025-08-22T17:00:00Z,0,12.9185,-3.12137,54.70254,81
2025-08-22T18:00:00Z,0,12.718499,-3.12137,54.70254,80
2025-08-22T19:00:00Z,0,12.3185,-3.12137,54.70254,79
2025-08-22T20:00:00Z,0,11.6685,-3.12137,54.70254,79
2025-08-22T21:00:00Z,0,11.5685,-3.12137,54.70254,77
2025-08-22T22:00:00Z,0,11.268499,-3.12137,54.70254,80
2025-08-22T23:00:00Z,0,11.018499,-3.12137,54.70254,78
2025-08-23T00:00:00Z,0,10.6685,-3.12137,54.70254,77
2025-08-23T01:00:00Z,0,10.4185,-3.12137,54.70254,78
2025-08-23T02:00:00Z,0,10.3185,-3.12137,54.70254,78
2025-08-23T03:00:00Z,0,10.468499,-3.12137,54.70254,79
2025-08-23T04:00:00Z,0,10.468499,-3.12137,54.70254,79
2025-08-23T05:00:00Z,0,10.468499,-3.12137,54.70254,79
2025-08-23T06:00:00Z,0,10.6185,-3.12137,54.70254,80
2025-08-23T07:00:00Z,0,11.4185,-3.12137,54.70254,80
2025-08-23T08:00:00Z,0,12.6685,-3.12137,54.70254,78
2025-08-23T09:00:00Z,0,13.6185,-3.12137,54.70254,76
2025-08-23T10:00:00Z,0,14.573,-3.12137,54.70254,73
2025-08-23T11:00:00Z,0,15.473001,-3.12137,54.70254,69
2025-08-23T12:00:00Z,0,15.922999,-3.12137,54.70254,69
2025-08-23T13:00:00Z,0,15.672999,-3.12137,54.70254,71
2025-08-23T14:00:00Z,0,15.873,-3.12137,54.70254,71
2025-08-23T15:00:00Z,0,16.223,-3.12137,54.70254,69
2025-08-23T16:00:00Z,0,15.922999,-3.12137,54.70254,71
2025-08-23T17:00:00Z,0,15.373,-3.12137,54.70254,74
2025-08-23T18:00:00Z,0,14.973001,-3.12137,54.70254,77
2025-08-23T19:00:00Z,0,14.023,-3.12137,54.70254,83
2025-08-23T20:00:00Z,0,12.823,-3.12137,54.70254,88
2025-08-23T21:00:00Z,0,12.073,-3.12137,54.70254,89
2025-08-23T22:00:00Z,0,12.023,-3.12137,54.70254,88
2025-08-23T23:00:00Z,0,12.023,-3.12137,54.70254,87
2025-08-24T00:00:00Z,0,12.073,-3.12137,54.70254,87
2025-08-24T01:00:00Z,0,11.973001,-3.12137,54.70254,88
2025-08-24T02:00:00Z,0,11.973001,-3.12137,54.70254,88
2025-08-24T03:00:00Z,0,11.773,-3.12137,54.70254,87
2025-08-24T04:00:00Z,0,11.773,-3.12137,54.70254,87
2025-08-24T05:00:00Z,0,11.573,-3.12137,54.70254,88
2025-08-24T06:00:00Z,0,11.723001,-3.12137,54.70254,88
2025-08-24T07:00:00Z,0,13.023,-3.12137,54.70254,87
2025-08-24T08:00:00Z,0,14.423,-3.12137,54.70254,84
2025-08-24T09:00:00Z,0,15.672999,-3.12137,54.70254,79
2025-08-24T10:00:00Z,0,16.723,-3.12137,54.70254,74
2025-08-24T11:00:00Z,0,16.723,-3.12137,54.70254,74
2025-08-24T12:00:00Z,0,15.973001,-3.12137,54.70254,82
2025-08-24T13:00:00Z,0,16.223,-3.12137,54.70254,83
2025-08-24T14:00:00Z,0,16.473,-3.12137,54.70254,84
2025-08-24T15:00:00Z,0,16.623,-3.12137,54.70254,85
2025-08-24T16:00:00Z,0,16.672998,-3.12137,54.70254,84
2025-08-24T17:00:00Z,0,16.623,-3.12137,54.70254,82
2025-08-24T18:00:00Z,0,16.223,-3.12137,54.70254,82
2025-08-24T19:00:00Z,0,15.323,-3.12137,54.70254,86
2025-08-24T20:00:00Z,0,14.073,-3.12137,54.70254,92
2025-08-24T21:00:00Z,0,13.073,-3.12137,54.70254,96
2025-08-24T22:00:00Z,0,12.523,-3.12137,54.70254,95
2025-08-24T23:00:00Z,0,12.223001,-3.12137,54.70254,92
2025-08-25T00:00:00Z,0,12.023,-3.12137,54.70254,89
2025-08-25T01:00:00Z,0,11.923,-3.12137,54.70254,89
2025-08-25T02:00:00Z,0,11.873,-3.12137,54.70254,89
2025-08-25T03:00:00Z,0,11.923,-3.12137,54.70254,89
2025-08-25T04:00:00Z,0,11.873,-3.12137,54.70254,88
2025-08-25T05:00:00Z,0,11.923,-3.12137,54.70254,87
2025-08-25T06:00:00Z,0,12.373,-3.12137,54.70254,85
2025-08-25T07:00:00Z,0,13.673,-3.12137,54.70254,82
2025-08-25T08:00:00Z,0,15.423,-3.12137,54.70254,79
2025-08-25T09:00:00Z,0,16.922998,-3.12137,54.70254,76
2025-08-25T10:00:00Z,0,17.873,-3.12137,54.70254,72
2025-08-25T11:00:00Z,0,18.522999,-3.12137,54.70254,67
2025-08-25T12:00:00Z,0,18.973,-3.12137,54.70254,64
2025-08-25T13:00:00Z,0,19.172998,-3.12137,54.70254,63
2025-08-25T14:00:00Z,0,19.172998,-3.12137,54.70254,63
2025-08-25T15:00:00Z,0,18.973,-3.12137,54.70254,64
2025-08-25T16:00:00Z,0,18.723,-3.12137,54.70254,66
2025-08-25T17:00:00Z,0,18.272999,-3.12137,54.70254,69
2025-08-25T18:00:00Z,0,17.623,-3.12137,54.70254,72
2025-08-25T19:00:00Z,0,16.522999,-3.12137,54.70254,74
2025-08-25T20:00:00Z,0,15.173,-3.12137,54.70254,75
2025-08-25T21:00:00Z,0,14.173,-3.12137,54.70254,76
2025-08-25T22:00:00Z,0,13.723001,-3.12137,54.70254,75
2025-08-25T23:00:00Z,0,13.623,-3.12137,54.70254,73
2025-08-26T00:00:00Z,0,13.473001,-3.12137,54.70254,72
2025-08-26T01:00:00Z,0,13.123,-3.12137,54.70254,71
2025-08-26T02:00:00Z,0,12.823,-3.12137,54.70254,71
2025-08-26T03:00:00Z,0,12.573,-3.12137,54.70254,70
2025-08-26T04:00:00Z,0,12.573,-3.12137,54.70254,69
2025-08-26T05:00:00Z,0,12.673,-3.12137,54.70254,67
2025-08-26T06:00:00Z,0,12.773,-3.12137,54.70254,66
2025-08-26T07:00:00Z,0,14.563,-3.12137,54.70254,62
2025-08-26T08:00:00Z,0,15.263,-3.12137,54.70254,60
2025-08-26T09:00:00Z,0,16.013,-3.12137,54.70254,58
2025-08-26T10:00:00Z,0,16.913,-3.12137,54.70254,58
2025-08-26T11:00:00Z,0,17.863,-3.12137,54.70254,59
2025-08-26T12:00:00Z,0,18.713001,-3.12137,54.70254,60
2025-08-26T13:00:00Z,0,19.463001,-3.12137,54.70254,60
2025-08-26T14:00:00Z,0,20.113,-3.12137,54.70254,59
2025-08-26T15:00:00Z,0,20.413,-3.12137,54.70254,59
2025-08-26T16:00:00Z,0,20.263,-3.12137,54.70254,60
2025-08-26T17:00:00Z,0,19.763,-3.12137,54.70254,61
2025-08-26T18:00:00Z,0,19.113,-3.12137,54.70254,65
2025-08-26T19:00:00Z,1,18.163,-3.12137,54.70254,72
2025-08-26T20:00:00Z,1,17.063002,-3.12137,54.70254,81
2025-08-26T21:00:00Z,1,16.213001,-3.12137,54.70254,88
2025-08-26T22:00:00Z,1,15.813001,-3.12137,54.70254,92
2025-08-26T23:00:00Z,1,15.662999,-3.12137,54.70254,93
2025-08-27T00:00:00Z,1,15.463,-3.12137,54.70254,94
2025-08-27T01:00:00Z,1,15.163,-3.12137,54.70254,93
2025-08-27T02:00:00Z,1,14.863,-3.12137,54.70254,92
2025-08-27T03:00:00Z,1,14.513,-3.12137,54.70254,91
2025-08-27T04:00:00Z,4,14.063,-3.12137,54.70254,93
2025-08-27T05:00:00Z,4,13.663,-3.12137,54.70254,96
2025-08-27T06:00:00Z,4,13.463,-3.12137,54.70254,98
2025-08-27T07:00:00Z,1,13.713,-3.12137,54.70254,97
2025-08-27T08:00:00Z,1,14.213,-3.12137,54.70254,95
2025-08-27T09:00:00Z,1,14.663,-3.12137,54.70254,93
2025-08-27T10:00:00Z,0,15.013,-3.12137,54.70254,91
2025-08-27T11:00:00Z,0,15.363,-3.12137,54.70254,89
2025-08-27T12:00:00Z,0,15.563001,-3.12137,54.70254,87
2025-08-27T13:00:00Z,1,15.613,-3.12137,54.70254,86
2025-08-27T14:00:00Z,1,15.613,-3.12137,54.70254,86
2025-08-27T15:00:00Z,1,15.513,-3.12137,54.70254,86
2025-08-27T16:00:00Z,1,15.463,-3.12137,54.70254,86
2025-08-27T17:00:00Z,1,15.363,-3.12137,54.70254,86
2025-08-27T18:00:00Z,1,15.063,-3.12137,54.70254,87
2025-08-27T19:00:00Z,0,14.313,-3.12137,54.70254,90
2025-08-27T20:00:00Z,0,13.363,-3.12137,54.70254,94
2025-08-27T21:00:00Z,0,12.613,-3.12137,54.70254,97
2025-08-27T22:00:00Z,0,12.313,-3.12137,54.70254,97
2025-08-27T23:00:00Z,0,12.213,-3.12137,54.70254,96
2025-08-21T00:00:00Z,0,4.351,-3.14769,54.65139,92
2025-08-21T01:00:00Z,0,4.351,-3.14769,54.65139,93
2025-08-21T02:00:00Z,0,4.601,-3.14769,54.65139,92
2025-08-21T03:00:00Z,0,5.151,-3.14769,54.65139,86
2025-08-21T04:00:00Z,0,4.651,-3.14769,54.65139,86
2025-08-21T05:00:00Z,0,4.9509997,-3.14769,54.65139,84
2025-08-21T06:00:00Z,0,6.2009997,-3.14769,54.65139,81
2025-08-21T07:00:00Z,0,6.551,-3.14769,54.65139,81
2025-08-21T08:00:00Z,0,6.551,-3.14769,54.65139,83
2025-08-21T09:00:00Z,0,6.501,-3.14769,54.65139,85
2025-08-21T10:00:00Z,0,6.551,-3.14769,54.65139,86
2025-08-21T11:00:00Z,0,6.7009997,-3.14769,54.65139,87
2025-08-21T12:00:00Z,0,6.9509997,-3.14769,54.65139,86
2025-08-21T13:00:00Z,0,8.150999,-3.14769,54.65139,83
2025-08-21T14:00:00Z,0,9.250999,-3.14769,54.65139,81
2025-08-21T15:00:00Z,0,9.750999,-3.14769,54.65139,79
2025-08-21T16:00:00Z,0,8.951,-3.14769,54.65139,85
2025-08-21T17:00:00Z,0,9.201,-3.14769,54.65139,86
2025-08-21T18:00:00Z,0,8.701,-3.14769,54.65139,89
2025-08-21T19:00:00Z,0,8.301001,-3.14769,54.65139,92
2025-08-21T20:00:00Z,0,7.501,-3.14769,54.65139,97
2025-08-21T21:00:00Z,0,7.301,-3.14769,54.65139,96
2025-08-21T22:00:00Z,0,7.4009995,-3.14769,54.65139,96
2025-08-21T23:00:00Z,0,7.6509995,-3.14769,54.65139,98
2025-08-22T00:00:00Z,0,7.7009997,-3.14769,54.65139,97
2025-08-22T01:00:00Z,0,7.8510003,-3.14769,54.65139,97
2025-08-22T02:00:00Z,0,8.101,-3.14769,54.65139,96
2025-08-22T03:00:00Z,0,8.201,-3.14769,54.65139,96
2025-08-22T04:00:00Z,0,8.101,-3.14769,54.65139,100
2025-08-22T05:00:00Z,0,8.551001,-3.14769,54.65139,100
2025-08-22T06:00:00Z,0,8.351,-3.14769,54.65139,100
2025-08-22T07:00:00Z,0,7.751,-3.14769,54.65139,100
2025-08-22T08:00:00Z,0,7.301,-3.14769,54.65139,100
2025-08-22T09:00:00Z,0,7.301,-3.14769,54.65139,100
2025-08-22T10:00:00Z,0,7.7009997,-3.14769,54.65139,100
2025-08-22T11:00:00Z,0,8.351,-3.14769,54.65139,100
2025-08-22T12:00:00Z,0,9.051001,-3.14769,54.65139,97
2025-08-22T13:00:00Z,0,10.301001,-3.14769,54.65139,84
2025-08-22T14:00:00Z,0,11.101,-3.14769,54.65139,79
2025-08-22T15:00:00Z,0,11.451,-3.14769,54.65139,78
2025-08-22T16:00:00Z,0,11.500999,-3.14769,54.65139,77
2025-08-22T17:00:00Z,0,11.000999,-3.14769,54.65139,81
2025-08-22T18:00:00Z,0,10.400999,-3.14769,54.65139,88
2025-08-22T19:00:00Z,0,9.951,-3.14769,54.65139,91
2025-08-22T20:00:00Z,0,9.051001,-3.14769,54.65139,93
2025-08-22T21:00:00Z,0,8.451,-3.14769,54.65139,90
2025-08-22T22:00:00Z,0,7.7009997,-3.14769,54.65139,92
2025-08-22T23:00:00Z,0,7.551,-3.14769,54.65139,94
2025-08-23T00:00:00Z,0,7.6010003,-3.14769,54.65139,94
2025-08-23T01:00:00Z,0,7.801,-3.14769,54.65139,92
2025-08-23T02:00:00Z,0,7.2009997,-3.14769,54.65139,94
2025-08-23T03:00:00Z,0,6.551,-3.14769,54.65139,96
2025-08-23T04:00:00Z,0,6.6509995,-3.14769,54.65139,95
2025-08-23T05:00:00Z,0,6.551,-3.14769,54.65139,95
2025-08-23T06:00:00Z,0,7.051,-3.14769,54.65139,94
2025-08-23T07:00:00Z,0,8.250999,-3.14769,54.65139,94
2025-08-23T08:00:00Z,0,9.551001,-3.14769,54.65139,86
2025-08-23T09:00:00Z,0,10.400999,-3.14769,54.65139,82
2025-08-23T10:00:00Z,0,10.900999,-3.14769,54.65139,84
2025-08-23T11:00:00Z,0,10.951,-3.14769,54.65139,84
2025-08-23T12:00:00Z,0,10.750999,-3.14769,54.65139,88
2025-08-23T13:00:00Z,0,10.750999,-3.14769,54.65139,89
2025-08-23T14:00:00Z,0,11.250999,-3.14769,54.65139,85
2025-08-23T15:00:00Z,0,11.601,-3.14769,54.65139,85
2025-08-23T16:00:00Z,0,11.351,-3.14769,54.65139,89
2025-08-23T17:00:00Z,0,10.801001,-3.14769,54.65139,91
2025-08-23T18:00:00Z,0,10.25,-3.14769,54.65139,95
2025-08-23T19:00:00Z,0,9.8,-3.14769,54.65139,96
2025-08-23T20:00:00Z,0,9.35,-3.14769,54.65139,96
2025-08-23T21:00:00Z,0,8.95,-3.14769,54.65139,95
2025-08-23T22:00:00Z,0,8.55,-3.14769,54.65139,95
2025-08-23T23:00:00Z,0,8.2,-3.14769,54.65139,95
2025-08-24T00:00:00Z,0,7.95,-3.14769,54.65139,95
2025-08-24T01:00:00Z,0,8.0,-3.14769,54.65139,94
2025-08-24T02:00:00Z,0,8.15,-3.14769,54.65139,94
2025-08-24T03:00:00Z,0,8.25,-3.14769,54.65139,93
2025-08-24T04:00:00Z,0,8.1,-3.14769,54.65139,93
2025-08-24T05:00:00Z,0,7.9,-3.14769,54.65139,94
2025-08-24T06:00:00Z,0,7.95,-3.14769,54.65139,93
2025-08-24T07:00:00Z,0,8.55,-3.14769,54.65139,91
2025-08-24T08:00:00Z,0,9.45,-3.14769,54.65139,88
2025-08-24T09:00:00Z,0,10.25,-3.14769,54.65139,85
2025-08-24T10:00:00Z,0,11.0,-3.14769,54.65139,82
2025-08-24T11:00:00Z,0,11.75,-3.14769,54.65139,80
2025-08-24T12:00:00Z,0,12.3,-3.14769,54.65139,78
2025-08-24T13:00:00Z,0,12.75,-3.14769,54.65139,76
2025-08-24T14:00:00Z,0,13.0,-3.14769,54.65139,75
2025-08-24T15:00:00Z,0,13.05,-3.14769,54.65139,75
2025-08-24T16:00:00Z,0,12.95,-3.14769,54.65139,76
2025-08-24T17:00:00Z,0,12.65,-3.14769,54.65139,77
2025-08-24T18:00:00Z,0,12.2,-3.14769,54.65139,79
2025-08-24T19:00:00Z,0,11.5,-3.14769,54.65139,81
2025-08-24T20:00:00Z,0,10.65,-3.14769,54.65139,84
2025-08-24T21:00:00Z,0,9.9,-3.14769,54.65139,86
2025-08-24T22:00:00Z,0,9.55,-3.14769,54.65139,87
2025-08-24T23:00:00Z,0,9.35,-3.14769,54.65139,87
2025-08-25T00:00:00Z,0,9.15,-3.14769,54.65139,87
2025-08-25T01:00:00Z,0,8.9,-3.14769,54.65139,87
2025-08-25T02:00:00Z,0,8.6,-3.14769,54.65139,87
2025-08-25T03:00:00Z,0,8.45,-3.14769,54.65139,87
2025-08-25T04:00:00Z,0,8.5,-3.14769,54.65139,86
2025-08-25T05:00:00Z,0,8.65,-3.14769,54.65139,85
2025-08-25T06:00:00Z,0,9.0,-3.14769,54.65139,83
2025-08-25T07:00:00Z,0,9.65,-3.14769,54.65139,80
2025-08-25T08:00:00Z,0,10.45,-3.14769,54.65139,75
2025-08-25T09:00:00Z,0,11.25,-3.14769,54.65139,72
2025-08-25T10:00:00Z,0,12.05,-3.14769,54.65139,71
2025-08-25T11:00:00Z,0,12.75,-3.14769,54.65139,70
2025-08-25T12:00:00Z,0,13.4,-3.14769,54.65139,69
2025-08-25T13:00:00Z,0,14.0,-3.14769,54.65139,66
2025-08-25T14:00:00Z,0,14.5,-3.14769,54.65139,63
2025-08-25T15:00:00Z,0,14.65,-3.14769,54.65139,62
2025-08-25T16:00:00Z,0,14.3,-3.14769,54.65139,64
2025-08-25T17:00:00Z,0,13.65,-3.14769,54.65139,67
2025-08-25T18:00:00Z,0,12.85,-3.14769,54.65139,69
2025-08-25T19:00:00Z,0,12.0,-3.14769,54.65139,69
2025-08-25T20:00:00Z,0,11.0,-3.14769,54.65139,68
2025-08-25T21:00:00Z,0,10.3,-3.14769,54.65139,68
2025-08-25T22:00:00Z,0,10.1,-3.14769,54.65139,68
2025-08-25T23:00:00Z,0,10.2,-3.14769,54.65139,69
2025-08-26T00:00:00Z,0,10.2,-3.14769,54.65139,70
2025-08-26T01:00:00Z,0,10.1,-3.14769,54.65139,72
2025-08-26T02:00:00Z,0,10.0,-3.14769,54.65139,74
2025-08-26T03:00:00Z,0,9.85,-3.14769,54.65139,75
2025-08-26T04:00:00Z,0,9.65,-3.14769,54.65139,75
2025-08-26T05:00:00Z,0,9.45,-3.14769,54.65139,74
2025-08-26T06:00:00Z,0,9.5,-3.14769,54.65139,73
2025-08-26T07:00:00Z,0,10.05,-3.14769,54.65139,73
2025-08-26T08:00:00Z,0,10.9,-3.14769,54.65139,73
2025-08-26T09:00:00Z,0,11.6,-3.14769,54.65139,74
2025-08-26T10:00:00Z,0,12.1,-3.14769,54.65139,75
2025-08-26T11:00:00Z,0,12.45,-3.14769,54.65139,76
2025-08-26T12:00:00Z,0,12.95,-3.14769,54.65139,76
2025-08-26T13:00:00Z,0,14.0,-3.14769,54.65139,72
2025-08-26T14:00:00Z,0,15.2,-3.14769,54.65139,67
2025-08-26T15:00:00Z,0,15.65,-3.14769,54.65139,65
2025-08-26T16:00:00Z,0,14.9,-3.14769,54.65139,71
2025-08-26T17:00:00Z,0,13.4,-3.14769,54.65139,81
2025-08-26T18:00:00Z,0,12.0,-3.14769,54.65139,89
2025-08-26T19:00:00Z,0,11.05,-3.14769,54.65139,94
2025-08-26T20:00:00Z,0,10.2,-3.14769,54.65139,98
2025-08-26T21:00:00Z,0,9.65,-3.14769,54.65139,100
2025-08-26T22:00:00Z,0,9.55,-3.14769,54.65139,100
2025-08-26T23:00:00Z,0,9.7,-3.14769,54.65139,100
2025-08-27T00:00:00Z,0,9.75,-3.14769,54.65139,99
2025-08-27T01:00:00Z,0,9.6,-3.14769,54.65139,99
2025-08-27T02:00:00Z,0,9.3,-3.14769,54.65139,100
2025-08-27T03:00:00Z,0,9.1,-3.14769,54.65139,100
2025-08-27T04:00:00Z,0,9.0,-3.14769,54.65139,100
2025-08-27T05:00:00Z,0,9.0,-3.14769,54.65139,100
2025-08-27T06:00:00Z,0,9.1,-3.14769,54.65139,100
2025-08-27T07:00:00Z,0,9.5,-3.14769,54.65139,97
2025-08-27T08:00:00Z,0,10.05,-3.14769,54.65139,94
2025-08-27T09:00:00Z,0,10.55,-3.14769,54.65139,90
2025-08-27T10:00:00Z,0,11.1,-3.14769,54.65139,86
2025-08-27T11:00:00Z,0,11.6,-3.14769,54.65139,83
2025-08-27T12:00:00Z,0,11.95,-3.14769,54.65139,80
2025-08-27T13:00:00Z,0,12.1,-3.14769,54.65139,79
2025-08-27T14:00:00Z,0,12.1,-3.14769,54.65139,78
2025-08-27T15:00:00Z,0,11.95,-3.14769,54.65139,78
2025-08-27T16:00:00Z,0,11.8,-3.14769,54.65139,78
2025-08-27T17:00:00Z,0,11.6,-3.14769,54.65139,79
2025-08-27T18:00:00Z,0,11.2,-3.14769,54.65139,81
2025-08-27T19:00:00Z,0,10.7,-3.14769,54.65139,83
2025-08-27T20:00:00Z,0,10.05,-3.14769,54.65139,86
2025-08-27T21:00:00Z,0,9.4,-3.14769,54.65139,89
2025-08-27T22:00:00Z,0,8.8,-3.14769,54.65139,92
2025-08-27T23:00:00Z,0,8.15,-3.14769,54.65139,95
2025-08-21T00:00:00Z,0,7.746,-3.17119,54.63515,86
2025-08-21T01:00:00Z,0,7.5959997,-3.17119,54.63515,88
2025-08-21T02:00:00Z,0,7.746,-3.17119,54.63515,86
2025-08-21T03:00:00Z,0,8.196,-3.17119,54.63515,81
2025-08-21T04:00:00Z,0,8.346,-3.17119,54.63515,78
2025-08-21T05:00:00Z,0,8.246,-3.17119,54.63515,77
2025-08-21T06:00:00Z,0,9.046,-3.17119,54.63515,77
2025-08-21T07:00:00Z,0,9.296,-3.17119,54.63515,77
2025-08-21T08:00:00Z,0,9.196,-3.17119,54.63515,80
2025-08-21T09:00:00Z,0,9.246,-3.17119,54.63515,83
2025-08-21T10:00:00Z,0,9.346,-3.17119,54.63515,84
2025-08-21T11:00:00Z,0,9.446,-3.17119,54.63515,83
2025-08-21T12:00:00Z,0,9.896,-3.17119,54.63515,81
2025-08-21T13:00:00Z,0,11.296,-3.17119,54.63515,78
2025-08-21T14:00:00Z,0,12.396,-3.17119,54.63515,76
2025-08-21T15:00:00Z,0,12.796,-3.17119,54.63515,74
2025-08-21T16:00:00Z,0,12.196,-3.17119,54.63515,78
2025-08-21T17:00:00Z,0,12.196,-3.17119,54.63515,81
2025-08-21T18:00:00Z,0,11.796,-3.17119,54.63515,85
2025-08-21T19:00:00Z,0,11.396,-3.17119,54.63515,87
2025-08-21T20:00:00Z,0,10.946,-3.17119,54.63515,91
2025-08-21T21:00:00Z,0,10.646,-3.17119,54.63515,91
2025-08-21T22:00:00Z,0,10.346,-3.17119,54.63515,94
2025-08-21T23:00:00Z,0,10.646,-3.17119,54.63515,95
2025-08-22T00:00:00Z,0,10.496,-3.17119,54.63515,94
2025-08-22T01:00:00Z,0,10.646,-3.17119,54.63515,94
2025-08-22T02:00:00Z,0,11.096,-3.17119,54.63515,92
2025-08-22T03:00:00Z,0,11.096,-3.17119,54.63515,93
2025-08-22T04:00:00Z,0,10.846,-3.17119,54.63515,99
2025-08-22T05:00:00Z,0,11.196,-3.17119,54.63515,100
2025-08-22T06:00:00Z,0,11.046,-3.17119,54.63515,100
2025-08-22T07:00:00Z,0,10.496,-3.17119,54.63515,100
2025-08-22T08:00:00Z,0,10.146,-3.17119,54.63515,100
2025-08-22T09:00:00Z,0,10.096,-3.17119,54.63515,100
2025-08-22T10:00:00Z,0,10.446,-3.17119,54.63515,100
2025-08-22T11:00:00Z,0,10.946,-3.17119,54.63515,98
2025-08-22T12:00:00Z,0,11.996,-3.17119,54.63515,94
2025-08-22T13:00:00Z,0,13.396,-3.17119,54.63515,81
2025-08-22T14:00:00Z,0,14.096,-3.17119,54.63515,76
2025-08-22T15:00:00Z,0,14.446,-3.17119,54.63515,75
2025-08-22T16:00:00Z,0,14.646,-3.17119,54.63515,72
2025-08-22T17:00:00Z,0,14.196,-3.17119,54.63515,75
2025-08-22T18:00:00Z,0,13.546,-3.17119,54.63515,83
2025-08-22T19:00:00Z,0,12.946,-3.17119,54.63515,87
2025-08-22T20:00:00Z,0,12.146,-3.17119,54.63515,90
2025-08-22T21:00:00Z,0,11.396,-3.17119,54.63515,86
2025-08-22T22:00:00Z,0,10.696,-3.17119,54.63515,90
2025-08-22T23:00:00Z,0,10.446,-3.17119,54.63515,93
2025-08-23T00:00:00Z,0,10.496,-3.17119,54.63515,93
2025-08-23T01:00:00Z,0,10.846,-3.17119,54.63515,90
2025-08-23T02:00:00Z,0,10.496,-3.17119,54.63515,92
2025-08-23T03:00:00Z,0,9.846,-3.17119,54.63515,95
2025-08-23T04:00:00Z,0,9.846,-3.17119,54.63515,95
2025-08-23T05:00:00Z,0,9.746,-3.17119,54.63515,94
2025-08-23T06:00:00Z,0,10.196,-3.17119,54.63515,92
2025-08-23T07:00:00Z,0,11.046,-3.17119,54.63515,89
2025-08-23T08:00:00Z,0,12.096,-3.17119,54.63515,83
2025-08-23T09:00:00Z,0,13.046,-3.17119,54.63515,80
2025-08-23T10:00:00Z,0,13.596,-3.17119,54.63515,81
2025-08-23T11:00:00Z,0,13.546,-3.17119,54.63515,82
2025-08-23T12:00:00Z,0,13.446,-3.17119,54.63515,84
2025-08-23T13:00:00Z,0,13.496,-3.17119,54.63515,85
2025-08-23T14:00:00Z,0,14.096,-3.17119,54.63515,82
2025-08-23T15:00:00Z,0,14.446,-3.17119,54.63515,82
2025-08-23T16:00:00Z,0,14.246,-3.17119,54.63515,85
2025-08-23T17:00:00Z,0,13.746,-3.17119,54.63515,86
2025-08-23T18:00:00Z,0,13.05,-3.17119,54.63515,95
2025-08-23T19:00:00Z,0,12.55,-3.17119,54.63515,96
2025-08-23T20:00:00Z,0,12.15,-3.17119,54.63515,96
2025-08-23T21:00:00Z,0,11.75,-3.17119,54.63515,95
2025-08-23T22:00:00Z,0,11.35,-3.17119,54.63515,95
2025-08-23T23:00:00Z,0,10.95,-3.17119,54.63515,95
2025-08-24T00:00:00Z,0,10.75,-3.17119,54.63515,95
2025-08-24T01:00:00Z,0,10.75,-3.17119,54.63515,94
2025-08-24T02:00:00Z,0,10.95,-3.17119,54.63515,94
2025-08-24T03:00:00Z,0,11.05,-3.17119,54.63515,93
2025-08-24T04:00:00Z,0,10.9,-3.17119,54.63515,93
2025-08-24T05:00:00Z,0,10.65,-3.17119,54.63515,94
2025-08-24T06:00:00Z,0,10.75,-3.17119,54.63515,93
2025-08-24T07:00:00Z,0,11.35,-3.17119,54.63515,91
2025-08-24T08:00:00Z,0,12.2,-3.17119,54.63515,88
2025-08-24T09:00:00Z,0,13.05,-3.17119,54.63515,85
2025-08-24T10:00:00Z,0,13.8,-3.17119,54.63515,82
2025-08-24T11:00:00Z,0,14.5,-3.17119,54.63515,80
2025-08-24T12:00:00Z,0,15.1,-3.17119,54.63515,78
2025-08-24T13:00:00Z,0,15.5,-3.17119,54.63515,76
2025-08-24T14:00:00Z,0,15.75,-3.17119,54.63515,75
2025-08-24T15:00:00Z,0,15.85,-3.17119,54.63515,75
2025-08-24T16:00:00Z,0,15.75,-3.17119,54.63515,76
2025-08-24T17:00:00Z,0,15.45,-3.17119,54.63515,77
2025-08-24T18:00:00Z,0,15.0,-3.17119,54.63515,79
2025-08-24T19:00:00Z,0,14.3,-3.17119,54.63515,81
2025-08-24T20:00:00Z,0,13.4,-3.17119,54.63515,84
2025-08-24T21:00:00Z,0,12.7,-3.17119,54.63515,86
2025-08-24T22:00:00Z,0,12.35,-3.17119,54.63515,87
2025-08-24T23:00:00Z,0,12.15,-3.17119,54.63515,87
2025-08-25T00:00:00Z,0,11.95,-3.17119,54.63515,87
2025-08-25T01:00:00Z,0,11.65,-3.17119,54.63515,87
2025-08-25T02:00:00Z,0,11.4,-3.17119,54.63515,87
2025-08-25T03:00:00Z,0,11.25,-3.17119,54.63515,87
2025-08-25T04:00:00Z,0,11.25,-3.17119,54.63515,86
2025-08-25T05:00:00Z,0,11.45,-3.17119,54.63515,85
2025-08-25T06:00:00Z,0,11.8,-3.17119,54.63515,83
2025-08-25T07:00:00Z,0,12.4,-3.17119,54.63515,80
2025-08-25T08:00:00Z,0,13.25,-3.17119,54.63515,75
2025-08-25T09:00:00Z,0,14.05,-3.17119,54.63515,72
2025-08-25T10:00:00Z,0,14.8,-3.17119,54.63515,71
2025-08-25T11:00:00Z,0,15.55,-3.17119,54.63515,70
2025-08-25T12:00:00Z,0,16.2,-3.17119,54.63515,69
2025-08-25T13:00:00Z,0,16.8,-3.17119,54.63515,66
2025-08-25T14:00:00Z,0,17.3,-3.17119,54.63515,63
2025-08-25T15:00:00Z,0,17.45,-3.17119,54.63515,62
2025-08-25T16:00:00Z,0,17.1,-3.17119,54.63515,64
2025-08-25T17:00:00Z,0,16.4,-3.17119,54.63515,67
2025-08-25T18:00:00Z,0,15.65,-3.17119,54.63515,69
2025-08-25T19:00:00Z,0,14.75,-3.17119,54.63515,69
2025-08-25T20:00:00Z,0,13.8,-3.17119,54.63515,68
2025-08-25T21:00:00Z,0,13.1,-3.17119,54.63515,68
2025-08-25T22:00:00Z,0,12.9,-3.17119,54.63515,68
2025-08-25T23:00:00Z,0,12.95,-3.17119,54.63515,69
2025-08-26T00:00:00Z,0,13.0,-3.17119,54.63515,70
2025-08-26T01:00:00Z,0,12.9,-3.17119,54.63515,72
2025-08-26T02:00:00Z,0,12.75,-3.17119,54.63515,74
2025-08-26T03:00:00Z,0,12.65,-3.17119,54.63515,75
2025-08-26T04:00:00Z,0,12.45,-3.17119,54.63515,75
2025-08-26T05:00:00Z,0,12.25,-3.17119,54.63515,74
2025-08-26T06:00:00Z,0,12.3,-3.17119,54.63515,73
2025-08-26T07:00:00Z,0,12.85,-3.17119,54.63515,73
2025-08-26T08:00:00Z,0,13.65,-3.17119,54.63515,73
2025-08-26T09:00:00Z,0,14.4,-3.17119,54.63515,74
2025-08-26T10:00:00Z,0,14.85,-3.17119,54.63515,75
2025-08-26T11:00:00Z,0,15.2,-3.17119,54.63515,76
2025-08-26T12:00:00Z,0,15.75,-3.17119,54.63515,76
2025-08-26T13:00:00Z,0,16.8,-3.17119,54.63515,72
2025-08-26T14:00:00Z,0,17.95,-3.17119,54.63515,67
2025-08-26T15:00:00Z,0,18.45,-3.17119,54.63515,65
2025-08-26T16:00:00Z,0,17.65,-3.17119,54.63515,71
2025-08-26T17:00:00Z,0,16.15,-3.17119,54.63515,81
2025-08-26T18:00:00Z,0,14.8,-3.17119,54.63515,89
2025-08-26T19:00:00Z,0,13.8,-3.17119,54.63515,94
2025-08-26T20:00:00Z,0,13.0,-3.17119,54.63515,98
2025-08-26T21:00:00Z,0,12.45,-3.17119,54.63515,100
2025-08-26T22:00:00Z,0,12.3,-3.17119,54.63515,100
2025-08-26T23:00:00Z,0,12.5,-3.17119,54.63515,100
2025-08-27T00:00:00Z,0,12.55,-3.17119,54.63515,99
2025-08-27T01:00:00Z,0,12.35,-3.17119,54.63515,99
2025-08-27T02:00:00Z,0,12.1,-3.17119,54.63515,100
2025-08-27T03:00:00Z,0,11.9,-3.17119,54.63515,100
2025-08-27T04:00:00Z,0,11.8,-3.17119,54.63515,100
2025-08-27T05:00:00Z,0,11.75,-3.17119,54.63515,100
2025-08-27T06:00:00Z,0,11.9,-3.17119,54.63515,100
2025-08-27T07:00:00Z,0,12.25,-3.17119,54.63515,97
2025-08-27T08:00:00Z,0,12.8,-3.17119,54.63515,94
2025-08-27T09:00:00Z,0,13.35,-3.17119,54.63515,90
2025-08-27T10:00:00Z,0,13.85,-3.17119,54.63515,86
2025-08-27T11:00:00Z,0,14.4,-3.17119,54.63515,83
2025-08-27T12:00:00Z,0,14.75,-3.17119,54.63515,80
2025-08-27T13:00:00Z,0,14.9,-3.17119,54.63515,79
2025-08-27T14:00:00Z,0,14.85,-3.17119,54.63515,78
2025-08-27T15:00:00Z,0,14.75,-3.17119,54.63515,78
2025-08-27T16:00:00Z,0,14.6,-3.17119,54.63515,78
2025-08-27T17:00:00Z,0,14.35,-3.17119,54.63515,79
2025-08-27T18:00:00Z,0,14.0,-3.17119,54.63515,81
2025-08-27T19:00:00Z,0,13.45,-3.17119,54.63515,83
2025-08-27T20:00:00Z,0,12.85,-3.17119,54.63515,86
2025-08-27T21:00:00Z,0,12.2,-3.17119,54.63515,89
2025-08-27T22:00:00Z,0,11.55,-3.17119,54.63515,92
2025-08-27T23:00:00Z,0,10.95,-3.17119,54.63515,95
2025-08-21T00:00:00Z,0,8.2835,-3.12889,54.67139,85
2025-08-21T01:00:00Z,0,8.2335,-3.12889,54.67139,81
2025-08-21T02:00:00Z,0,8.2335,-3.12889,54.67139,81
2025-08-21T03:00:00Z,0,8.2835,-3.12889,54.67139,84
2025-08-21T04:00:00Z,0,8.3335,-3.12889,54.67139,83
2025-08-21T05:00:00Z,0,8.4335,-3.12889,54.67139,83
2025-08-21T06:00:00Z,0,8.8835,-3.12889,54.67139,83
2025-08-21T07:00:00Z,0,9.7835,-3.12889,54.67139,83
2025-08-21T08:00:00Z,0,10.7335005,-3.12889,54.67139,81
2025-08-21T09:00:00Z,0,11.6335,-3.12889,54.67139,79
2025-08-21T10:00:00Z,0,12.0335,-3.12889,54.67139,78
2025-08-21T11:00:00Z,0,12.4835005,-3.12889,54.67139,78
2025-08-21T12:00:00Z,0,12.8335,-3.12889,54.67139,79
2025-08-21T13:00:00Z,0,13.1835,-3.12889,54.67139,78
2025-08-21T14:00:00Z,0,13.5335,-3.12889,54.67139,78
2025-08-21T15:00:00Z,0,13.7835,-3.12889,54.67139,77
2025-08-21T16:00:00Z,0,13.5335,-3.12889,54.67139,79
2025-08-21T17:00:00Z,0,12.8835,-3.12889,54.67139,82
2025-08-21T18:00:00Z,0,12.5335,-3.12889,54.67139,83
2025-08-21T19:00:00Z,0,12.1335,-3.12889,54.67139,81
2025-08-21T20:00:00Z,0,11.4335,-3.12889,54.67139,81
2025-08-21T21:00:00Z,0,11.0835,-3.12889,54.67139,80
2025-08-21T22:00:00Z,0,10.9835005,-3.12889,54.67139,80
2025-08-21T23:00:00Z,0,10.8335,-3.12889,54.67139,83
2025-08-22T00:00:00Z,0,10.9835005,-3.12889,54.67139,86
2025-08-22T01:00:00Z,0,10.9835005,-3.12889,54.67139,87
2025-08-22T02:00:00Z,0,10.9335,-3.12889,54.67139,87
2025-08-22T03:00:00Z,0,10.7835,-3.12889,54.67139,87
2025-08-22T04:00:00Z,0,10.8335,-3.12889,54.67139,85
2025-08-22T05:00:00Z,0,10.9335,-3.12889,54.67139,89
2025-08-22T06:00:00Z,0,10.8335,-3.12889,54.67139,90
2025-08-22T07:00:00Z,0,11.1335,-3.12889,54.67139,89
2025-08-22T08:00:00Z,0,11.6335,-3.12889,54.67139,89
2025-08-22T09:00:00Z,0,12.0835,-3.12889,54.67139,89
2025-08-22T10:00:00Z,0,12.4835005,-3.12889,54.67139,87
2025-08-22T11:00:00Z,0,12.6335,-3.12889,54.67139,85
2025-08-22T12:00:00Z,0,12.9335,-3.12889,54.67139,81
2025-08-22T13:00:00Z,0,13.2335005,-3.12889,54.67139,78
2025-08-22T14:00:00Z,0,13.2835,-3.12889,54.67139,79
2025-08-22T15:00:00Z,0,13.1835,-3.12889,54.67139,81
2025-08-22T16:00:00Z,0,13.1835,-3.12889,54.67139,82
2025-08-22T17:00:00Z,0,13.1335,-3.12889,54.67139,85
2025-08-22T18:00:00Z,0,12.9335,-3.12889,54.67139,84
2025-08-22T19:00:00Z,0,12.4835005,-3.12889,54.67139,84
2025-08-22T20:00:00Z,0,11.8835,-3.12889,54.67139,84
2025-08-22T21:00:00Z,0,11.6335,-3.12889,54.67139,83
2025-08-22T22:00:00Z,0,11.4335,-3.12889,54.67139,83
2025-08-22T23:00:00Z,0,11.3335,-3.12889,54.67139,81
2025-08-23T00:00:00Z,0,10.8335,-3.12889,54.67139,81
2025-08-23T01:00:00Z,0,10.6335,-3.12889,54.67139,80
2025-08-23T02:00:00Z,0,10.6335,-3.12889,54.67139,80
2025-08-23T03:00:00Z,0,10.7335005,-3.12889,54.67139,80
2025-08-23T04:00:00Z,0,10.8335,-3.12889,54.67139,80
2025-08-23T05:00:00Z,0,10.9335,-3.12889,54.67139,80
2025-08-23T06:00:00Z,0,10.8835,-3.12889,54.67139,83
2025-08-23T07:00:00Z,0,11.9835005,-3.12889,54.67139,83
2025-08-23T08:00:00Z,0,13.1835,-3.12889,54.67139,79
2025-08-23T09:00:00Z,0,14.1835,-3.12889,54.67139,77
2025-08-23T10:00:00Z,0,15.1515,-3.12889,54.67139,73
2025-08-23T11:00:00Z,0,16.0515,-3.12889,54.67139,69
2025-08-23T12:00:00Z,0,16.5015,-3.12889,54.67139,69
2025-08-23T13:00:00Z,0,16.2515,-3.12889,54.67139,71
2025-08-23T14:00:00Z,0,16.4515,-3.12889,54.67139,71
2025-08-23T15:00:00Z,0,16.8015,-3.12889,54.67139,69
2025-08-23T16:00:00Z,0,16.5015,-3.12889,54.67139,71
2025-08-23T17:00:00Z,0,15.9515,-3.12889,54.67139,74
2025-08-23T18:00:00Z,0,15.5515,-3.12889,54.67139,77
2025-08-23T19:00:00Z,0,14.6015,-3.12889,54.67139,83
2025-08-23T20:00:00Z,0,13.4015,-3.12889,54.67139,88
2025-08-23T21:00:00Z,0,12.6515,-3.12889,54.67139,89
2025-08-23T22:00:00Z,0,12.6015,-3.12889,54.67139,88
2025-08-23T23:00:00Z,0,12.6015,-3.12889,54.67139,87
2025-08-24T00:00:00Z,0,12.6515,-3.12889,54.67139,87
2025-08-24T01:00:00Z,0,12.5515,-3.12889,54.67139,88
2025-08-24T02:00:00Z,0,12.5515,-3.12889,54.67139,88
2025-08-24T03:00:00Z,0,12.3515,-3.12889,54.67139,87
2025-08-24T04:00:00Z,0,12.3515,-3.12889,54.67139,87
2025-08-24T05:00:00Z,0,12.1515,-3.12889,54.67139,88
2025-08-24T06:00:00Z,0,12.3015,-3.12889,54.67139,88
2025-08-24T07:00:00Z,0,13.6015,-3.12889,54.67139,87
2025-08-24T08:00:00Z,0,15.0015,-3.12889,54.67139,84
2025-08-24T09:00:00Z,0,16.2515,-3.12889,54.67139,79
2025-08-24T10:00:00Z,0,17.3015,-3.12889,54.67139,74
2025-08-24T11:00:00Z,0,17.3015,-3.12889,54.67139,74
2025-08-24T12:00:00Z,0,16.5515,-3.12889,54.67139,82
2025-08-24T13:00:00Z,0,16.8015,-3.12889,54.67139,83
2025-08-24T14:00:00Z,0,17.0515,-3.12889,54.67139,84
2025-08-24T15:00:00Z,0,17.2015,-3.12889,54.67139,85
2025-08-24T16:00:00Z,0,17.2515,-3.12889,54.67139,84
2025-08-24T17:00:00Z,0,17.2015,-3.12889,54.67139,82
2025-08-24T18:00:00Z,0,16.8015,-3.12889,54.67139,82
2025-08-24T19:00:00Z,0,15.9015,-3.12889,54.67139,86
2025-08-24T20:00:00Z,0,14.6515,-3.12889,54.67139,92
2025-08-24T21:00:00Z,0,13.6515,-3.12889,54.67139,96
2025-08-24T22:00:00Z,0,13.1015,-3.12889,54.67139,95
2025-08-24T23:00:00Z,0,12.8015,-3.12889,54.67139,92
2025-08-25T00:00:00Z,0,12.6015,-3.12889,54.67139,89
2025-08-25T01:00:00Z,0,12.5015,-3.12889,54.67139,89
2025-08-25T02:00:00Z,0,12.4515,-3.12889,54.67139,89
2025-08-25T03:00:00Z,0,12.5015,-3.12889,54.67139,89
2025-08-25T04:00:00Z,0,12.4515,-3.12889,54.67139,88
2025-08-25T05:00:00Z,0,12.5015,-3.12889,54.67139,87
2025-08-25T06:00:00Z,0,12.9515,-3.12889,54.67139,85
2025-08-25T07:00:00Z,0,14.2515,-3.12889,54.67139,82
2025-08-25T08:00:00Z,0,16.001501,-3.12889,54.67139,79
2025-08-25T09:00:00Z,0,17.5015,-3.12889,54.67139,76
2025-08-25T10:00:00Z,0,18.4515,-3.12889,54.67139,72
2025-08-25T11:00:00Z,0,19.1015,-3.12889,54.67139,67
2025-08-25T12:00:00Z,0,19.5515,-3.12889,54.67139,64
2025-08-25T13:00:00Z,0,19.7515,-3.12889,54.67139,63
2025-08-25T14:00:00Z,0,19.7515,-3.12889,54.67139,63
2025-08-25T15:00:00Z,0,19.5515,-3.12889,54.67139,64
2025-08-25T16:00:00Z,0,19.3015,-3.12889,54.67139,66
2025-08-25T17:00:00Z,0,18.8515,-3.12889,54.67139,69
2025-08-25T18:00:00Z,0,18.2015,-3.12889,54.67139,72
2025-08-25T19:00:00Z,0,17.1015,-3.12889,54.67139,74
2025-08-25T20:00:00Z,0,15.7515,-3.12889,54.67139,75
2025-08-25T21:00:00Z,0,14.7515,-3.12889,54.67139,76
2025-08-25T22:00:00Z,0,14.3015,-3.12889,54.67139,75
2025-08-25T23:00:00Z,0,14.2015,-3.12889,54.67139,73
2025-08-26T00:00:00Z,0,14.0515,-3.12889,54.67139,72
2025-08-26T01:00:00Z,0,13.7015,-3.12889,54.67139,71
2025-08-26T02:00:00Z,0,13.4015,-3.12889,54.67139,71
2025-08-26T03:00:00Z,0,13.1515,-3.12889,54.67139,70
2025-08-26T04:00:00Z,0,13.1515,-3.12889,54.67139,69
2025-08-26T05:00:00Z,0,13.2515,-3.12889,54.67139,67
2025-08-26T06:00:00Z,0,13.3515,-3.12889,54.67139,66
2025-08-26T07:00:00Z,0,14.8914995,-3.12889,54.67139,63
2025-08-26T08:00:00Z,0,15.7415,-3.12889,54.67139,61
2025-08-26T09:00:00Z,0,16.5915,-3.12889,54.67139,59
2025-08-26T10:00:00Z,0,17.5915,-3.12889,54.67139,59
2025-08-26T11:00:00Z,0,18.6415,-3.12889,54.67139,59
2025-08-26T12:00:00Z,0,19.491499,-3.12889,54.67139,60
2025-08-26T13:00:00Z,0,20.1415,-3.12889,54.67139,60
2025-08-26T14:00:00Z,0,20.6415,-3.12889,54.67139,60
2025-08-26T15:00:00Z,0,20.8415,-3.12889,54.67139,60
2025-08-26T16:00:00Z,0,20.6415,-3.12889,54.67139,61
2025-08-26T17:00:00Z,0,20.0915,-3.12889,54.67139,63
2025-08-26T18:00:00Z,0,19.3915,-3.12889,54.67139,67
2025-08-26T19:00:00Z,1,18.3915,-3.12889,54.67139,75
2025-08-26T20:00:00Z,1,17.241499,-3.12889,54.67139,85
2025-08-26T21:00:00Z,1,16.3415,-3.12889,54.67139,93
2025-08-26T22:00:00Z,2,16.0415,-3.12889,54.67139,96
2025-08-26T23:00:00Z,2,16.0415,-3.12889,54.67139,96
2025-08-27T00:00:00Z,2,15.8914995,-3.12889,54.67139,95
2025-08-27T01:00:00Z,2,15.4415,-3.12889,54.67139,93
2025-08-27T02:00:00Z,2,14.841499,-3.12889,54.67139,90
2025-08-27T03:00:00Z,2,14.2915,-3.12889,54.67139,89
2025-08-27T04:00:00Z,3,13.7915,-3.12889,54.67139,91
2025-08-27T05:00:00Z,3,13.3914995,-3.12889,54.67139,93
2025-08-27T06:00:00Z,3,13.341499,-3.12889,54.67139,95
2025-08-27T07:00:00Z,0,13.8914995,-3.12889,54.67139,94
2025-08-27T08:00:00Z,0,14.7915,-3.12889,54.67139,91
2025-08-27T09:00:00Z,0,15.4915,-3.12889,54.67139,89
2025-08-27T10:00:00Z,0,15.7915,-3.12889,54.67139,89
2025-08-27T11:00:00Z,0,15.8914995,-3.12889,54.67139,89
2025-08-27T12:00:00Z,0,15.9415,-3.12889,54.67139,89
2025-08-27T13:00:00Z,1,16.0915,-3.12889,54.67139,89
2025-08-27T14:00:00Z,1,16.1915,-3.12889,54.67139,88
2025-08-27T15:00:00Z,1,16.1415,-3.12889,54.67139,88
2025-08-27T16:00:00Z,1,15.9415,-3.12889,54.67139,89
2025-08-27T17:00:00Z,1,15.591499,-3.12889,54.67139,90
2025-08-27T18:00:00Z,1,15.1414995,-3.12889,54.67139,91
2025-08-27T19:00:00Z,0,14.3914995,-3.12889,54.67139,93
2025-08-27T20:00:00Z,0,13.5415,-3.12889,54.67139,96
2025-08-27T21:00:00Z,0,12.9415,-3.12889,54.67139,98
2025-08-27T22:00:00Z,0,12.8914995,-3.12889,54.67139,98
2025-08-27T23:00:00Z,0,13.0415,-3.12889,54.67139,97
2025-08-21T00:00:00Z,0,7.2705,-3.24507,54.61281,88
2025-08-21T01:00:00Z,0,7.2705,-3.24507,54.61281,88
2025-08-21T02:00:00Z,0,7.3205,-3.24507,54.61281,88
2025-08-21T03:00:00Z,0,7.8205004,-3.24507,54.61281,83
2025-08-21T04:00:00Z,0,7.6205,-3.24507,54.61281,83
2025-08-21T05:00:00Z,0,7.6205,-3.24507,54.61281,82
2025-08-21T06:00:00Z,0,8.6705,-3.24507,54.61281,79
2025-08-21T07:00:00Z,0,8.9705,-3.24507,54.61281,78
2025-08-21T08:00:00Z,0,9.1205,-3.24507,54.61281,78
2025-08-21T09:00:00Z,0,9.0705,-3.24507,54.61281,81
2025-08-21T10:00:00Z,0,9.2205,-3.24507,54.61281,83
2025-08-21T11:00:00Z,0,9.5205,-3.24507,54.61281,82
2025-08-21T12:00:00Z,0,10.2205,-3.24507,54.61281,78
2025-08-21T13:00:00Z,0,11.5205,-3.24507,54.61281,77
2025-08-21T14:00:00Z,0,12.3205,-3.24507,54.61281,75
2025-08-21T15:00:00Z,0,11.8205,-3.24507,54.61281,79
2025-08-21T16:00:00Z,0,12.2205,-3.24507,54.61281,80
2025-08-21T17:00:00Z,0,11.7205,-3.24507,54.61281,84
2025-08-21T18:00:00Z,0,11.3705,-3.24507,54.61281,87
2025-08-21T19:00:00Z,0,10.8705,-3.24507,54.61281,91
2025-08-21T20:00:00Z,0,10.3205,-3.24507,54.61281,92
2025-08-21T21:00:00Z,0,10.6705,-3.24507,54.61281,90
2025-08-21T22:00:00Z,0,10.3205,-3.24507,54.61281,94
2025-08-21T23:00:00Z,0,10.8205,-3.24507,54.61281,93
2025-08-22T00:00:00Z,0,10.4205,-3.24507,54.61281,93
2025-08-22T01:00:00Z,0,10.9205,-3.24507,54.61281,92
2025-08-22T02:00:00Z,0,10.9705,-3.24507,54.61281,91
2025-08-22T03:00:00Z,0,10.8705,-3.24507,54.61281,93
2025-08-22T04:00:00Z,0,10.7205,-3.24507,54.61281,99
2025-08-22T05:00:00Z,0,10.9705,-3.24507,54.61281,100
2025-08-22T06:00:00Z,0,10.9705,-3.24507,54.61281,100
2025-08-22T07:00:00Z,0,10.7205,-3.24507,54.61281,100
2025-08-22T08:00:00Z,0,10.6205,-3.24507,54.61281,100
2025-08-22T09:00:00Z,0,10.4205,-3.24507,54.61281,100
2025-08-22T10:00:00Z,0,10.2205,-3.24507,54.61281,100
2025-08-22T11:00:00Z,0,10.4705,-3.24507,54.61281,100
2025-08-22T12:00:00Z,0,11.8205,-3.24507,54.61281,93
2025-08-22T13:00:00Z,0,12.7205,-3.24507,54.61281,84
2025-08-22T14:00:00Z,0,13.6205,-3.24507,54.61281,78
2025-08-22T15:00:00Z,0,13.7205,-3.24507,54.61281,80
2025-08-22T16:00:00Z,0,13.6705,-3.24507,54.61281,81
2025-08-22T17:00:00Z,0,13.1205,-3.24507,54.61281,84
2025-08-22T18:00:00Z,0,12.6205,-3.24507,54.61281,88
2025-08-22T19:00:00Z,0,11.9705,-3.24507,54.61281,92
2025-08-22T20:00:00Z,0,11.1705,-3.24507,54.61281,95
2025-08-22T21:00:00Z,0,11.2705,-3.24507,54.61281,90
2025-08-22T22:00:00Z,0,10.5705,-3.24507,54.61281,89
2025-08-22T23:00:00Z,0,10.2705,-3.24507,54.61281,92
2025-08-23T00:00:00Z,0,10.3705,-3.24507,54.61281,92
2025-08-23T01:00:00Z,0,10.6705,-3.24507,54.61281,91
2025-08-23T02:00:00Z,0,10.4205,-3.24507,54.61281,91
2025-08-23T03:00:00Z,0,9.6205,-3.24507,54.61281,95
2025-08-23T04:00:00Z,0,9.5205,-3.24507,54.61281,95
2025-08-23T05:00:00Z,0,9.4205,-3.24507,54.61281,95
2025-08-23T06:00:00Z,0,9.8205,-3.24507,54.61281,94
2025-08-23T07:00:00Z,0,11.1205,-3.24507,54.61281,90
2025-08-23T08:00:00Z,0,12.4205,-3.24507,54.61281,83
2025-08-23T09:00:00Z,0,13.0705,-3.24507,54.61281,82
2025-08-23T10:00:00Z,0,13.4705,-3.24507,54.61281,81
2025-08-23T11:00:00Z,0,12.9705,-3.24507,54.61281,87
2025-08-23T12:00:00Z,0,13.2705,-3.24507,54.61281,88
2025-08-23T13:00:00Z,0,13.8705,-3.24507,54.61281,85
2025-08-23T14:00:00Z,0,13.8705,-3.24507,54.61281,86
2025-08-23T15:00:00Z,0,13.8205,-3.24507,54.61281,88
2025-08-23T16:00:00Z,0,13.5205,-3.24507,54.61281,89
2025-08-23T17:00:00Z,0,13.1705,-3.24507,54.61281,91
2025-08-23T18:00:00Z,0,12.85,-3.24507,54.61281,95
2025-08-23T19:00:00Z,0,12.35,-3.24507,54.61281,96
2025-08-23T20:00:00Z,0,11.95,-3.24507,54.61281,96
2025-08-23T21:00:00Z,0,11.55,-3.24507,54.61281,95
2025-08-23T22:00:00Z,0,11.15,-3.24507,54.61281,95
2025-08-23T23:00:00Z,0,10.8,-3.24507,54.61281,95
2025-08-24T00:00:00Z,0,10.55,-3.24507,54.61281,95
2025-08-24T01:00:00Z,0,10.6,-3.24507,54.61281,94
2025-08-24T02:00:00Z,0,10.75,-3.24507,54.61281,94
2025-08-24T03:00:00Z,0,10.85,-3.24507,54.61281,93
2025-08-24T04:00:00Z,0,10.7,-3.24507,54.61281,93
2025-08-24T05:00:00Z,0,10.5,-3.24507,54.61281,94
2025-08-24T06:00:00Z,0,10.55,-3.24507,54.61281,93
2025-08-24T07:00:00Z,0,11.15,-3.24507,54.61281,91
2025-08-24T08:00:00Z,0,12.0,-3.24507,54.61281,88
2025-08-24T09:00:00Z,0,12.85,-3.24507,54.61281,85
2025-08-24T10:00:00Z,0,13.6,-3.24507,54.61281,82
2025-08-24T11:00:00Z,0,14.35,-3.24507,54.61281,80
2025-08-24T12:00:00Z,0,14.9,-3.24507,54.61281,78
2025-08-24T13:00:00Z,0,15.3,-3.24507,54.61281,76
2025-08-24T14:00:00Z,0,15.6,-3.24507,54.61281,75
2025-08-24T15:00:00Z,0,15.65,-3.24507,54.61281,75
2025-08-24T16:00:00Z,0,15.55,-3.24507,54.61281,76
2025-08-24T17:00:00Z,0,15.25,-3.24507,54.61281,77
2025-08-24T18:00:00Z,0,14.8,-3.24507,54.61281,79
2025-08-24T19:00:00Z,0,14.1,-3.24507,54.61281,81
2025-08-24T20:00:00Z,0,13.2,-3.24507,54.61281,84
2025-08-24T21:00:00Z,0,12.5,-3.24507,54.61281,86
2025-08-24T22:00:00Z,0,12.15,-3.24507,54.61281,87
2025-08-24T23:00:00Z,0,11.95,-3.24507,54.61281,87
2025-08-25T00:00:00Z,0,11.75,-3.24507,54.61281,87
2025-08-25T01:00:00Z,0,11.5,-3.24507,54.61281,87
2025-08-25T02:00:00Z,0,11.2,-3.24507,54.61281,87
2025-08-25T03:00:00Z,0,11.05,-3.24507,54.61281,87
2025-08-25T04:00:00Z,0,11.1,-3.24507,54.61281,86
2025-08-25T05:00:00Z,0,11.25,-3.24507,54.61281,85
2025-08-25T06:00:00Z,0,11.6,-3.24507,54.61281,83
2025-08-25T07:00:00Z,0,12.25,-3.24507,54.61281,80
2025-08-25T08:00:00Z,0,13.05,-3.24507,54.61281,75
2025-08-25T09:00:00Z,0,13.85,-3.24507,54.61281,72
2025-08-25T10:00:00Z,0,14.6,-3.24507,54.61281,71
2025-08-25T11:00:00Z,0,15.35,-3.24507,54.61281,70
2025-08-25T12:00:00Z,0,16.0,-3.24507,54.61281,69
2025-08-25T13:00:00Z,0,16.6,-3.24507,54.61281,66
2025-08-25T14:00:00Z,0,17.1,-3.24507,54.61281,63
2025-08-25T15:00:00Z,0,17.25,-3.24507,54.61281,62
2025-08-25T16:00:00Z,0,16.9,-3.24507,54.61281,64
2025-08-25T17:00:00Z,0,16.25,-3.24507,54.61281,67
2025-08-25T18:00:00Z,0,15.45,-3.24507,54.61281,69
2025-08-25T19:00:00Z,0,14.6,-3.24507,54.61281,69
2025-08-25T20:00:00Z,0,13.6,-3.24507,54.61281,68
2025-08-25T21:00:00Z,0,12.9,-3.24507,54.61281,68
2025-08-25T22:00:00Z,0,12.7,-3.24507,54.61281,68
2025-08-25T23:00:00Z,0,12.75,-3.24507,54.61281,69
2025-08-26T00:00:00Z,0,12.8,-3.24507,54.61281,70
2025-08-26T01:00:00Z,0,12.7,-3.24507,54.61281,72
2025-08-26T02:00:00Z,0,12.6,-3.24507,54.61281,74
2025-08-26T03:00:00Z,0,12.45,-3.24507,54.61281,75
2025-08-26T04:00:00Z,0,12.25,-3.24507,54.61281,75
2025-08-26T05:00:00Z,0,12.05,-3.24507,54.61281,74
2025-08-26T06:00:00Z,0,12.1,-3.24507,54.61281,73
2025-08-26T07:00:00Z,0,12.65,-3.24507,54.61281,73
2025-08-26T08:00:00Z,0,13.5,-3.24507,54.61281,73
2025-08-26T09:00:00Z,0,14.2,-3.24507,54.61281,74
2025-08-26T10:00:00Z,0,14.65,-3.24507,54.61281,75
2025-08-26T11:00:00Z,0,15.05,-3.24507,54.61281,76
2025-08-26T12:00:00Z,0,15.55,-3.24507,54.61281,76
2025-08-26T13:00:00Z,0,16.6,-3.24507,54.61281,72
2025-08-26T14:00:00Z,0,17.8,-3.24507,54.61281,67
2025-08-26T15:00:00Z,0,18.25,-3.24507,54.61281,65
2025-08-26T16:00:00Z,0,17.45,-3.24507,54.61281,71
2025-08-26T17:00:00Z,0,15.95,-3.24507,54.61281,81
2025-08-26T18:00:00Z,0,14.6,-3.24507,54.61281,89
2025-08-26T19:00:00Z,0,13.65,-3.24507,54.61281,94
2025-08-26T20:00:00Z,0,12.8,-3.24507,54.61281,98
2025-08-26T21:00:00Z,0,12.25,-3.24507,54.61281,100
2025-08-26T22:00:00Z,0,12.15,-3.24507,54.61281,100
2025-08-26T23:00:00Z,0,12.3,-3.24507,54.61281,100
2025-08-27T00:00:00Z,0,12.35,-3.24507,54.61281,99
2025-08-27T01:00:00Z,0,12.2,-3.24507,54.61281,99
2025-08-27T02:00:00Z,0,11.9,-3.24507,54.61281,100
2025-08-27T03:00:00Z,0,11.7,-3.24507,54.61281,100
2025-08-27T04:00:00Z,0,11.6,-3.24507,54.61281,100
2025-08-27T05:00:00Z,0,11.6,-3.24507,54.61281,100
2025-08-27T06:00:00Z,0,11.7,-3.24507,54.61281,100
2025-08-27T07:00:00Z,0,12.1,-3.24507,54.61281,97
2025-08-27T08:00:00Z,0,12.65,-3.24507,54.61281,94
2025-08-27T09:00:00Z,0,13.15,-3.24507,54.61281,90
2025-08-27T10:00:00Z,0,13.7,-3.24507,54.61281,86
2025-08-27T11:00:00Z,0,14.2,-3.24507,54.61281,83
2025-08-27T12:00:00Z,0,14.55,-3.24507,54.61281,80
2025-08-27T13:00:00Z,0,14.7,-3.24507,54.61281,79
2025-08-27T14:00:00Z,0,14.65,-3.24507,54.61281,78
2025-08-27T15:00:00Z,0,14.55,-3.24507,54.61281,78
2025-08-27T16:00:00Z,0,14.4,-3.24507,54.61281,78
2025-08-27T17:00:00Z,0,14.15,-3.24507,54.61281,79
2025-08-27T18:00:00Z,0,13.8,-3.24507,54.61281,81
2025-08-27T19:00:00Z,0,13.3,-3.24507,54.61281,83
2025-08-27T20:00:00Z,0,12.65,-3.24507,54.61281,86
2025-08-27T21:00:00Z,0,12.0,-3.24507,54.61281,89
2025-08-27T22:00:00Z,0,11.4,-3.24507,54.61281,92
2025-08-27T23:00:00Z,0,10.75,-3.24507,54.61281,95
2025-08-21T00:00:00Z,0,5.443,-3.15593,54.64235,92
2025-08-21T01:00:00Z,0,5.443,-3.15593,54.64235,93
2025-08-21T02:00:00Z,0,5.693,-3.15593,54.64235,92
2025-08-21T03:00:00Z,0,6.243,-3.15593,54.64235,86
2025-08-21T04:00:00Z,0,5.743,-3.15593,54.64235,86
2025-08-21T05:00:00Z,0,6.0429997,-3.15593,54.64235,84
2025-08-21T06:00:00Z,0,7.2929997,-3.15593,54.64235,81
2025-08-21T07:00:00Z,0,7.643,-3.15593,54.64235,81
2025-08-21T08:00:00Z,0,7.643,-3.15593,54.64235,83
2025-08-21T09:00:00Z,0,7.593,-3.15593,54.64235,85
2025-08-21T10:00:00Z,0,7.643,-3.15593,54.64235,86
2025-08-21T11:00:00Z,0,7.7929997,-3.15593,54.64235,87
2025-08-21T12:00:00Z,0,8.042999,-3.15593,54.64235,86
2025-08-21T13:00:00Z,0,9.243,-3.15593,54.64235,83
2025-08-21T14:00:00Z,0,10.343,-3.15593,54.64235,81
2025-08-21T15:00:00Z,0,10.843,-3.15593,54.64235,79
2025-08-21T16:00:00Z,0,10.042999,-3.15593,54.64235,85
2025-08-21T17:00:00Z,0,10.292999,-3.15593,54.64235,86
2025-08-21T18:00:00Z,0,9.792999,-3.15593,54.64235,89
2025-08-21T19:00:00Z,0,9.393,-3.15593,54.64235,92
2025-08-21T20:00:00Z,0,8.593,-3.15593,54.64235,97
2025-08-21T21:00:00Z,0,8.393,-3.15593,54.64235,96
2025-08-21T22:00:00Z,0,8.493,-3.15593,54.64235,96
2025-08-21T23:00:00Z,0,8.743,-3.15593,54.64235,98
2025-08-22T00:00:00Z,0,8.792999,-3.15593,54.64235,97
2025-08-22T01:00:00Z,0,8.943001,-3.15593,54.64235,97
2025-08-22T02:00:00Z,0,9.193001,-3.15593,54.64235,96
2025-08-22T03:00:00Z,0,9.292999,-3.15593,54.64235,96
2025-08-22T04:00:00Z,0,9.193001,-3.15593,54.64235,100
2025-08-22T05:00:00Z,0,9.643,-3.15593,54.64235,100
2025-08-22T06:00:00Z,0,9.443001,-3.15593,54.64235,100
2025-08-22T07:00:00Z,0,8.843,-3.15593,54.64235,100
2025-08-22T08:00:00Z,0,8.393,-3.15593,54.64235,100
2025-08-22T09:00:00Z,0,8.393,-3.15593,54.64235,100
2025-08-22T10:00:00Z,0,8.792999,-3.15593,54.64235,100
2025-08-22T11:00:00Z,0,9.443001,-3.15593,54.64235,100
2025-08-22T12:00:00Z,0,10.143,-3.15593,54.64235,97
2025-08-22T13:00:00Z,0,11.393,-3.15593,54.64235,84
2025-08-22T14:00:00Z,0,12.193001,-3.15593,54.64235,79
2025-08-22T15:00:00Z,0,12.542999,-3.15593,54.64235,78
2025-08-22T16:00:00Z,0,12.593,-3.15593,54.64235,77
2025-08-22T17:00:00Z,0,12.093,-3.15593,54.64235,81
2025-08-22T18:00:00Z,0,11.493,-3.15593,54.64235,88
2025-08-22T19:00:00Z,0,11.042999,-3.15593,54.64235,91
2025-08-22T20:00:00Z,0,10.143,-3.15593,54.64235,93
2025-08-22T21:00:00Z,0,9.542999,-3.15593,54.64235,90
2025-08-22T22:00:00Z,0,8.792999,-3.15593,54.64235,92
2025-08-22T23:00:00Z,0,8.643,-3.15593,54.64235,94
2025-08-23T00:00:00Z,0,8.693001,-3.15593,54.64235,94
2025-08-23T01:00:00Z,0,8.893,-3.15593,54.64235,92
2025-08-23T02:00:00Z,0,8.292999,-3.15593,54.64235,94
2025-08-23T03:00:00Z,0,7.643,-3.15593,54.64235,96
2025-08-23T04:00:00Z,0,7.7429996,-3.15593,54.64235,95
2025-08-23T05:00:00Z,0,7.643,-3.15593,54.64235,95
2025-08-23T06:00:00Z,0,8.143,-3.15593,54.64235,94
2025-08-23T07:00:00Z,0,9.343,-3.15593,54.64235,94
2025-08-23T08:00:00Z,0,10.643,-3.15593,54.64235,86
2025-08-23T09:00:00Z,0,11.493,-3.15593,54.64235,82
2025-08-23T10:00:00Z,0,11.993,-3.15593,54.64235,84
2025-08-23T11:00:00Z,0,12.042999,-3.15593,54.64235,84
2025-08-23T12:00:00Z,0,11.843,-3.15593,54.64235,88
2025-08-23T13:00:00Z,0,11.843,-3.15593,54.64235,89
2025-08-23T14:00:00Z,0,12.343,-3.15593,54.64235,85
2025-08-23T15:00:00Z,0,12.693001,-3.15593,54.64235,85
2025-08-23T16:00:00Z,0,12.443001,-3.15593,54.64235,89
2025-08-23T17:00:00Z,0,11.893,-3.15593,54.64235,91
2025-08-23T18:00:00Z,0,11.35,-3.15593,54.64235,95
2025-08-23T19:00:00Z,0,10.85,-3.15593,54.64235,96
2025-08-23T20:00:00Z,0,10.45,-3.15593,54.64235,96
2025-08-23T21:00:00Z,0,10.05,-3.15593,54.64235,95
2025-08-23T22:00:00Z,0,9.65,-3.15593,54.64235,95
2025-08-23T23:00:00Z,0,9.3,-3.15593,54.64235,95
2025-08-24T00:00:00Z,0,9.05,-3.15593,54.64235,95
2025-08-24T01:00:00Z,0,9.1,-3.15593,54.64235,94
2025-08-24T02:00:00Z,0,9.25,-3.15593,54.64235,94
2025-08-24T03:00:00Z,0,9.35,-3.15593,54.64235,93
2025-08-24T04:00:00Z,0,9.2,-3.15593,54.64235,93
2025-08-24T05:00:00Z,0,9.0,-3.15593,54.64235,94
2025-08-24T06:00:00Z,0,9.05,-3.15593,54.64235,93
2025-08-24T07:00:00Z,0,9.65,-3.15593,54.64235,91
2025-08-24T08:00:00Z,0,10.5,-3.15593,54.64235,88
2025-08-24T09:00:00Z,0,11.35,-3.15593,54.64235,85
2025-08-24T10:00:00Z,0,12.1,-3.15593,54.64235,82
2025-08-24T11:00:00Z,0,12.85,-3.15593,54.64235,80
2025-08-24T12:00:00Z,0,13.4,-3.15593,54.64235,78
2025-08-24T13:00:00Z,0,13.8,-3.15593,54.64235,76
2025-08-24T14:00:00Z,0,14.1,-3.15593,54.64235,75
2025-08-24T15:00:00Z,0,14.15,-3.15593,54.64235,75
2025-08-24T16:00:00Z,0,14.05,-3.15593,54.64235,76
2025-08-24T17:00:00Z,0,13.75,-3.15593,54.64235,77
2025-08-24T18:00:00Z,0,13.3,-3.15593,54.64235,79
2025-08-24T19:00:00Z,0,12.6,-3.15593,54.64235,81
2025-08-24T20:00:00Z,0,11.7,-3.15593,54.64235,84
2025-08-24T21:00:00Z,0,11.0,-3.15593,54.64235,86
2025-08-24T22:00:00Z,0,10.65,-3.15593,54.64235,87
2025-08-24T23:00:00Z,0,10.45,-3.15593,54.64235,87
2025-08-25T00:00:00Z,0,10.25,-3.15593,54.64235,87
2025-08-25T01:00:00Z,0,10.0,-3.15593,54.64235,87
2025-08-25T02:00:00Z,0,9.7,-3.15593,54.64235,87
2025-08-25T03:00:00Z,0,9.55,-3.15593,54.64235,87
2025-08-25T04:00:00Z,0,9.6,-3.15593,54.64235,86
2025-08-25T05:00:00Z,0,9.75,-3.15593,54.64235,85
2025-08-25T06:00:00Z,0,10.1,-3.15593,54.64235,83
2025-08-25T07:00:00Z,0,10.75,-3.15593,54.64235,80
2025-08-25T08:00:00Z,0,11.55,-3.15593,54.64235,75
2025-08-25T09:00:00Z,0,12.35,-3.15593,54.64235,72
2025-08-25T10:00:00Z,0,13.1,-3.15593,54.64235,71
2025-08-25T11:00:00Z,0,13.85,-3.15593,54.64235,70
2025-08-25T12:00:00Z,0,14.5,-3.15593,54.64235,69
2025-08-25T13:00:00Z,0,15.1,-3.15593,54.64235,66
2025-08-25T14:00:00Z,0,15.6,-3.15593,54.64235,63
2025-08-25T15:00:00Z,0,15.75,-3.15593,54.64235,62
2025-08-25T16:00:00Z,0,15.4,-3.15593,54.64235,64
2025-08-25T17:00:00Z,0,14.75,-3.15593,54.64235,67
2025-08-25T18:00:00Z,0,13.95,-3.15593,54.64235,69
2025-08-25T19:00:00Z,0,13.1,-3.15593,54.64235,69
2025-08-25T20:00:00Z,0,12.1,-3.15593,54.64235,68
2025-08-25T21:00:00Z,0,11.4,-3.15593,54.64235,68
2025-08-25T22:00:00Z,0,11.2,-3.15593,54.64235,68
2025-08-25T23:00:00Z,0,11.25,-3.15593,54.64235,69
2025-08-26T00:00:00Z,0,11.3,-3.15593,54.64235,70
2025-08-26T01:00:00Z,0,11.2,-3.15593,54.64235,72
2025-08-26T02:00:00Z,0,11.1,-3.15593,54.64235,74
2025-08-26T03:00:00Z,0,10.95,-3.15593,54.64235,75
2025-08-26T04:00:00Z,0,10.75,-3.15593,54.64235,75
2025-08-26T05:00:00Z,0,10.55,-3.15593,54.64235,74
2025-08-26T06:00:00Z,0,10.6,-3.15593,54.64235,73
2025-08-26T07:00:00Z,0,11.15,-3.15593,54.64235,73
2025-08-26T08:00:00Z,0,12.0,-3.15593,54.64235,73
2025-08-26T09:00:00Z,0,12.7,-3.15593,54.64235,74
2025-08-26T10:00:00Z,0,13.15,-3.15593,54.64235,75
2025-08-26T11:00:00Z,0,13.55,-3.15593,54.64235,76
2025-08-26T12:00:00Z,0,14.05,-3.15593,54.64235,76
2025-08-26T13:00:00Z,0,15.1,-3.15593,54.64235,72
2025-08-26T14:00:00Z,0,16.3,-3.15593,54.64235,67
2025-08-26T15:00:00Z,0,16.75,-3.15593,54.64235,65
2025-08-26T16:00:00Z,0,15.95,-3.15593,54.64235,71
2025-08-26T17:00:00Z,0,14.45,-3.15593,54.64235,81
2025-08-26T18:00:00Z,0,13.1,-3.15593,54.64235,89
2025-08-26T19:00:00Z,0,12.15,-3.15593,54.64235,94
2025-08-26T20:00:00Z,0,11.3,-3.15593,54.64235,98
2025-08-26T21:00:00Z,0,10.75,-3.15593,54.64235,100
2025-08-26T22:00:00Z,0,10.65,-3.15593,54.64235,100
2025-08-26T23:00:00Z,0,10.8,-3.15593,54.64235,100
2025-08-27T00:00:00Z,0,10.85,-3.15593,54.64235,99
2025-08-27T01:00:00Z,0,10.7,-3.15593,54.64235,99
2025-08-27T02:00:00Z,0,10.4,-3.15593,54.64235,100
2025-08-27T03:00:00Z,0,10.2,-3.15593,54.64235,100
2025-08-27T04:00:00Z,0,10.1,-3.15593,54.64235,100
2025-08-27T05:00:00Z,0,10.1,-3.15593,54.64235,100
2025-08-27T06:00:00Z,0,10.2,-3.15593,54.64235,100
2025-08-27T07:00:00Z,0,10.6,-3.15593,54.64235,97
2025-08-27T08:00:00Z,0,11.15,-3.15593,54.64235,94
2025-08-27T09:00:00Z,0,11.65,-3.15593,54.64235,90
2025-08-27T10:00:00Z,0,12.2,-3.15593,54.64235,86
2025-08-27T11:00:00Z,0,12.7,-3.15593,54.64235,83
2025-08-27T12:00:00Z,0,13.05,-3.15593,54.64235,80
2025-08-27T13:00:00Z,0,13.2,-3.15593,54.64235,79
2025-08-27T14:00:00Z,0,13.15,-3.15593,54.64235,78
2025-08-27T15:00:00Z,0,13.05,-3.15593,54.64235,78
2025-08-27T16:00:00Z,0,12.9,-3.15593,54.64235,78
2025-08-27T17:00:00Z,0,12.65,-3.15593,54.64235,79
2025-08-27T18:00:00Z,0,12.3,-3.15593,54.64235,81
2025-08-27T19:00:00Z,0,11.8,-3.15593,54.64235,83
2025-08-27T20:00:00Z,0,11.15,-3.15593,54.64235,86
2025-08-27T21:00:00Z,0,10.5,-3.15593,54.64235,89
2025-08-27T22:00:00Z,0,9.85,-3.15593,54.64235,92
2025-08-27T23:00:00Z,0,9.25,-3.15593,54.64235,95
2025-08-21T00:00:00Z,0,8.3085,-3.11432,54.69333,79
2025-08-21T01:00:00Z,0,8.2585,-3.11432,54.69333,76
2025-08-21T02:00:00Z,0,8.2085,-3.11432,54.69333,77
2025-08-21T03:00:00Z,0,8.158501,-3.11432,54.69333,79
2025-08-21T04:00:00Z,0,8.158501,-3.11432,54.69333,80
2025-08-21T05:00:00Z,0,8.0585,-3.11432,54.69333,82
2025-08-21T06:00:00Z,0,8.3085,-3.11432,54.69333,82
2025-08-21T07:00:00Z,0,9.0585,-3.11432,54.69333,83
2025-08-21T08:00:00Z,0,9.8585005,-3.11432,54.69333,82
2025-08-21T09:00:00Z,0,10.6085005,-3.11432,54.69333,80
2025-08-21T10:00:00Z,0,11.2585,-3.11432,54.69333,79
2025-08-21T11:00:00Z,0,11.7085,-3.11432,54.69333,78
2025-08-21T12:00:00Z,0,12.3085,-3.11432,54.69333,78
2025-08-21T13:00:00Z,0,12.6085005,-3.11432,54.69333,78
2025-08-21T14:00:00Z,0,12.7585,-3.11432,54.69333,78
2025-08-21T15:00:00Z,0,13.158501,-3.11432,54.69333,76
2025-08-21T16:00:00Z,0,13.0085,-3.11432,54.69333,78
2025-08-21T17:00:00Z,0,12.2085,-3.11432,54.69333,82
2025-08-21T18:00:00Z,0,11.908501,-3.11432,54.69333,82
2025-08-21T19:00:00Z,0,11.4585,-3.11432,54.69333,82
2025-08-21T20:00:00Z,0,10.8085,-3.11432,54.69333,80
2025-08-21T21:00:00Z,0,10.4585,-3.11432,54.69333,79
2025-08-21T22:00:00Z,0,10.4585,-3.11432,54.69333,79
2025-08-21T23:00:00Z,0,10.3585005,-3.11432,54.69333,79
2025-08-22T00:00:00Z,0,10.5085,-3.11432,54.69333,84
2025-08-22T01:00:00Z,0,10.5085,-3.11432,54.69333,86
2025-08-22T02:00:00Z,0,10.4585,-3.11432,54.69333,86
2025-08-22T03:00:00Z,0,10.3585005,-3.11432,54.69333,86
2025-08-22T04:00:00Z,0,10.5085,-3.11432,54.69333,84
2025-08-22T05:00:00Z,0,10.9585,-3.11432,54.69333,83
2025-08-22T06:00:00Z,0,10.658501,-3.11432,54.69333,86
2025-08-22T07:00:00Z,0,10.8585005,-3.11432,54.69333,85
2025-08-22T08:00:00Z,0,11.4585,-3.11432,54.69333,85
2025-08-22T09:00:00Z,0,11.8585005,-3.11432,54.69333,84
2025-08-22T10:00:00Z,0,12.1085005,-3.11432,54.69333,83
2025-08-22T11:00:00Z,0,12.3585005,-3.11432,54.69333,80
2025-08-22T12:00:00Z,0,12.658501,-3.11432,54.69333,76
2025-08-22T13:00:00Z,0,13.1085005,-3.11432,54.69333,73
2025-08-22T14:00:00Z,0,12.9585,-3.11432,54.69333,74
2025-08-22T15:00:00Z,0,12.8585005,-3.11432,54.69333,76
2025-08-22T16:00:00Z,0,12.7085,-3.11432,54.69333,78
2025-08-22T17:00:00Z,0,12.658501,-3.11432,54.69333,81
2025-08-22T18:00:00Z,0,12.4585,-3.11432,54.69333,80
2025-08-22T19:00:00Z,0,12.0585,-3.11432,54.69333,79
2025-08-22T20:00:00Z,0,11.408501,-3.11432,54.69333,79
2025-08-22T21:00:00Z,0,11.3085,-3.11432,54.69333,77
2025-08-22T22:00:00Z,0,11.0085,-3.11432,54.69333,80
2025-08-22T23:00:00Z,0,10.7585,-3.11432,54.69333,78
2025-08-23T00:00:00Z,0,10.408501,-3.11432,54.69333,77
2025-08-23T01:00:00Z,0,10.158501,-3.11432,54.69333,78
2025-08-23T02:00:00Z,0,10.0585,-3.11432,54.69333,78
2025-08-23T03:00:00Z,0,10.2085,-3.11432,54.69333,79
2025-08-23T04:00:00Z,0,10.2085,-3.11432,54.69333,79
2025-08-23T05:00:00Z,0,10.2085,-3.11432,54.69333,79
2025-08-23T06:00:00Z,0,10.3585005,-3.11432,54.69333,80
2025-08-23T07:00:00Z,0,11.158501,-3.11432,54.69333,80
2025-08-23T08:00:00Z,0,12.408501,-3.11432,54.69333,78
2025-08-23T09:00:00Z,0,13.3585005,-3.11432,54.69333,76
2025-08-23T10:00:00Z,0,14.313,-3.11432,54.69333,73
2025-08-23T11:00:00Z,0,15.213,-3.11432,54.69333,69
2025-08-23T12:00:00Z,0,15.662999,-3.11432,54.69333,69
2025-08-23T13:00:00Z,0,15.412999,-3.11432,54.69333,71
2025-08-23T14:00:00Z,0,15.613,-3.11432,54.69333,71
2025-08-23T15:00:00Z,0,15.963,-3.11432,54.69333,69
2025-08-23T16:00:00Z,0,15.662999,-3.11432,54.69333,71
2025-08-23T17:00:00Z,0,15.113,-3.11432,54.69333,74
2025-08-23T18:00:00Z,0,14.713,-3.11432,54.69333,77
2025-08-23T19:00:00Z,0,13.763,-3.11432,54.69333,83
2025-08-23T20:00:00Z,0,12.563,-3.11432,54.69333,88
2025-08-23T21:00:00Z,0,11.813,-3.11432,54.69333,89
2025-08-23T22:00:00Z,0,11.763,-3.11432,54.69333,88
2025-08-23T23:00:00Z,0,11.763,-3.11432,54.69333,87
2025-08-24T00:00:00Z,0,11.813,-3.11432,54.69333,87
2025-08-24T01:00:00Z,0,11.713,-3.11432,54.69333,88
2025-08-24T02:00:00Z,0,11.713,-3.11432,54.69333,88
2025-08-24T03:00:00Z,0,11.513,-3.11432,54.69333,87
2025-08-24T04:00:00Z,0,11.513,-3.11432,54.69333,87
2025-08-24T05:00:00Z,0,11.313,-3.11432,54.69333,88
2025-08-24T06:00:00Z,0,11.463,-3.11432,54.69333,88
2025-08-24T07:00:00Z,0,12.763,-3.11432,54.69333,87
2025-08-24T08:00:00Z,0,14.163,-3.11432,54.69333,84
2025-08-24T09:00:00Z,0,15.412999,-3.11432,54.69333,79
2025-08-24T10:00:00Z,0,16.463001,-3.11432,54.69333,74
2025-08-24T11:00:00Z,0,16.463001,-3.11432,54.69333,74
2025-08-24T12:00:00Z,0,15.713,-3.11432,54.69333,82
2025-08-24T13:00:00Z,0,15.963,-3.11432,54.69333,83
2025-08-24T14:00:00Z,0,16.213001,-3.11432,54.69333,84
2025-08-24T15:00:00Z,0,16.363,-3.11432,54.69333,85
2025-08-24T16:00:00Z,0,16.413,-3.11432,54.69333,84
2025-08-24T17:00:00Z,0,16.363,-3.11432,54.69333,82
2025-08-24T18:00:00Z,0,15.963,-3.11432,54.69333,82
2025-08-24T19:00:00Z,0,15.063,-3.11432,54.69333,86
2025-08-24T20:00:00Z,0,13.813,-3.11432,54.69333,92
2025-08-24T21:00:00Z,0,12.813,-3.11432,54.69333,96
2025-08-24T22:00:00Z,0,12.263,-3.11432,54.69333,95
2025-08-24T23:00:00Z,0,11.963,-3.11432,54.69333,92
2025-08-25T00:00:00Z,0,11.763,-3.11432,54.69333,89
2025-08-25T01:00:00Z,0,11.663,-3.11432,54.69333,89
2025-08-25T02:00:00Z,0,11.613,-3.11432,54.69333,89
2025-08-25T03:00:00Z,0,11.663,-3.11432,54.69333,89
2025-08-25T04:00:00Z,0,11.613,-3.11432,54.69333,88
2025-08-25T05:00:00Z,0,11.663,-3.11432,54.69333,87
2025-08-25T06:00:00Z,0,12.113,-3.11432,54.69333,85
2025-08-25T07:00:00Z,0,13.413,-3.11432,54.69333,82
2025-08-25T08:00:00Z,0,15.163,-3.11432,54.69333,79
2025-08-25T09:00:00Z,0,16.663,-3.11432,54.69333,76
2025-08-25T10:00:00Z,0,17.613,-3.11432,54.69333,72
2025-08-25T11:00:00Z,0,18.263,-3.11432,54.69333,67
2025-08-25T12:00:00Z,0,18.713001,-3.11432,54.69333,64
2025-08-25T13:00:00Z,0,18.913,-3.11432,54.69333,63
2025-08-25T14:00:00Z,0,18.913,-3.11432,54.69333,63
2025-08-25T15:00:00Z,0,18.713001,-3.11432,54.69333,64
2025-08-25T16:00:00Z,0,18.463001,-3.11432,54.69333,66
2025-08-25T17:00:00Z,0,18.013,-3.11432,54.69333,69
2025-08-25T18:00:00Z,0,17.363,-3.11432,54.69333,72
2025-08-25T19:00:00Z,0,16.263,-3.11432,54.69333,74
2025-08-25T20:00:00Z,0,14.913,-3.11432,54.69333,75
2025-08-25T21:00:00Z,0,13.913,-3.11432,54.69333,76
2025-08-25T22:00:00Z,0,13.463,-3.11432,54.69333,75
2025-08-25T23:00:00Z,0,13.363,-3.11432,54.69333,73
2025-08-26T00:00:00Z,0,13.213,-3.11432,54.69333,72
2025-08-26T01:00:00Z,0,12.863,-3.11432,54.69333,71
2025-08-26T02:00:00Z,0,12.563,-3.11432,54.69333,71
2025-08-26T03:00:00Z,0,12.313,-3.11432,54.69333,70
2025-08-26T04:00:00Z,0,12.313,-3.11432,54.69333,69
2025-08-26T05:00:00Z,0,12.413,-3.11432,54.69333,67
2025-08-26T06:00:00Z,0,12.513,-3.11432,54.69333,66
2025-08-26T07:00:00Z,0,14.3029995,-3.11432,54.69333,62
2025-08-26T08:00:00Z,0,15.002999,-3.11432,54.69333,60
2025-08-26T09:00:00Z,0,15.752999,-3.11432,54.69333,58
2025-08-26T10:00:00Z,0,16.653,-3.11432,54.69333,58
2025-08-26T11:00:00Z,0,17.603,-3.11432,54.69333,59
2025-08-26T12:00:00Z,0,18.453001,-3.11432,54.69333,60
2025-08-26T13:00:00Z,0,19.203001,-3.11432,54.69333,60
2025-08-26T14:00:00Z,0,19.853,-3.11432,54.69333,59
2025-08-26T15:00:00Z,0,20.153,-3.11432,54.69333,59
2025-08-26T16:00:00Z,0,20.003,-3.11432,54.69333,60
2025-08-26T17:00:00Z,0,19.503,-3.11432,54.69333,61
2025-08-26T18:00:00Z,0,18.853,-3.11432,54.69333,65
2025-08-26T19:00:00Z,1,17.903,-3.11432,54.69333,72
2025-08-26T20:00:00Z,1,16.803001,-3.11432,54.69333,81
2025-08-26T21:00:00Z,1,15.953,-3.11432,54.69333,88
2025-08-26T22:00:00Z,1,15.553,-3.11432,54.69333,92
2025-08-26T23:00:00Z,1,15.402999,-3.11432,54.69333,93
2025-08-27T00:00:00Z,1,15.203,-3.11432,54.69333,94
2025-08-27T01:00:00Z,1,14.903,-3.11432,54.69333,93
2025-08-27T02:00:00Z,1,14.603,-3.11432,54.69333,92
2025-08-27T03:00:00Z,1,14.252999,-3.11432,54.69333,91
2025-08-27T04:00:00Z,4,13.8029995,-3.11432,54.69333,93
2025-08-27T05:00:00Z,4,13.403,-3.11432,54.69333,96
2025-08-27T06:00:00Z,4,13.203,-3.11432,54.69333,98
2025-08-27T07:00:00Z,1,13.453,-3.11432,54.69333,97
2025-08-27T08:00:00Z,1,13.953,-3.11432,54.69333,95
2025-08-27T09:00:00Z,1,14.403,-3.11432,54.69333,93
2025-08-27T10:00:00Z,0,14.752999,-3.11432,54.69333,91
2025-08-27T11:00:00Z,0,15.103,-3.11432,54.69333,89
2025-08-27T12:00:00Z,0,15.303,-3.11432,54.69333,87
2025-08-27T13:00:00Z,1,15.353,-3.11432,54.69333,86
2025-08-27T14:00:00Z,1,15.353,-3.11432,54.69333,86
2025-08-27T15:00:00Z,1,15.252999,-3.11432,54.69333,86
2025-08-27T16:00:00Z,1,15.203,-3.11432,54.69333,86
2025-08-27T17:00:00Z,1,15.103,-3.11432,54.69333,86
2025-08-27T18:00:00Z,1,14.8029995,-3.11432,54.69333,87
2025-08-27T19:00:00Z,0,14.0529995,-3.11432,54.69333,90
2025-08-27T20:00:00Z,0,13.103,-3.11432,54.69333,94
2025-08-27T21:00:00Z,0,12.353,-3.11432,54.69333,97
2025-08-27T22:00:00Z,0,12.0529995,-3.11432,54.69333,97
2025-08-27T23:00:00Z,0,11.953,-3.11432,54.69333,96
2025-08-21T00:00:00Z,0,7.626,-3.11454,54.67324,79
2025-08-21T01:00:00Z,0,7.5759997,-3.11454,54.67324,76
2025-08-21T02:00:00Z,0,7.5259995,-3.11454,54.67324,77
2025-08-21T03:00:00Z,0,7.4760003,-3.11454,54.67324,79
2025-08-21T04:00:00Z,0,7.4760003,-3.11454,54.67324,80
2025-08-21T05:00:00Z,0,7.376,-3.11454,54.67324,82
2025-08-21T06:00:00Z,0,7.626,-3.11454,54.67324,82
2025-08-21T07:00:00Z,0,8.376,-3.11454,54.67324,83
2025-08-21T08:00:00Z,0,9.176001,-3.11454,54.67324,82
2025-08-21T09:00:00Z,0,9.926001,-3.11454,54.67324,80
2025-08-21T10:00:00Z,0,10.576,-3.11454,54.67324,79
2025-08-21T11:00:00Z,0,11.026,-3.11454,54.67324,78
2025-08-21T12:00:00Z,0,11.626,-3.11454,54.67324,78
2025-08-21T13:00:00Z,0,11.926001,-3.11454,54.67324,78
2025-08-21T14:00:00Z,0,12.076,-3.11454,54.67324,78
2025-08-21T15:00:00Z,0,12.476001,-3.11454,54.67324,76
2025-08-21T16:00:00Z,0,12.326,-3.11454,54.67324,78
2025-08-21T17:00:00Z,0,11.526,-3.11454,54.67324,82
2025-08-21T18:00:00Z,0,11.226001,-3.11454,54.67324,82
2025-08-21T19:00:00Z,0,10.776,-3.11454,54.67324,82
2025-08-21T20:00:00Z,0,10.126,-3.11454,54.67324,80
2025-08-21T21:00:00Z,0,9.776,-3.11454,54.67324,79
2025-08-21T22:00:00Z,0,9.776,-3.11454,54.67324,79
2025-08-21T23:00:00Z,0,9.676001,-3.11454,54.67324,79
2025-08-22T00:00:00Z,0,9.826,-3.11454,54.67324,84
2025-08-22T01:00:00Z,0,9.826,-3.11454,54.67324,86
2025-08-22T02:00:00Z,0,9.776,-3.11454,54.67324,86
2025-08-22T03:00:00Z,0,9.676001,-3.11454,54.67324,86
2025-08-22T04:00:00Z,0,9.826,-3.11454,54.67324,84
2025-08-22T05:00:00Z,0,10.276,-3.11454,54.67324,83
2025-08-22T06:00:00Z,0,9.976001,-3.11454,54.67324,86
2025-08-22T07:00:00Z,0,10.176001,-3.11454,54.67324,85
2025-08-22T08:00:00Z,0,10.776,-3.11454,54.67324,85
2025-08-22T09:00:00Z,0,11.176001,-3.11454,54.67324,84
2025-08-22T10:00:00Z,0,11.426001,-3.11454,54.67324,83
2025-08-22T11:00:00Z,0,11.676001,-3.11454,54.67324,80
2025-08-22T12:00:00Z,0,11.976001,-3.11454,54.67324,76
2025-08-22T13:00:00Z,0,12.426001,-3.11454,54.67324,73
2025-08-22T14:00:00Z,0,12.276,-3.11454,54.67324,74
2025-08-22T15:00:00Z,0,12.176001,-3.11454,54.67324,76
2025-08-22T16:00:00Z,0,12.026,-3.11454,54.67324,78
2025-08-22T17:00:00Z,0,11.976001,-3.11454,54.67324,81
2025-08-22T18:00:00Z,0,11.776,-3.11454,54.67324,80
2025-08-22T19:00:00Z,0,11.376,-3.11454,54.67324,79
2025-08-22T20:00:00Z,0,10.726001,-3.11454,54.67324,79
2025-08-22T21:00:00Z,0,10.626,-3.11454,54.67324,77
2025-08-22T22:00:00Z,0,10.326,-3.11454,54.67324,80
2025-08-22T23:00:00Z,0,10.076,-3.11454,54.67324,78
2025-08-23T00:00:00Z,0,9.726001,-3.11454,54.67324,77
2025-08-23T01:00:00Z,0,9.476001,-3.11454,54.67324,78
2025-08-23T02:00:00Z,0,9.376,-3.11454,54.67324,78
2025-08-23T03:00:00Z,0,9.526,-3.11454,54.67324,79
2025-08-23T04:00:00Z,0,9.526,-3.11454,54.67324,79
2025-08-23T05:00:00Z,0,9.526,-3.11454,54.67324,79
2025-08-23T06:00:00Z,0,9.676001,-3.11454,54.67324,80
2025-08-23T07:00:00Z,0,10.476001,-3.11454,54.67324,80
2025-08-23T08:00:00Z,0,11.726001,-3.11454,54.67324,78
2025-08-23T09:00:00Z,0,12.676001,-3.11454,54.67324,76
2025-08-23T10:00:00Z,0,13.6105,-3.11454,54.67324,74
2025-08-23T11:00:00Z,0,14.6105,-3.11454,54.67324,68
2025-08-23T12:00:00Z,0,15.2105,-3.11454,54.67324,67
2025-08-23T13:00:00Z,0,15.010501,-3.11454,54.67324,69
2025-08-23T14:00:00Z,0,15.0605,-3.11454,54.67324,71
2025-08-23T15:00:00Z,0,15.360499,-3.11454,54.67324,69
2025-08-23T16:00:00Z,0,15.160501,-3.11454,54.67324,70
2025-08-23T17:00:00Z,0,14.6105,-3.11454,54.67324,74
2025-08-23T18:00:00Z,0,14.3105,-3.11454,54.67324,77
2025-08-23T19:00:00Z,0,13.3605,-3.11454,54.67324,84
2025-08-23T20:00:00Z,0,12.1105,-3.11454,54.67324,89
2025-08-23T21:00:00Z,0,11.3605,-3.11454,54.67324,90
2025-08-23T22:00:00Z,0,11.160501,-3.11454,54.67324,91
2025-08-23T23:00:00Z,0,11.1105,-3.11454,54.67324,91
2025-08-24T00:00:00Z,0,11.160501,-3.11454,54.67324,90
2025-08-24T01:00:00Z,0,11.160501,-3.11454,54.67324,90
2025-08-24T02:00:00Z,0,11.0105,-3.11454,54.67324,90
2025-08-24T03:00:00Z,0,10.8105,-3.11454,54.67324,91
2025-08-24T04:00:00Z,0,10.7605,-3.11454,54.67324,90
2025-08-24T05:00:00Z,0,10.5105,-3.11454,54.67324,91
2025-08-24T06:00:00Z,0,10.8105,-3.11454,54.67324,90
2025-08-24T07:00:00Z,0,12.0605,-3.11454,54.67324,90
2025-08-24T08:00:00Z,0,13.5105,-3.11454,54.67324,84
2025-08-24T09:00:00Z,0,14.7605,-3.11454,54.67324,80
2025-08-24T10:00:00Z,0,15.8105,-3.11454,54.67324,74
2025-08-24T11:00:00Z,0,16.110498,-3.11454,54.67324,72
2025-08-24T12:00:00Z,0,15.8105,-3.11454,54.67324,75
2025-08-24T13:00:00Z,0,16.0105,-3.11454,54.67324,76
2025-08-24T14:00:00Z,0,16.110498,-3.11454,54.67324,79
2025-08-24T15:00:00Z,0,16.1605,-3.11454,54.67324,81
2025-08-24T16:00:00Z,0,16.210499,-3.11454,54.67324,81
2025-08-24T17:00:00Z,0,16.1605,-3.11454,54.67324,79
2025-08-24T18:00:00Z,0,15.8105,-3.11454,54.67324,80
2025-08-24T19:00:00Z,0,14.8105,-3.11454,54.67324,85
2025-08-24T20:00:00Z,0,13.4605,-3.11454,54.67324,93
2025-08-24T21:00:00Z,0,12.3605,-3.11454,54.67324,97
2025-08-24T22:00:00Z,0,11.7605,-3.11454,54.67324,96
2025-08-24T23:00:00Z,0,11.4605,-3.11454,54.67324,92
2025-08-25T00:00:00Z,0,11.2105,-3.11454,54.67324,89
2025-08-25T01:00:00Z,0,11.0605,-3.11454,54.67324,89
2025-08-25T02:00:00Z,0,11.0105,-3.11454,54.67324,89
2025-08-25T03:00:00Z,0,11.0105,-3.11454,54.67324,89
2025-08-25T04:00:00Z,0,10.910501,-3.11454,54.67324,89
2025-08-25T05:00:00Z,0,10.910501,-3.11454,54.67324,88
2025-08-25T06:00:00Z,0,11.3605,-3.11454,54.67324,86
2025-08-25T07:00:00Z,0,12.7105,-3.11454,54.67324,83
2025-08-25T08:00:00Z,0,14.6105,-3.11454,54.67324,79
2025-08-25T09:00:00Z,0,16.1605,-3.11454,54.67324,75
2025-08-25T10:00:00Z,0,17.110498,-3.11454,54.67324,71
2025-08-25T11:00:00Z,0,17.8105,-3.11454,54.67324,67
2025-08-25T12:00:00Z,0,18.2605,-3.11454,54.67324,64
2025-08-25T13:00:00Z,0,18.5105,-3.11454,54.67324,64
2025-08-25T14:00:00Z,0,18.5605,-3.11454,54.67324,65
2025-08-25T15:00:00Z,0,18.4105,-3.11454,54.67324,67
2025-08-25T16:00:00Z,0,18.0605,-3.11454,54.67324,68
2025-08-25T17:00:00Z,0,17.5605,-3.11454,54.67324,69
2025-08-25T18:00:00Z,0,16.860498,-3.11454,54.67324,70
2025-08-25T19:00:00Z,0,15.8105,-3.11454,54.67324,73
2025-08-25T20:00:00Z,0,14.6105,-3.11454,54.67324,76
2025-08-25T21:00:00Z,0,13.6105,-3.11454,54.67324,78
2025-08-25T22:00:00Z,0,13.1105,-3.11454,54.67324,78
2025-08-25T23:00:00Z,0,12.8605,-3.11454,54.67324,76
2025-08-26T00:00:00Z,0,12.6105,-3.11454,54.67324,74
2025-08-26T01:00:00Z,0,12.2605,-3.11454,54.67324,73
2025-08-26T02:00:00Z,0,11.9605,-3.11454,54.67324,72
2025-08-26T03:00:00Z,0,11.7605,-3.11454,54.67324,71
2025-08-26T04:00:00Z,0,11.8105,-3.11454,54.67324,70
2025-08-26T05:00:00Z,0,11.9605,-3.11454,54.67324,68
2025-08-26T06:00:00Z,0,12.0605,-3.11454,54.67324,67
2025-08-26T07:00:00Z,0,13.3705,-3.11454,54.67324,63
2025-08-26T08:00:00Z,0,14.2205,-3.11454,54.67324,61
2025-08-26T09:00:00Z,0,15.070499,-3.11454,54.67324,59
2025-08-26T10:00:00Z,0,16.0705,-3.11454,54.67324,59
2025-08-26T11:00:00Z,0,17.1205,-3.11454,54.67324,59
2025-08-26T12:00:00Z,0,17.970499,-3.11454,54.67324,60
2025-08-26T13:00:00Z,0,18.6205,-3.11454,54.67324,60
2025-08-26T14:00:00Z,0,19.1205,-3.11454,54.67324,60
2025-08-26T15:00:00Z,0,19.3205,-3.11454,54.67324,60
2025-08-26T16:00:00Z,0,19.1205,-3.11454,54.67324,61
2025-08-26T17:00:00Z,0,18.5705,-3.11454,54.67324,63
2025-08-26T18:00:00Z,0,17.8705,-3.11454,54.67324,67
2025-08-26T19:00:00Z,1,16.8705,-3.11454,54.67324,75
2025-08-26T20:00:00Z,1,15.720499,-3.11454,54.67324,85
2025-08-26T21:00:00Z,1,14.820499,-3.11454,54.67324,93
2025-08-26T22:00:00Z,2,14.5205,-3.11454,54.67324,96
2025-08-26T23:00:00Z,2,14.5205,-3.11454,54.67324,96
2025-08-27T00:00:00Z,2,14.3705,-3.11454,54.67324,95
2025-08-27T01:00:00Z,2,13.9205,-3.11454,54.67324,93
2025-08-27T02:00:00Z,2,13.320499,-3.11454,54.67324,90
2025-08-27T03:00:00Z,2,12.7705,-3.11454,54.67324,89
2025-08-27T04:00:00Z,3,12.2705,-3.11454,54.67324,91
2025-08-27T05:00:00Z,3,11.8705,-3.11454,54.67324,93
2025-08-27T06:00:00Z,3,11.820499,-3.11454,54.67324,95
2025-08-27T07:00:00Z,0,12.3705,-3.11454,54.67324,94
2025-08-27T08:00:00Z,0,13.2705,-3.11454,54.67324,91
2025-08-27T09:00:00Z,0,13.9705,-3.11454,54.67324,89
2025-08-27T10:00:00Z,0,14.2705,-3.11454,54.67324,89
2025-08-27T11:00:00Z,0,14.3705,-3.11454,54.67324,89
2025-08-27T12:00:00Z,0,14.4205,-3.11454,54.67324,89
2025-08-27T13:00:00Z,1,14.570499,-3.11454,54.67324,89
2025-08-27T14:00:00Z,1,14.6705,-3.11454,54.67324,88
2025-08-27T15:00:00Z,1,14.620501,-3.11454,54.67324,88
2025-08-27T16:00:00Z,1,14.4205,-3.11454,54.67324,89
2025-08-27T17:00:00Z,1,14.070499,-3.11454,54.67324,90
2025-08-27T18:00:00Z,1,13.6205,-3.11454,54.67324,91
2025-08-27T19:00:00Z,0,12.8705,-3.11454,54.67324,93
2025-08-27T20:00:00Z,0,12.0205,-3.11454,54.67324,96
2025-08-27T21:00:00Z,0,11.4205,-3.11454,54.67324,98
2025-08-27T22:00:00Z,0,11.3705,-3.11454,54.67324,98
2025-08-27T23:00:00Z,0,11.5205,-3.11454,54.67324,97
2025-08-21T00:00:00Z,0,8.0355,-3.1055,54.70624,79
2025-08-21T01:00:00Z,0,7.9855,-3.1055,54.70624,76
2025-08-21T02:00:00Z,0,7.9354997,-3.1055,54.70624,77
2025-08-21T03:00:00Z,0,7.8855004,-3.1055,54.70624,79
2025-08-21T04:00:00Z,0,7.8855004,-3.1055,54.70624,80
2025-08-21T05:00:00Z,0,7.7855,-3.1055,54.70624,82
2025-08-21T06:00:00Z,0,8.0355,-3.1055,54.70624,82
2025-08-21T07:00:00Z,0,8.7855,-3.1055,54.70624,83
2025-08-21T08:00:00Z,0,9.5855,-3.1055,54.70624,82
2025-08-21T09:00:00Z,0,10.3355,-3.1055,54.70624,80
2025-08-21T10:00:00Z,0,10.985499,-3.1055,54.70624,79
2025-08-21T11:00:00Z,0,11.435499,-3.1055,54.70624,78
2025-08-21T12:00:00Z,0,12.0355,-3.1055,54.70624,78
2025-08-21T13:00:00Z,0,12.3355,-3.1055,54.70624,78
2025-08-21T14:00:00Z,0,12.485499,-3.1055,54.70624,78
2025-08-21T15:00:00Z,0,12.8855,-3.1055,54.70624,76
2025-08-21T16:00:00Z,0,12.735499,-3.1055,54.70624,78
2025-08-21T17:00:00Z,0,11.935499,-3.1055,54.70624,82
2025-08-21T18:00:00Z,0,11.6355,-3.1055,54.70624,82
2025-08-21T19:00:00Z,0,11.185499,-3.1055,54.70624,82
2025-08-21T20:00:00Z,0,10.5355,-3.1055,54.70624,80
2025-08-21T21:00:00Z,0,10.185499,-3.1055,54.70624,79
2025-08-21T22:00:00Z,0,10.185499,-3.1055,54.70624,79
2025-08-21T23:00:00Z,0,10.0855,-3.1055,54.70624,79
2025-08-22T00:00:00Z,0,10.235499,-3.1055,54.70624,84
2025-08-22T01:00:00Z,0,10.235499,-3.1055,54.70624,86
2025-08-22T02:00:00Z,0,10.185499,-3.1055,54.70624,86
2025-08-22T03:00:00Z,0,10.0855,-3.1055,54.70624,86
2025-08-22T04:00:00Z,0,10.235499,-3.1055,54.70624,84
2025-08-22T05:00:00Z,0,10.685499,-3.1055,54.70624,83
2025-08-22T06:00:00Z,0,10.3855,-3.1055,54.70624,86
2025-08-22T07:00:00Z,0,10.5855,-3.1055,54.70624,85
2025-08-22T08:00:00Z,0,11.185499,-3.1055,54.70624,85
2025-08-22T09:00:00Z,0,11.5855,-3.1055,54.70624,84
2025-08-22T10:00:00Z,0,11.8355,-3.1055,54.70624,83
2025-08-22T11:00:00Z,0,12.0855,-3.1055,54.70624,80
2025-08-22T12:00:00Z,0,12.3855,-3.1055,54.70624,76
2025-08-22T13:00:00Z,0,12.8355,-3.1055,54.70624,73
2025-08-22T14:00:00Z,0,12.685499,-3.1055,54.70624,74
2025-08-22T15:00:00Z,0,12.5855,-3.1055,54.70624,76
2025-08-22T16:00:00Z,0,12.435499,-3.1055,54.70624,78
2025-08-22T17:00:00Z,0,12.3855,-3.1055,54.70624,81
2025-08-22T18:00:00Z,0,12.185499,-3.1055,54.70624,80
2025-08-22T19:00:00Z,0,11.7855,-3.1055,54.70624,79
2025-08-22T20:00:00Z,0,11.1355,-3.1055,54.70624,79
2025-08-22T21:00:00Z,0,11.0355,-3.1055,54.70624,77
2025-08-22T22:00:00Z,0,10.735499,-3.1055,54.70624,80
2025-08-22T23:00:00Z,0,10.485499,-3.1055,54.70624,78
2025-08-23T00:00:00Z,0,10.1355,-3.1055,54.70624,77
2025-08-23T01:00:00Z,0,9.8855,-3.1055,54.70624,78
2025-08-23T02:00:00Z,0,9.7855,-3.1055,54.70624,78
2025-08-23T03:00:00Z,0,9.935499,-3.1055,54.70624,79
2025-08-23T04:00:00Z,0,9.935499,-3.1055,54.70624,79
2025-08-23T05:00:00Z,0,9.935499,-3.1055,54.70624,79
2025-08-23T06:00:00Z,0,10.0855,-3.1055,54.70624,80
2025-08-23T07:00:00Z,0,10.8855,-3.1055,54.70624,80
2025-08-23T08:00:00Z,0,12.1355,-3.1055,54.70624,78
2025-08-23T09:00:00Z,0,13.0855,-3.1055,54.70624,76
2025-08-23T10:00:00Z,0,14.02,-3.1055,54.70624,74
2025-08-23T11:00:00Z,0,15.02,-3.1055,54.70624,68
2025-08-23T12:00:00Z,0,15.62,-3.1055,54.70624,67
2025-08-23T13:00:00Z,0,15.420001,-3.1055,54.70624,69
2025-08-23T14:00:00Z,0,15.47,-3.1055,54.70624,71
2025-08-23T15:00:00Z,0,15.7699995,-3.1055,54.70624,69
2025-08-23T16:00:00Z,0,15.570001,-3.1055,54.70624,70
2025-08-23T17:00:00Z,0,15.02,-3.1055,54.70624,74
2025-08-23T18:00:00Z,0,14.72,-3.1055,54.70624,77
2025-08-23T19:00:00Z,0,13.77,-3.1055,54.70624,84
2025-08-23T20:00:00Z,0,12.52,-3.1055,54.70624,89
2025-08-23T21:00:00Z,0,11.77,-3.1055,54.70624,90
2025-08-23T22:00:00Z,0,11.570001,-3.1055,54.70624,91
2025-08-23T23:00:00Z,0,11.52,-3.1055,54.70624,91
2025-08-24T00:00:00Z,0,11.570001,-3.1055,54.70624,90
2025-08-24T01:00:00Z,0,11.570001,-3.1055,54.70624,90
2025-08-24T02:00:00Z,0,11.42,-3.1055,54.70624,90
2025-08-24T03:00:00Z,0,11.22,-3.1055,54.70624,91
2025-08-24T04:00:00Z,0,11.17,-3.1055,54.70624,90
2025-08-24T05:00:00Z,0,10.92,-3.1055,54.70624,91
2025-08-24T06:00:00Z,0,11.22,-3.1055,54.70624,90
2025-08-24T07:00:00Z,0,12.47,-3.1055,54.70624,90
2025-08-24T08:00:00Z,0,13.92,-3.1055,54.70624,84
2025-08-24T09:00:00Z,0,15.17,-3.1055,54.70624,80
2025-08-24T10:00:00Z,0,16.22,-3.1055,54.70624,74
2025-08-24T11:00:00Z,0,16.519999,-3.1055,54.70624,72
2025-08-24T12:00:00Z,0,16.22,-3.1055,54.70624,75
2025-08-24T13:00:00Z,0,16.42,-3.1055,54.70624,76
2025-08-24T14:00:00Z,0,16.519999,-3.1055,54.70624,79
2025-08-24T15:00:00Z,0,16.57,-3.1055,54.70624,81
2025-08-24T16:00:00Z,0,16.619999,-3.1055,54.70624,81
2025-08-24T17:00:00Z,0,16.57,-3.1055,54.70624,79
2025-08-24T18:00:00Z,0,16.22,-3.1055,54.70624,80
2025-08-24T19:00:00Z,0,15.22,-3.1055,54.70624,85
2025-08-24T20:00:00Z,0,13.87,-3.1055,54.70624,93
2025-08-24T21:00:00Z,0,12.77,-3.1055,54.70624,97
2025-08-24T22:00:00Z,0,12.17,-3.1055,54.70624,96
2025-08-24T23:00:00Z,0,11.87,-3.1055,54.70624,92
2025-08-25T00:00:00Z,0,11.62,-3.1055,54.70624,89
2025-08-25T01:00:00Z,0,11.47,-3.1055,54.70624,89
2025-08-25T02:00:00Z,0,11.42,-3.1055,54.70624,89
2025-08-25T03:00:00Z,0,11.42,-3.1055,54.70624,89
2025-08-25T04:00:00Z,0,11.320001,-3.1055,54.70624,89
2025-08-25T05:00:00Z,0,11.320001,-3.1055,54.70624,88
2025-08-25T06:00:00Z,0,11.77,-3.1055,54.70624,86
2025-08-25T07:00:00Z,0,13.12,-3.1055,54.70624,83
2025-08-25T08:00:00Z,0,15.02,-3.1055,54.70624,79
2025-08-25T09:00:00Z,0,16.57,-3.1055,54.70624,75
2025-08-25T10:00:00Z,0,17.519999,-3.1055,54.70624,71
2025-08-25T11:00:00Z,0,18.22,-3.1055,54.70624,67
2025-08-25T12:00:00Z,0,18.67,-3.1055,54.70624,64
2025-08-25T13:00:00Z,0,18.92,-3.1055,54.70624,64
2025-08-25T14:00:00Z,0,18.97,-3.1055,54.70624,65
2025-08-25T15:00:00Z,0,18.82,-3.1055,54.70624,67
2025-08-25T16:00:00Z,0,18.47,-3.1055,54.70624,68
2025-08-25T17:00:00Z,0,17.97,-3.1055,54.70624,69
2025-08-25T18:00:00Z,0,17.269999,-3.1055,54.70624,70
2025-08-25T19:00:00Z,0,16.22,-3.1055,54.70624,73
2025-08-25T20:00:00Z,0,15.02,-3.1055,54.70624,76
2025-08-25T21:00:00Z,0,14.02,-3.1055,54.70624,78
2025-08-25T22:00:00Z,0,13.52,-3.1055,54.70624,78
2025-08-25T23:00:00Z,0,13.27,-3.1055,54.70624,76
2025-08-26T00:00:00Z,0,13.02,-3.1055,54.70624,74
2025-08-26T01:00:00Z,0,12.67,-3.1055,54.70624,73
2025-08-26T02:00:00Z,0,12.37,-3.1055,54.70624,72
2025-08-26T03:00:00Z,0,12.17,-3.1055,54.70624,71
2025-08-26T04:00:00Z,0,12.22,-3.1055,54.70624,70
2025-08-26T05:00:00Z,0,12.37,-3.1055,54.70624,68
2025-08-26T06:00:00Z,0,12.47,-3.1055,54.70624,67
2025-08-26T07:00:00Z,0,14.03,-3.1055,54.70624,62
2025-08-26T08:00:00Z,0,14.73,-3.1055,54.70624,60
2025-08-26T09:00:00Z,0,15.48,-3.1055,54.70624,58
2025-08-26T10:00:00Z,0,16.38,-3.1055,54.70624,58
2025-08-26T11:00:00Z,0,17.33,-3.1055,54.70624,59
2025-08-26T12:00:00Z,0,18.18,-3.1055,54.70624,60
2025-08-26T13:00:00Z,0,18.93,-3.1055,54.70624,60
2025-08-26T14:00:00Z,0,19.58,-3.1055,54.70624,59
2025-08-26T15:00:00Z,0,19.88,-3.1055,54.70624,59
2025-08-26T16:00:00Z,0,19.73,-3.1055,54.70624,60
2025-08-26T17:00:00Z,0,19.23,-3.1055,54.70624,61
2025-08-26T18:00:00Z,0,18.58,-3.1055,54.70624,65
2025-08-26T19:00:00Z,1,17.63,-3.1055,54.70624,72
2025-08-26T20:00:00Z,1,16.53,-3.1055,54.70624,81
2025-08-26T21:00:00Z,1,15.68,-3.1055,54.70624,88
2025-08-26T22:00:00Z,1,15.280001,-3.1055,54.70624,92
2025-08-26T23:00:00Z,1,15.129999,-3.1055,54.70624,93
2025-08-27T00:00:00Z,1,14.93,-3.1055,54.70624,94
2025-08-27T01:00:00Z,1,14.63,-3.1055,54.70624,93
2025-08-27T02:00:00Z,1,14.33,-3.1055,54.70624,92
2025-08-27T03:00:00Z,1,13.98,-3.1055,54.70624,91
2025-08-27T04:00:00Z,4,13.53,-3.1055,54.70624,93
2025-08-27T05:00:00Z,4,13.13,-3.1055,54.70624,96
2025-08-27T06:00:00Z,4,12.93,-3.1055,54.70624,98
2025-08-27T07:00:00Z,1,13.18,-3.1055,54.70624,97
2025-08-27T08:00:00Z,1,13.68,-3.1055,54.70624,95
2025-08-27T09:00:00Z,1,14.13,-3.1055,54.70624,93
2025-08-27T10:00:00Z,0,14.48,-3.1055,54.70624,91
2025-08-27T11:00:00Z,0,14.83,-3.1055,54.70624,89
2025-08-27T12:00:00Z,0,15.030001,-3.1055,54.70624,87
2025-08-27T13:00:00Z,1,15.08,-3.1055,54.70624,86
2025-08-27T14:00:00Z,1,15.08,-3.1055,54.70624,86
2025-08-27T15:00:00Z,1,14.98,-3.1055,54.70624,86
2025-08-27T16:00:00Z,1,14.93,-3.1055,54.70624,86
2025-08-27T17:00:00Z,1,14.83,-3.1055,54.70624,86
2025-08-27T18:00:00Z,1,14.53,-3.1055,54.70624,87
2025-08-27T19:00:00Z,0,13.78,-3.1055,54.70624,90
2025-08-27T20:00:00Z,0,12.83,-3.1055,54.70624,94
2025-08-27T21:00:00Z,0,12.08,-3.1055,54.70624,97
2025-08-27T22:00:00Z,0,11.78,-3.1055,54.70624,97
2025-08-27T23:00:00Z,0,11.68,-3.1055,54.70624,96
2025-08-21T00:00:00Z,0,8.3465,-3.34388,54.60999,84
2025-08-21T01:00:00Z,0,8.2465,-3.34388,54.60999,85
2025-08-21T02:00:00Z,0,8.1465,-3.34388,54.60999,85
2025-08-21T03:00:00Z,0,8.9465,-3.34388,54.60999,78
2025-08-21T04:00:00Z,0,8.3465,-3.34388,54.60999,81
2025-08-21T05:00:00Z,0,7.5965,-3.34388,54.60999,84
2025-08-21T06:00:00Z,0,8.7465,-3.34388,54.60999,83
2025-08-21T07:00:00Z,0,9.3465,-3.34388,54.60999,81
2025-08-21T08:00:00Z,0,9.5465,-3.34388,54.60999,82
2025-08-21T09:00:00Z,0,9.7465,-3.34388,54.60999,83
2025-08-21T10:00:00Z,0,9.9965,-3.34388,54.60999,82
2025-08-21T11:00:00Z,0,10.4465,-3.34388,54.60999,78
2025-08-21T12:00:00Z,0,11.1965,-3.34388,54.60999,75
2025-08-21T13:00:00Z,0,12.2965,-3.34388,54.60999,75
2025-08-21T14:00:00Z,0,13.4965,-3.34388,54.60999,74
2025-08-21T15:00:00Z,0,13.2465,-3.34388,54.60999,77
2025-08-21T16:00:00Z,0,13.2965,-3.34388,54.60999,78
2025-08-21T17:00:00Z,0,12.7965,-3.34388,54.60999,81
2025-08-21T18:00:00Z,0,12.5965,-3.34388,54.60999,83
2025-08-21T19:00:00Z,0,12.0965,-3.34388,54.60999,88
2025-08-21T20:00:00Z,0,11.4965,-3.34388,54.60999,88
2025-08-21T21:00:00Z,0,11.5465,-3.34388,54.60999,87
2025-08-21T22:00:00Z,0,11.2465,-3.34388,54.60999,90
2025-08-21T23:00:00Z,0,11.4465,-3.34388,54.60999,92
2025-08-22T00:00:00Z,0,11.0965,-3.34388,54.60999,93
2025-08-22T01:00:00Z,0,11.4965,-3.34388,54.60999,91
2025-08-22T02:00:00Z,0,11.6965,-3.34388,54.60999,89
2025-08-22T03:00:00Z,0,11.7965,-3.34388,54.60999,91
2025-08-22T04:00:00Z,0,11.6965,-3.34388,54.60999,95
2025-08-22T05:00:00Z,0,11.7465,-3.34388,54.60999,100
2025-08-22T06:00:00Z,0,11.7965,-3.34388,54.60999,100
2025-08-22T07:00:00Z,0,11.5965,-3.34388,54.60999,100
2025-08-22T08:00:00Z,0,11.5465,-3.34388,54.60999,100
2025-08-22T09:00:00Z,0,11.3465,-3.34388,54.60999,100
2025-08-22T10:00:00Z,0,11.1465,-3.34388,54.60999,100
2025-08-22T11:00:00Z,0,11.6965,-3.34388,54.60999,99
2025-08-22T12:00:00Z,0,12.8465,-3.34388,54.60999,90
2025-08-22T13:00:00Z,0,13.7965,-3.34388,54.60999,82
2025-08-22T14:00:00Z,0,14.7465,-3.34388,54.60999,76
2025-08-22T15:00:00Z,0,14.9465,-3.34388,54.60999,78
2025-08-22T16:00:00Z,0,14.9465,-3.34388,54.60999,78
2025-08-22T17:00:00Z,0,14.4465,-3.34388,54.60999,79
2025-08-22T18:00:00Z,0,13.8965,-3.34388,54.60999,84
2025-08-22T19:00:00Z,0,13.2465,-3.34388,54.60999,88
2025-08-22T20:00:00Z,0,11.4965,-3.34388,54.60999,93
2025-08-22T21:00:00Z,0,10.8465,-3.34388,54.60999,91
2025-08-22T22:00:00Z,0,10.1465,-3.34388,54.60999,91
2025-08-22T23:00:00Z,0,10.0965,-3.34388,54.60999,91
2025-08-23T00:00:00Z,0,10.4465,-3.34388,54.60999,92
2025-08-23T01:00:00Z,0,11.0465,-3.34388,54.60999,91
2025-08-23T02:00:00Z,0,10.8965,-3.34388,54.60999,91
2025-08-23T03:00:00Z,0,9.9965,-3.34388,54.60999,93
2025-08-23T04:00:00Z,0,9.9465,-3.34388,54.60999,94
2025-08-23T05:00:00Z,0,9.9465,-3.34388,54.60999,94
2025-08-23T06:00:00Z,0,10.5965,-3.34388,54.60999,92
2025-08-23T07:00:00Z,0,12.1965,-3.34388,54.60999,89
2025-08-23T08:00:00Z,0,13.4965,-3.34388,54.60999,83
2025-08-23T09:00:00Z,0,13.9465,-3.34388,54.60999,82
2025-08-23T10:00:00Z,0,14.2965,-3.34388,54.60999,83
2025-08-23T11:00:00Z,0,13.7465,-3.34388,54.60999,84
2025-08-23T12:00:00Z,0,14.3965,-3.34388,54.60999,85
2025-08-23T13:00:00Z,0,15.0465,-3.34388,54.60999,81
2025-08-23T14:00:00Z,0,14.9465,-3.34388,54.60999,83
2025-08-23T15:00:00Z,0,14.7465,-3.34388,54.60999,84
2025-08-23T16:00:00Z,0,14.4965,-3.34388,54.60999,86
2025-08-23T17:00:00Z,0,14.1465,-3.34388,54.60999,87
2025-08-23T18:00:00Z,0,14.6,-3.34388,54.60999,84
2025-08-23T19:00:00Z,0,13.85,-3.34388,54.60999,88
2025-08-23T20:00:00Z,0,13.1,-3.34388,54.60999,93
2025-08-23T21:00:00Z,0,12.5,-3.34388,54.60999,95
2025-08-23T22:00:00Z,0,12.25,-3.34388,54.60999,94
2025-08-23T23:00:00Z,0,12.2,-3.34388,54.60999,91
2025-08-24T00:00:00Z,0,12.2,-3.34388,54.60999,89
2025-08-24T01:00:00Z,0,12.25,-3.34388,54.60999,88
2025-08-24T02:00:00Z,0,12.4,-3.34388,54.60999,87
2025-08-24T03:00:00Z,0,12.45,-3.34388,54.60999,87
2025-08-24T04:00:00Z,0,12.25,-3.34388,54.60999,88
2025-08-24T05:00:00Z,0,11.95,-3.34388,54.60999,89
2025-08-24T06:00:00Z,0,11.95,-3.34388,54.60999,89
2025-08-24T07:00:00Z,0,12.5,-3.34388,54.60999,88
2025-08-24T08:00:00Z,0,13.35,-3.34388,54.60999,86
2025-08-24T09:00:00Z,0,14.25,-3.34388,54.60999,84
2025-08-24T10:00:00Z,0,15.1,-3.34388,54.60999,81
2025-08-24T11:00:00Z,0,15.9,-3.34388,54.60999,79
2025-08-24T12:00:00Z,0,16.6,-3.34388,54.60999,76
2025-08-24T13:00:00Z,0,17.05,-3.34388,54.60999,73
2025-08-24T14:00:00Z,0,17.4,-3.34388,54.60999,71
2025-08-24T15:00:00Z,0,17.5,-3.34388,54.60999,70
2025-08-24T16:00:00Z,0,17.4,-3.34388,54.60999,71
2025-08-24T17:00:00Z,0,17.05,-3.34388,54.60999,73
2025-08-24T18:00:00Z,0,16.55,-3.34388,54.60999,76
2025-08-24T19:00:00Z,0,15.65,-3.34388,54.60999,79
2025-08-24T20:00:00Z,0,14.6,-3.34388,54.60999,83
2025-08-24T21:00:00Z,0,13.8,-3.34388,54.60999,85
2025-08-24T22:00:00Z,0,13.6,-3.34388,54.60999,85
2025-08-24T23:00:00Z,0,13.7,-3.34388,54.60999,84
2025-08-25T00:00:00Z,0,13.75,-3.34388,54.60999,83
2025-08-25T01:00:00Z,0,13.5,-3.34388,54.60999,83
2025-08-25T02:00:00Z,0,13.2,-3.34388,54.60999,82
2025-08-25T03:00:00Z,0,12.95,-3.34388,54.60999,82
2025-08-25T04:00:00Z,0,12.65,-3.34388,54.60999,81
2025-08-25T05:00:00Z,0,12.45,-3.34388,54.60999,80
2025-08-25T06:00:00Z,0,12.55,-3.34388,54.60999,79
2025-08-25T07:00:00Z,0,13.2,-3.34388,54.60999,77
2025-08-25T08:00:00Z,0,14.15,-3.34388,54.60999,74
2025-08-25T09:00:00Z,0,15.1,-3.34388,54.60999,72
2025-08-25T10:00:00Z,0,15.85,-3.34388,54.60999,70
2025-08-25T11:00:00Z,0,16.6,-3.34388,54.60999,68
2025-08-25T12:00:00Z,0,17.2,-3.34388,54.60999,66
2025-08-25T13:00:00Z,0,17.8,-3.34388,54.60999,63
2025-08-25T14:00:00Z,0,18.3,-3.34388,54.60999,60
2025-08-25T15:00:00Z,0,18.45,-3.34388,54.60999,59
2025-08-25T16:00:00Z,0,18.05,-3.34388,54.60999,61
2025-08-25T17:00:00Z,0,17.35,-3.34388,54.60999,65
2025-08-25T18:00:00Z,0,16.65,-3.34388,54.60999,67
2025-08-25T19:00:00Z,0,16.0,-3.34388,54.60999,66
2025-08-25T20:00:00Z,0,15.35,-3.34388,54.60999,64
2025-08-25T21:00:00Z,0,14.9,-3.34388,54.60999,63
2025-08-25T22:00:00Z,0,14.75,-3.34388,54.60999,62
2025-08-25T23:00:00Z,0,14.8,-3.34388,54.60999,62
2025-08-26T00:00:00Z,0,14.75,-3.34388,54.60999,63
2025-08-26T01:00:00Z,0,14.55,-3.34388,54.60999,65
2025-08-26T02:00:00Z,0,14.25,-3.34388,54.60999,69
2025-08-26T03:00:00Z,0,14.0,-3.34388,54.60999,71
2025-08-26T04:00:00Z,0,13.65,-3.34388,54.60999,72
2025-08-26T05:00:00Z,0,13.3,-3.34388,54.60999,71
2025-08-26T06:00:00Z,0,13.25,-3.34388,54.60999,71
2025-08-26T07:00:00Z,0,13.65,-3.34388,54.60999,72
2025-08-26T08:00:00Z,0,14.3,-3.34388,54.60999,72
2025-08-26T09:00:00Z,0,15.0,-3.34388,54.60999,73
2025-08-26T10:00:00Z,0,15.6,-3.34388,54.60999,74
2025-08-26T11:00:00Z,0,16.25,-3.34388,54.60999,75
2025-08-26T12:00:00Z,0,16.85,-3.34388,54.60999,75
2025-08-26T13:00:00Z,0,17.65,-3.34388,54.60999,71
2025-08-26T14:00:00Z,0,18.45,-3.34388,54.60999,67
2025-08-26T15:00:00Z,0,18.65,-3.34388,54.60999,66
2025-08-26T16:00:00Z,0,17.85,-3.34388,54.60999,73
2025-08-26T17:00:00Z,0,16.5,-3.34388,54.60999,84
2025-08-26T18:00:00Z,0,15.35,-3.34388,54.60999,93
2025-08-26T19:00:00Z,0,14.65,-3.34388,54.60999,96
2025-08-26T20:00:00Z,0,14.15,-3.34388,54.60999,97
2025-08-26T21:00:00Z,0,13.75,-3.34388,54.60999,97
2025-08-26T22:00:00Z,0,13.5,-3.34388,54.60999,98
2025-08-26T23:00:00Z,0,13.35,-3.34388,54.60999,98
2025-08-27T00:00:00Z,0,13.2,-3.34388,54.60999,98
2025-08-27T01:00:00Z,0,12.95,-3.34388,54.60999,99
2025-08-27T02:00:00Z,0,12.75,-3.34388,54.60999,100
2025-08-27T03:00:00Z,0,12.55,-3.34388,54.60999,100
2025-08-27T04:00:00Z,0,12.45,-3.34388,54.60999,100
2025-08-27T05:00:00Z,0,12.4,-3.34388,54.60999,100
2025-08-27T06:00:00Z,0,12.45,-3.34388,54.60999,99
2025-08-27T07:00:00Z,0,12.7,-3.34388,54.60999,97
2025-08-27T08:00:00Z,0,13.05,-3.34388,54.60999,95
2025-08-27T09:00:00Z,0,13.4,-3.34388,54.60999,92
2025-08-27T10:00:00Z,0,13.8,-3.34388,54.60999,90
2025-08-27T11:00:00Z,0,14.2,-3.34388,54.60999,87
2025-08-27T12:00:00Z,0,14.5,-3.34388,54.60999,85
2025-08-27T13:00:00Z,0,14.7,-3.34388,54.60999,84
2025-08-27T14:00:00Z,0,14.85,-3.34388,54.60999,83
2025-08-27T15:00:00Z,0,14.9,-3.34388,54.60999,82
2025-08-27T16:00:00Z,0,14.9,-3.34388,54.60999,82
2025-08-27T17:00:00Z,0,14.8,-3.34388,54.60999,81
2025-08-27T18:00:00Z,0,14.6,-3.34388,54.60999,82
2025-08-27T19:00:00Z,0,14.15,-3.34388,54.60999,84
2025-08-27T20:00:00Z,0,13.55,-3.34388,54.60999,86
2025-08-27T21:00:00Z,0,12.95,-3.34388,54.60999,89
2025-08-27T22:00:00Z,0,12.35,-3.34388,54.60999,92
2025-08-27T23:00:00Z,0,11.7,-3.34388,54.60999,95
2025-08-21T00:00:00Z,0,7.717,-3.10154,54.69512,79
2025-08-21T01:00:00Z,0,7.667,-3.10154,54.69512,76
2025-08-21T02:00:00Z,0,7.6169996,-3.10154,54.69512,77
2025-08-21T03:00:00Z,0,7.5670004,-3.10154,54.69512,79
2025-08-21T04:00:00Z,0,7.5670004,-3.10154,54.69512,80
2025-08-21T05:00:00Z,0,7.467,-3.10154,54.69512,82
2025-08-21T06:00:00Z,0,7.717,-3.10154,54.69512,82
2025-08-21T07:00:00Z,0,8.467,-3.10154,54.69512,83
2025-08-21T08:00:00Z,0,9.267,-3.10154,54.69512,82
2025-08-21T09:00:00Z,0,10.017,-3.10154,54.69512,80
2025-08-21T10:00:00Z,0,10.667,-3.10154,54.69512,79
2025-08-21T11:00:00Z,0,11.117,-3.10154,54.69512,78
2025-08-21T12:00:00Z,0,11.717,-3.10154,54.69512,78
2025-08-21T13:00:00Z,0,12.017,-3.10154,54.69512,78
2025-08-21T14:00:00Z,0,12.167,-3.10154,54.69512,78
2025-08-21T15:00:00Z,0,12.567,-3.10154,54.69512,76
2025-08-21T16:00:00Z,0,12.417,-3.10154,54.69512,78
2025-08-21T17:00:00Z,0,11.617,-3.10154,54.69512,82
2025-08-21T18:00:00Z,0,11.317,-3.10154,54.69512,82
2025-08-21T19:00:00Z,0,10.867,-3.10154,54.69512,82
2025-08-21T20:00:00Z,0,10.217,-3.10154,54.69512,80
2025-08-21T21:00:00Z,0,9.867,-3.10154,54.69512,79
2025-08-21T22:00:00Z,0,9.867,-3.10154,54.69512,79
2025-08-21T23:00:00Z,0,9.767,-3.10154,54.69512,79
2025-08-22T00:00:00Z,0,9.917,-3.10154,54.69512,84
2025-08-22T01:00:00Z,0,9.917,-3.10154,54.69512,86
2025-08-22T02:00:00Z,0,9.867,-3.10154,54.69512,86
2025-08-22T03:00:00Z,0,9.767,-3.10154,54.69512,86
2025-08-22T04:00:00Z,0,9.917,-3.10154,54.69512,84
2025-08-22T05:00:00Z,0,10.367,-3.10154,54.69512,83
2025-08-22T06:00:00Z,0,10.067,-3.10154,54.69512,86
2025-08-22T07:00:00Z,0,10.267,-3.10154,54.69512,85
2025-08-22T08:00:00Z,0,10.867,-3.10154,54.69512,85
2025-08-22T09:00:00Z,0,11.267,-3.10154,54.69512,84
2025-08-22T10:00:00Z,0,11.517,-3.10154,54.69512,83
2025-08-22T11:00:00Z,0,11.767,-3.10154,54.69512,80
2025-08-22T12:00:00Z,0,12.067,-3.10154,54.69512,76
2025-08-22T13:00:00Z,0,12.517,-3.10154,54.69512,73
2025-08-22T14:00:00Z,0,12.367,-3.10154,54.69512,74
2025-08-22T15:00:00Z,0,12.267,-3.10154,54.69512,76
2025-08-22T16:00:00Z,0,12.117,-3.10154,54.69512,78
2025-08-22T17:00:00Z,0,12.067,-3.10154,54.69512,81
2025-08-22T18:00:00Z,0,11.867,-3.10154,54.69512,80
2025-08-22T19:00:00Z,0,11.467,-3.10154,54.69512,79
2025-08-22T20:00:00Z,0,10.817,-3.10154,54.69512,79
2025-08-22T21:00:00Z,0,10.717,-3.10154,54.69512,77
2025-08-22T22:00:00Z,0,10.417,-3.10154,54.69512,80
2025-08-22T23:00:00Z,0,10.167,-3.10154,54.69512,78
2025-08-23T00:00:00Z,0,9.817,-3.10154,54.69512,77
2025-08-23T01:00:00Z,0,9.567,-3.10154,54.69512,78
2025-08-23T02:00:00Z,0,9.467,-3.10154,54.69512,78
2025-08-23T03:00:00Z,0,9.617,-3.10154,54.69512,79
2025-08-23T04:00:00Z,0,9.617,-3.10154,54.69512,79
2025-08-23T05:00:00Z,0,9.617,-3.10154,54.69512,79
2025-08-23T06:00:00Z,0,9.767,-3.10154,54.69512,80
2025-08-23T07:00:00Z,0,10.567,-3.10154,54.69512,80
2025-08-23T08:00:00Z,0,11.817,-3.10154,54.69512,78
2025-08-23T09:00:00Z,0,12.767,-3.10154,54.69512,76
2025-08-23T10:00:00Z,0,13.7015,-3.10154,54.69512,74
2025-08-23T11:00:00Z,0,14.7015,-3.10154,54.69512,68
2025-08-23T12:00:00Z,0,15.301499,-3.10154,54.69512,67
2025-08-23T13:00:00Z,0,15.1015005,-3.10154,54.69512,69
2025-08-23T14:00:00Z,0,15.1515,-3.10154,54.69512,71
2025-08-23T15:00:00Z,0,15.451499,-3.10154,54.69512,69
2025-08-23T16:00:00Z,0,15.2515,-3.10154,54.69512,70
2025-08-23T17:00:00Z,0,14.7015,-3.10154,54.69512,74
2025-08-23T18:00:00Z,0,14.4015,-3.10154,54.69512,77
2025-08-23T19:00:00Z,0,13.4515,-3.10154,54.69512,84
2025-08-23T20:00:00Z,0,12.2015,-3.10154,54.69512,89
2025-08-23T21:00:00Z,0,11.4515,-3.10154,54.69512,90
2025-08-23T22:00:00Z,0,11.2515,-3.10154,54.69512,91
2025-08-23T23:00:00Z,0,11.2015,-3.10154,54.69512,91
2025-08-24T00:00:00Z,0,11.2515,-3.10154,54.69512,90
2025-08-24T01:00:00Z,0,11.2515,-3.10154,54.69512,90
2025-08-24T02:00:00Z,0,11.1015,-3.10154,54.69512,90
2025-08-24T03:00:00Z,0,10.9015,-3.10154,54.69512,91
2025-08-24T04:00:00Z,0,10.8515,-3.10154,54.69512,90
2025-08-24T05:00:00Z,0,10.6015,-3.10154,54.69512,91
2025-08-24T06:00:00Z,0,10.9015,-3.10154,54.69512,90
2025-08-24T07:00:00Z,0,12.1515,-3.10154,54.69512,90
2025-08-24T08:00:00Z,0,13.6015,-3.10154,54.69512,84
2025-08-24T09:00:00Z,0,14.8515,-3.10154,54.69512,80
2025-08-24T10:00:00Z,0,15.9015,-3.10154,54.69512,74
2025-08-24T11:00:00Z,0,16.2015,-3.10154,54.69512,72
2025-08-24T12:00:00Z,0,15.9015,-3.10154,54.69512,75
2025-08-24T13:00:00Z,0,16.101501,-3.10154,54.69512,76
2025-08-24T14:00:00Z,0,16.2015,-3.10154,54.69512,79
2025-08-24T15:00:00Z,0,16.251501,-3.10154,54.69512,81
2025-08-24T16:00:00Z,0,16.3015,-3.10154,54.69512,81
2025-08-24T17:00:00Z,0,16.251501,-3.10154,54.69512,79
2025-08-24T18:00:00Z,0,15.9015,-3.10154,54.69512,80
2025-08-24T19:00:00Z,0,14.9015,-3.10154,54.69512,85
2025-08-24T20:00:00Z,0,13.551499,-3.10154,54.69512,93
2025-08-24T21:00:00Z,0,12.4515,-3.10154,54.69512,97
2025-08-24T22:00:00Z,0,11.8515,-3.10154,54.69512,96
2025-08-24T23:00:00Z,0,11.551499,-3.10154,54.69512,92
2025-08-25T00:00:00Z,0,11.301499,-3.10154,54.69512,89
2025-08-25T01:00:00Z,0,11.1515,-3.10154,54.69512,89
2025-08-25T02:00:00Z,0,11.1015,-3.10154,54.69512,89
2025-08-25T03:00:00Z,0,11.1015,-3.10154,54.69512,89
2025-08-25T04:00:00Z,0,11.0015,-3.10154,54.69512,89
2025-08-25T05:00:00Z,0,11.0015,-3.10154,54.69512,88
2025-08-25T06:00:00Z,0,11.4515,-3.10154,54.69512,86
2025-08-25T07:00:00Z,0,12.801499,-3.10154,54.69512,83
2025-08-25T08:00:00Z,0,14.7015,-3.10154,54.69512,79
2025-08-25T09:00:00Z,0,16.251501,-3.10154,54.69512,75
2025-08-25T10:00:00Z,0,17.2015,-3.10154,54.69512,71
2025-08-25T11:00:00Z,0,17.9015,-3.10154,54.69512,67
2025-08-25T12:00:00Z,0,18.351501,-3.10154,54.69512,64
2025-08-25T13:00:00Z,0,18.601501,-3.10154,54.69512,64
2025-08-25T14:00:00Z,0,18.6515,-3.10154,54.69512,65
2025-08-25T15:00:00Z,0,18.501501,-3.10154,54.69512,67
2025-08-25T16:00:00Z,0,18.1515,-3.10154,54.69512,68
2025-08-25T17:00:00Z,0,17.6515,-3.10154,54.69512,69
2025-08-25T18:00:00Z,0,16.9515,-3.10154,54.69512,70
2025-08-25T19:00:00Z,0,15.9015,-3.10154,54.69512,73
2025-08-25T20:00:00Z,0,14.7015,-3.10154,54.69512,76
2025-08-25T21:00:00Z,0,13.7015,-3.10154,54.69512,78
2025-08-25T22:00:00Z,0,13.2015,-3.10154,54.69512,78
2025-08-25T23:00:00Z,0,12.9515,-3.10154,54.69512,76
2025-08-26T00:00:00Z,0,12.7015,-3.10154,54.69512,74
2025-08-26T01:00:00Z,0,12.3515,-3.10154,54.69512,73
2025-08-26T02:00:00Z,0,12.051499,-3.10154,54.69512,72
2025-08-26T03:00:00Z,0,11.8515,-3.10154,54.69512,71
2025-08-26T04:00:00Z,0,11.9015,-3.10154,54.69512,70
2025-08-26T05:00:00Z,0,12.051499,-3.10154,54.69512,68
2025-08-26T06:00:00Z,0,12.1515,-3.10154,54.69512,67
2025-08-26T07:00:00Z,0,13.7115,-3.10154,54.69512,62
2025-08-26T08:00:00Z,0,14.4115,-3.10154,54.69512,60
2025-08-26T09:00:00Z,0,15.1615,-3.10154,54.69512,58
2025-08-26T10:00:00Z,0,16.061499,-3.10154,54.69512,58
2025-08-26T11:00:00Z,0,17.0115,-3.10154,54.69512,59
2025-08-26T12:00:00Z,0,17.8615,-3.10154,54.69512,60
2025-08-26T13:00:00Z,0,18.6115,-3.10154,54.69512,60
2025-08-26T14:00:00Z,0,19.2615,-3.10154,54.69512,59
2025-08-26T15:00:00Z,0,19.561499,-3.10154,54.69512,59
2025-08-26T16:00:00Z,0,19.411499,-3.10154,54.69512,60
2025-08-26T17:00:00Z,0,18.911499,-3.10154,54.69512,61
2025-08-26T18:00:00Z,0,18.2615,-3.10154,54.69512,65
2025-08-26T19:00:00Z,1,17.311499,-3.10154,54.69512,72
2025-08-26T20:00:00Z,1,16.2115,-3.10154,54.69512,81
2025-08-26T21:00:00Z,1,15.361501,-3.10154,54.69512,88
2025-08-26T22:00:00Z,1,14.961501,-3.10154,54.69512,92
2025-08-26T23:00:00Z,1,14.8115,-3.10154,54.69512,93
2025-08-27T00:00:00Z,1,14.611501,-3.10154,54.69512,94
2025-08-27T01:00:00Z,1,14.311501,-3.10154,54.69512,93
2025-08-27T02:00:00Z,1,14.0115,-3.10154,54.69512,92
2025-08-27T03:00:00Z,1,13.6615,-3.10154,54.69512,91
2025-08-27T04:00:00Z,4,13.2115,-3.10154,54.69512,93
2025-08-27T05:00:00Z,4,12.811501,-3.10154,54.69512,96
2025-08-27T06:00:00Z,4,12.611501,-3.10154,54.69512,98
2025-08-27T07:00:00Z,1,12.861501,-3.10154,54.69512,97
2025-08-27T08:00:00Z,1,13.361501,-3.10154,54.69512,95
2025-08-27T09:00:00Z,1,13.811501,-3.10154,54.69512,93
2025-08-27T10:00:00Z,0,14.1615,-3.10154,54.69512,91
2025-08-27T11:00:00Z,0,14.5115,-3.10154,54.69512,89
2025-08-27T12:00:00Z,0,14.711501,-3.10154,54.69512,87
2025-08-27T13:00:00Z,1,14.7615,-3.10154,54.69512,86
2025-08-27T14:00:00Z,1,14.7615,-3.10154,54.69512,86
2025-08-27T15:00:00Z,1,14.6615,-3.10154,54.69512,86
2025-08-27T16:00:00Z,1,14.611501,-3.10154,54.69512,86
2025-08-27T17:00:00Z,1,14.5115,-3.10154,54.69512,86
2025-08-27T18:00:00Z,1,14.2115,-3.10154,54.69512,87
2025-08-27T19:00:00Z,0,13.4615,-3.10154,54.69512,90
2025-08-27T20:00:00Z,0,12.5115,-3.10154,54.69512,94
2025-08-27T21:00:00Z,0,11.7615,-3.10154,54.69512,97
2025-08-27T22:00:00Z,0,11.4615,-3.10154,54.69512,97
2025-08-27T23:00:00Z,0,11.361501,-3.10154,54.69512,96
2025-08-21T00:00:00Z,0,4.8515,-3.13763,54.63992,92
2025-08-21T01:00:00Z,0,4.8515,-3.13763,54.63992,93
2025-08-21T02:00:00Z,0,5.1015,-3.13763,54.63992,92
2025-08-21T03:00:00Z,0,5.6515,-3.13763,54.63992,86
2025-08-21T04:00:00Z,0,5.1515,-3.13763,54.63992,86
2025-08-21T05:00:00Z,0,5.4515,-3.13763,54.63992,84
2025-08-21T06:00:00Z,0,6.7015,-3.13763,54.63992,81
2025-08-21T07:00:00Z,0,7.0515003,-3.13763,54.63992,81
2025-08-21T08:00:00Z,0,7.0515003,-3.13763,54.63992,83
2025-08-21T09:00:00Z,0,7.0015,-3.13763,54.63992,85
2025-08-21T10:00:00Z,0,7.0515003,-3.13763,54.63992,86
2025-08-21T11:00:00Z,0,7.2015,-3.13763,54.63992,87
2025-08-21T12:00:00Z,0,7.4515,-3.13763,54.63992,86
2025-08-21T13:00:00Z,0,8.6515,-3.13763,54.63992,83
2025-08-21T14:00:00Z,0,9.7515,-3.13763,54.63992,81
2025-08-21T15:00:00Z,0,10.2515,-3.13763,54.63992,79
2025-08-21T16:00:00Z,0,9.4515,-3.13763,54.63992,85
2025-08-21T17:00:00Z,0,9.7015,-3.13763,54.63992,86
2025-08-21T18:00:00Z,0,9.2015,-3.13763,54.63992,89
2025-08-21T19:00:00Z,0,8.8015,-3.13763,54.63992,92
2025-08-21T20:00:00Z,0,8.0015,-3.13763,54.63992,97
2025-08-21T21:00:00Z,0,7.8015003,-3.13763,54.63992,96
2025-08-21T22:00:00Z,0,7.9014997,-3.13763,54.63992,96
2025-08-21T23:00:00Z,0,8.1515,-3.13763,54.63992,98
2025-08-22T00:00:00Z,0,8.2015,-3.13763,54.63992,97
2025-08-22T01:00:00Z,0,8.3515005,-3.13763,54.63992,97
2025-08-22T02:00:00Z,0,8.6015005,-3.13763,54.63992,96
2025-08-22T03:00:00Z,0,8.7015,-3.13763,54.63992,96
2025-08-22T04:00:00Z,0,8.6015005,-3.13763,54.63992,100
2025-08-22T05:00:00Z,0,9.0515,-3.13763,54.63992,100
2025-08-22T06:00:00Z,0,8.8515005,-3.13763,54.63992,100
2025-08-22T07:00:00Z,0,8.2515,-3.13763,54.63992,100
2025-08-22T08:00:00Z,0,7.8015003,-3.13763,54.63992,100
2025-08-22T09:00:00Z,0,7.8015003,-3.13763,54.63992,100
2025-08-22T10:00:00Z,0,8.2015,-3.13763,54.63992,100
2025-08-22T11:00:00Z,0,8.8515005,-3.13763,54.63992,100
2025-08-22T12:00:00Z,0,9.5515,-3.13763,54.63992,97
2025-08-22T13:00:00Z,0,10.8015,-3.13763,54.63992,84
2025-08-22T14:00:00Z,0,11.6015005,-3.13763,54.63992,79
2025-08-22T15:00:00Z,0,11.9515,-3.13763,54.63992,78
2025-08-22T16:00:00Z,0,12.0015,-3.13763,54.63992,77
2025-08-22T17:00:00Z,0,11.5015,-3.13763,54.63992,81
2025-08-22T18:00:00Z,0,10.9015,-3.13763,54.63992,88
2025-08-22T19:00:00Z,0,10.4515,-3.13763,54.63992,91
2025-08-22T20:00:00Z,0,9.5515,-3.13763,54.63992,93
2025-08-22T21:00:00Z,0,8.9515,-3.13763,54.63992,90
2025-08-22T22:00:00Z,0,8.2015,-3.13763,54.63992,92
2025-08-22T23:00:00Z,0,8.0515,-3.13763,54.63992,94
2025-08-23T00:00:00Z,0,8.1015005,-3.13763,54.63992,94
2025-08-23T01:00:00Z,0,8.3015,-3.13763,54.63992,92
2025-08-23T02:00:00Z,0,7.7015,-3.13763,54.63992,94
2025-08-23T03:00:00Z,0,7.0515003,-3.13763,54.63992,96
2025-08-23T04:00:00Z,0,7.1514997,-3.13763,54.63992,95
2025-08-23T05:00:00Z,0,7.0515003,-3.13763,54.63992,95
2025-08-23T06:00:00Z,0,7.5515003,-3.13763,54.63992,94
2025-08-23T07:00:00Z,0,8.7515,-3.13763,54.63992,94
2025-08-23T08:00:00Z,0,10.0515,-3.13763,54.63992,86
2025-08-23T09:00:00Z,0,10.9015,-3.13763,54.63992,82
2025-08-23T10:00:00Z,0,11.4015,-3.13763,54.63992,84
2025-08-23T11:00:00Z,0,11.4515,-3.13763,54.63992,84
2025-08-23T12:00:00Z,0,11.2515,-3.13763,54.63992,88
2025-08-23T13:00:00Z,0,11.2515,-3.13763,54.63992,89
2025-08-23T14:00:00Z,0,11.7515,-3.13763,54.63992,85
2025-08-23T15:00:00Z,0,12.1015005,-3.13763,54.63992,85
2025-08-23T16:00:00Z,0,11.8515005,-3.13763,54.63992,89
2025-08-23T17:00:00Z,0,11.3015,-3.13763,54.63992,91
2025-08-23T18:00:00Z,0,10.75,-3.13763,54.63992,95
2025-08-23T19:00:00Z,0,10.3,-3.13763,54.63992,96
2025-08-23T20:00:00Z,0,9.85,-3.13763,54.63992,96
2025-08-23T21:00:00Z,0,9.45,-3.13763,54.63992,95
2025-08-23T22:00:00Z,0,9.05,-3.13763,54.63992,95
2025-08-23T23:00:00Z,0,8.7,-3.13763,54.63992,95
2025-08-24T00:00:00Z,0,8.45,-3.13763,54.63992,95
2025-08-24T01:00:00Z,0,8.5,-3.13763,54.63992,94
2025-08-24T02:00:00Z,0,8.65,-3.13763,54.63992,94
2025-08-24T03:00:00Z,0,8.75,-3.13763,54.63992,93
2025-08-24T04:00:00Z,0,8.6,-3.13763,54.63992,93
2025-08-24T05:00:00Z,0,8.4,-3.13763,54.63992,94
2025-08-24T06:00:00Z,0,8.45,-3.13763,54.63992,93
2025-08-24T07:00:00Z,0,9.05,-3.13763,54.63992,91
2025-08-24T08:00:00Z,0,9.95,-3.13763,54.63992,88
2025-08-24T09:00:00Z,0,10.75,-3.13763,54.63992,85
2025-08-24T10:00:00Z,0,11.5,-3.13763,54.63992,82
2025-08-24T11:00:00Z,0,12.25,-3.13763,54.63992,80
2025-08-24T12:00:00Z,0,12.8,-3.13763,54.63992,78
2025-08-24T13:00:00Z,0,13.25,-3.13763,54.63992,76
2025-08-24T14:00:00Z,0,13.5,-3.13763,54.63992,75
2025-08-24T15:00:00Z,0,13.55,-3.13763,54.63992,75
2025-08-24T16:00:00Z,0,13.45,-3.13763,54.63992,76
2025-08-24T17:00:00Z,0,13.15,-3.13763,54.63992,77
2025-08-24T18:00:00Z,0,12.7,-3.13763,54.63992,79
2025-08-24T19:00:00Z,0,12.0,-3.13763,54.63992,81
2025-08-24T20:00:00Z,0,11.15,-3.13763,54.63992,84
2025-08-24T21:00:00Z,0,10.4,-3.13763,54.63992,86
2025-08-24T22:00:00Z,0,10.05,-3.13763,54.63992,87
2025-08-24T23:00:00Z,0,9.85,-3.13763,54.63992,87
2025-08-25T00:00:00Z,0,9.65,-3.13763,54.63992,87
2025-08-25T01:00:00Z,0,9.4,-3.13763,54.63992,87
2025-08-25T02:00:00Z,0,9.1,-3.13763,54.63992,87
2025-08-25T03:00:00Z,0,8.95,-3.13763,54.63992,87
2025-08-25T04:00:00Z,0,9.0,-3.13763,54.63992,86
2025-08-25T05:00:00Z,0,9.15,-3.13763,54.63992,85
2025-08-25T06:00:00Z,0,9.5,-3.13763,54.63992,83
2025-08-25T07:00:00Z,0,10.15,-3.13763,54.63992,80
2025-08-25T08:00:00Z,0,10.95,-3.13763,54.63992,75
2025-08-25T09:00:00Z,0,11.75,-3.13763,54.63992,72
2025-08-25T10:00:00Z,0,12.55,-3.13763,54.63992,71
2025-08-25T11:00:00Z,0,13.25,-3.13763,54.63992,70
2025-08-25T12:00:00Z,0,13.9,-3.13763,54.63992,69
2025-08-25T13:00:00Z,0,14.5,-3.13763,54.63992,66
2025-08-25T14:00:00Z,0,15.0,-3.13763,54.63992,63
2025-08-25T15:00:00Z,0,15.15,-3.13763,54.63992,62
2025-08-25T16:00:00Z,0,14.8,-3.13763,54.63992,64
2025-08-25T17:00:00Z,0,14.15,-3.13763,54.63992,67
2025-08-25T18:00:00Z,0,13.35,-3.13763,54.63992,69
2025-08-25T19:00:00Z,0,12.5,-3.13763,54.63992,69
2025-08-25T20:00:00Z,0,11.5,-3.13763,54.63992,68
2025-08-25T21:00:00Z,0,10.8,-3.13763,54.63992,68
2025-08-25T22:00:00Z,0,10.6,-3.13763,54.63992,68
2025-08-25T23:00:00Z,0,10.7,-3.13763,54.63992,69
2025-08-26T00:00:00Z,0,10.7,-3.13763,54.63992,70
2025-08-26T01:00:00Z,0,10.6,-3.13763,54.63992,72
2025-08-26T02:00:00Z,0,10.5,-3.13763,54.63992,74
2025-08-26T03:00:00Z,0,10.35,-3.13763,54.63992,75
2025-08-26T04:00:00Z,0,10.15,-3.13763,54.63992,75
2025-08-26T05:00:00Z,0,9.95,-3.13763,54.63992,74
2025-08-26T06:00:00Z,0,10.0,-3.13763,54.63992,73
2025-08-26T07:00:00Z,0,10.55,-3.13763,54.63992,73
2025-08-26T08:00:00Z,0,11.4,-3.13763,54.63992,73
2025-08-26T09:00:00Z,0,12.1,-3.13763,54.63992,74
2025-08-26T10:00:00Z,0,12.6,-3.13763,54.63992,75
2025-08-26T11:00:00Z,0,12.95,-3.13763,54.63992,76
2025-08-26T12:00:00Z,0,13.45,-3.13763,54.63992,76
2025-08-26T13:00:00Z,0,14.5,-3.13763,54.63992,72
2025-08-26T14:00:00Z,0,15.7,-3.13763,54.63992,67
2025-08-26T15:00:00Z,0,16.15,-3.13763,54.63992,65
2025-08-26T16:00:00Z,0,15.4,-3.13763,54.63992,71
2025-08-26T17:00:00Z,0,13.9,-3.13763,54.63992,81
2025-08-26T18:00:00Z,0,12.5,-3.13763,54.63992,89
2025-08-26T19:00:00Z,0,11.55,-3.13763,54.63992,94
2025-08-26T20:00:00Z,0,10.7,-3.13763,54.63992,98
2025-08-26T21:00:00Z,0,10.15,-3.13763,54.63992,100
2025-08-26T22:00:00Z,0,10.05,-3.13763,54.63992,100
2025-08-26T23:00:00Z,0,10.2,-3.13763,54.63992,100
2025-08-27T00:00:00Z,0,10.25,-3.13763,54.63992,99
2025-08-27T01:00:00Z,0,10.1,-3.13763,54.63992,99
2025-08-27T02:00:00Z,0,9.8,-3.13763,54.63992,100
2025-08-27T03:00:00Z,0,9.6,-3.13763,54.63992,100
2025-08-27T04:00:00Z,0,9.5,-3.13763,54.63992,100
2025-08-27T05:00:00Z,0,9.5,-3.13763,54.63992,100
2025-08-27T06:00:00Z,0,9.6,-3.13763,54.63992,100
2025-08-27T07:00:00Z,0,10.0,-3.13763,54.63992,97
2025-08-27T08:00:00Z,0,10.55,-3.13763,54.63992,94
2025-08-27T09:00:00Z,0,11.05,-3.13763,54.63992,90
2025-08-27T10:00:00Z,0,11.6,-3.13763,54.63992,86
2025-08-27T11:00:00Z,0,12.1,-3.13763,54.63992,83
2025-08-27T12:00:00Z,0,12.45,-3.13763,54.63992,80
2025-08-27T13:00:00Z,0,12.6,-3.13763,54.63992,79
2025-08-27T14:00:00Z,0,12.6,-3.13763,54.63992,78
2025-08-27T15:00:00Z,0,12.45,-3.13763,54.63992,78
2025-08-27T16:00:00Z,0,12.3,-3.13763,54.63992,78
2025-08-27T17:00:00Z,0,12.1,-3.13763,54.63992,79
2025-08-27T18:00:00Z,0,11.7,-3.13763,54.63992,81
2025-08-27T19:00:00Z,0,11.2,-3.13763,54.63992,83
2025-08-27T20:00:00Z,0,10.55,-3.13763,54.63992,86
2025-08-27T21:00:00Z,0,9.9,-3.13763,54.63992,89
2025-08-27T22:00:00Z,0,9.3,-3.13763,54.63992,92
2025-08-27T23:00:00Z,0,8.65,-3.13763,54.63992,95
2025-08-21T00:00:00Z,0,6.5295,-3.24725,54.60029,88
2025-08-21T01:00:00Z,0,6.5295,-3.24725,54.60029,88
2025-08-21T02:00:00Z,0,6.5794997,-3.24725,54.60029,88
2025-08-21T03:00:00Z,0,7.0795,-3.24725,54.60029,83
2025-08-21T04:00:00Z,0,6.8795,-3.24725,54.60029,83
2025-08-21T05:00:00Z,0,6.8795,-3.24725,54.60029,82
2025-08-21T06:00:00Z,0,7.9294996,-3.24725,54.60029,79
2025-08-21T07:00:00Z,0,8.2295,-3.24725,54.60029,78
2025-08-21T08:00:00Z,0,8.379499,-3.24725,54.60029,78
2025-08-21T09:00:00Z,0,8.3295,-3.24725,54.60029,81
2025-08-21T10:00:00Z,0,8.4795,-3.24725,54.60029,83
2025-08-21T11:00:00Z,0,8.7795,-3.24725,54.60029,82
2025-08-21T12:00:00Z,0,9.4795,-3.24725,54.60029,78
2025-08-21T13:00:00Z,0,10.7795,-3.24725,54.60029,77
2025-08-21T14:00:00Z,0,11.5795,-3.24725,54.60029,75
2025-08-21T15:00:00Z,0,11.0795,-3.24725,54.60029,79
2025-08-21T16:00:00Z,0,11.4795,-3.24725,54.60029,80
2025-08-21T17:00:00Z,0,10.9795,-3.24725,54.60029,84
2025-08-21T18:00:00Z,0,10.629499,-3.24725,54.60029,87
2025-08-21T19:00:00Z,0,10.129499,-3.24725,54.60029,91
2025-08-21T20:00:00Z,0,9.5795,-3.24725,54.60029,92
2025-08-21T21:00:00Z,0,9.9295,-3.24725,54.60029,90
2025-08-21T22:00:00Z,0,9.5795,-3.24725,54.60029,94
2025-08-21T23:00:00Z,0,10.0795,-3.24725,54.60029,93
2025-08-22T00:00:00Z,0,9.6795,-3.24725,54.60029,93
2025-08-22T01:00:00Z,0,10.1795,-3.24725,54.60029,92
2025-08-22T02:00:00Z,0,10.2295,-3.24725,54.60029,91
2025-08-22T03:00:00Z,0,10.129499,-3.24725,54.60029,93
2025-08-22T04:00:00Z,0,9.9795,-3.24725,54.60029,99
2025-08-22T05:00:00Z,0,10.2295,-3.24725,54.60029,100
2025-08-22T06:00:00Z,0,10.2295,-3.24725,54.60029,100
2025-08-22T07:00:00Z,0,9.9795,-3.24725,54.60029,100
2025-08-22T08:00:00Z,0,9.879499,-3.24725,54.60029,100
2025-08-22T09:00:00Z,0,9.6795,-3.24725,54.60029,100
2025-08-22T10:00:00Z,0,9.4795,-3.24725,54.60029,100
2025-08-22T11:00:00Z,0,9.7295,-3.24725,54.60029,100
2025-08-22T12:00:00Z,0,11.0795,-3.24725,54.60029,93
2025-08-22T13:00:00Z,0,11.9795,-3.24725,54.60029,84
2025-08-22T14:00:00Z,0,12.879499,-3.24725,54.60029,78
2025-08-22T15:00:00Z,0,12.9795,-3.24725,54.60029,80
2025-08-22T16:00:00Z,0,12.9295,-3.24725,54.60029,81
2025-08-22T17:00:00Z,0,12.379499,-3.24725,54.60029,84
2025-08-22T18:00:00Z,0,11.879499,-3.24725,54.60029,88
2025-08-22T19:00:00Z,0,11.2295,-3.24725,54.60029,92
2025-08-22T20:00:00Z,0,10.4295,-3.24725,54.60029,95
2025-08-22T21:00:00Z,0,10.5295,-3.24725,54.60029,90
2025-08-22T22:00:00Z,0,9.8295,-3.24725,54.60029,89
2025-08-22T23:00:00Z,0,9.5295,-3.24725,54.60029,92
2025-08-23T00:00:00Z,0,9.629499,-3.24725,54.60029,92
2025-08-23T01:00:00Z,0,9.9295,-3.24725,54.60029,91
2025-08-23T02:00:00Z,0,9.6795,-3.24725,54.60029,91
2025-08-23T03:00:00Z,0,8.879499,-3.24725,54.60029,95
2025-08-23T04:00:00Z,0,8.7795,-3.24725,54.60029,95
2025-08-23T05:00:00Z,0,8.6795,-3.24725,54.60029,95
2025-08-23T06:00:00Z,0,9.0795,-3.24725,54.60029,94
2025-08-23T07:00:00Z,0,10.379499,-3.24725,54.60029,90
2025-08-23T08:00:00Z,0,11.6795,-3.24725,54.60029,83
2025-08-23T09:00:00Z,0,12.3295,-3.24725,54.60029,82
2025-08-23T10:00:00Z,0,12.7295,-3.24725,54.60029,81
2025-08-23T11:00:00Z,0,12.2295,-3.24725,54.60029,87
2025-08-23T12:00:00Z,0,12.5295,-3.24725,54.60029,88
2025-08-23T13:00:00Z,0,13.129499,-3.24725,54.60029,85
2025-08-23T14:00:00Z,0,13.129499,-3.24725,54.60029,86
2025-08-23T15:00:00Z,0,13.0795,-3.24725,54.60029,88
2025-08-23T16:00:00Z,0,12.7795,-3.24725,54.60029,89
2025-08-23T17:00:00Z,0,12.4295,-3.24725,54.60029,91
2025-08-23T18:00:00Z,0,12.1,-3.24725,54.60029,95
2025-08-23T19:00:00Z,0,11.65,-3.24725,54.60029,96
2025-08-23T20:00:00Z,0,11.2,-3.24725,54.60029,96
2025-08-23T21:00:00Z,0,10.8,-3.24725,54.60029,95
2025-08-23T22:00:00Z,0,10.4,-3.24725,54.60029,95
2025-08-23T23:00:00Z,0,10.05,-3.24725,54.60029,95
2025-08-24T00:00:00Z,0,9.8,-3.24725,54.60029,95
2025-08-24T01:00:00Z,0,9.85,-3.24725,54.60029,94
2025-08-24T02:00:00Z,0,10.0,-3.24725,54.60029,94
2025-08-24T03:00:00Z,0,10.1,-3.24725,54.60029,93
2025-08-24T04:00:00Z,0,9.95,-3.24725,54.60029,93
2025-08-24T05:00:00Z,0,9.75,-3.24725,54.60029,94
2025-08-24T06:00:00Z,0,9.8,-3.24725,54.60029,93
2025-08-24T07:00:00Z,0,10.4,-3.24725,54.60029,91
2025-08-24T08:00:00Z,0,11.3,-3.24725,54.60029,88
2025-08-24T09:00:00Z,0,12.1,-3.24725,54.60029,85
2025-08-24T10:00:00Z,0,12.85,-3.24725,54.60029,82
2025-08-24T11:00:00Z,0,13.6,-3.24725,54.60029,80
2025-08-24T12:00:00Z,0,14.15,-3.24725,54.60029,78
2025-08-24T13:00:00Z,0,14.6,-3.24725,54.60029,76
2025-08-24T14:00:00Z,0,14.85,-3.24725,54.60029,75
2025-08-24T15:00:00Z,0,14.9,-3.24725,54.60029,75
2025-08-24T16:00:00Z,0,14.8,-3.24725,54.60029,76
2025-08-24T17:00:00Z,0,14.5,-3.24725,54.60029,77
2025-08-24T18:00:00Z,0,14.05,-3.24725,54.60029,79
2025-08-24T19:00:00Z,0,13.35,-3.24725,54.60029,81
2025-08-24T20:00:00Z,0,12.5,-3.24725,54.60029,84
2025-08-24T21:00:00Z,0,11.75,-3.24725,54.60029,86
2025-08-24T22:00:00Z,0,11.4,-3.24725,54.60029,87
2025-08-24T23:00:00Z,0,11.2,-3.24725,54.60029,87
2025-08-25T00:00:00Z,0,11.0,-3.24725,54.60029,87
2025-08-25T01:00:00Z,0,10.75,-3.24725,54.60029,87
2025-08-25T02:00:00Z,0,10.45,-3.24725,54.60029,87
2025-08-25T03:00:00Z,0,10.3,-3.24725,54.60029,87
2025-08-25T04:00:00Z,0,10.35,-3.24725,54.60029,86
2025-08-25T05:00:00Z,0,10.5,-3.24725,54.60029,85
2025-08-25T06:00:00Z,0,10.85,-3.24725,54.60029,83
2025-08-25T07:00:00Z,0,11.5,-3.24725,54.60029,80
2025-08-25T08:00:00Z,0,12.3,-3.24725,54.60029,75
2025-08-25T09:00:00Z,0,13.1,-3.24725,54.60029,72
2025-08-25T10:00:00Z,0,13.9,-3.24725,54.60029,71
2025-08-25T11:00:00Z,0,14.65,-3.24725,54.60029,70
2025-08-25T12:00:00Z,0,15.25,-3.24725,54.60029,69
2025-08-25T13:00:00Z,0,15.85,-3.24725,54.60029,66
2025-08-25T14:00:00Z,0,16.35,-3.24725,54.60029,63
2025-08-25T15:00:00Z,0,16.5,-3.24725,54.60029,62
2025-08-25T16:00:00Z,0,16.2,-3.24725,54.60029,64
2025-08-25T17:00:00Z,0,15.5,-3.24725,54.60029,67
2025-08-25T18:00:00Z,0,14.7,-3.24725,54.60029,69
2025-08-25T19:00:00Z,0,13.85,-3.24725,54.60029,69
2025-08-25T20:00:00Z,0,12.85,-3.24725,54.60029,68
2025-08-25T21:00:00Z,0,12.15,-3.24725,54.60029,68
2025-08-25T22:00:00Z,0,11.95,-3.24725,54.60029,68
2025-08-25T23:00:00Z,0,12.05,-3.24725,54.60029,69
2025-08-26T00:00:00Z,0,12.05,-3.24725,54.60029,70
2025-08-26T01:00:00Z,0,11.95,-3.24725,54.60029,72
2025-08-26T02:00:00Z,0,11.85,-3.24725,54.60029,74
2025-08-26T03:00:00Z,0,11.7,-3.24725,54.60029,75
2025-08-26T04:00:00Z,0,11.5,-3.24725,54.60029,75
2025-08-26T05:00:00Z,0,11.3,-3.24725,54.60029,74
2025-08-26T06:00:00Z,0,11.35,-3.24725,54.60029,73
2025-08-26T07:00:00Z,0,11.9,-3.24725,54.60029,73
2025-08-26T08:00:00Z,0,12.75,-3.24725,54.60029,73
2025-08-26T09:00:00Z,0,13.45,-3.24725,54.60029,74
2025-08-26T10:00:00Z,0,13.95,-3.24725,54.60029,75
2025-08-26T11:00:00Z,0,14.3,-3.24725,54.60029,76
2025-08-26T12:00:00Z,0,14.8,-3.24725,54.60029,76
2025-08-26T13:00:00Z,0,15.85,-3.24725,54.60029,72
2025-08-26T14:00:00Z,0,17.05,-3.24725,54.60029,67
2025-08-26T15:00:00Z,0,17.5,-3.24725,54.60029,65
2025-08-26T16:00:00Z,0,16.75,-3.24725,54.60029,71
2025-08-26T17:00:00Z,0,15.25,-3.24725,54.60029,81
2025-08-26T18:00:00Z,0,13.85,-3.24725,54.60029,89
2025-08-26T19:00:00Z,0,12.9,-3.24725,54.60029,94
2025-08-26T20:00:00Z,0,12.1,-3.24725,54.60029,98
2025-08-26T21:00:00Z,0,11.5,-3.24725,54.60029,100
2025-08-26T22:00:00Z,0,11.4,-3.24725,54.60029,100
2025-08-26T23:00:00Z,0,11.55,-3.24725,54.60029,100
2025-08-27T00:00:00Z,0,11.6,-3.24725,54.60029,99
2025-08-27T01:00:00Z,0,11.45,-3.24725,54.60029,99
2025-08-27T02:00:00Z,0,11.15,-3.24725,54.60029,100
2025-08-27T03:00:00Z,0,10.95,-3.24725,54.60029,100
2025-08-27T04:00:00Z,0,10.85,-3.24725,54.60029,100
2025-08-27T05:00:00Z,0,10.85,-3.24725,54.60029,100
2025-08-27T06:00:00Z,0,10.95,-3.24725,54.60029,100
2025-08-27T07:00:00Z,0,11.35,-3.24725,54.60029,97
2025-08-27T08:00:00Z,0,11.9,-3.24725,54.60029,94
2025-08-27T09:00:00Z,0,12.4,-3.24725,54.60029,90
2025-08-27T10:00:00Z,0,12.95,-3.24725,54.60029,86
2025-08-27T11:00:00Z,0,13.45,-3.24725,54.60029,83
2025-08-27T12:00:00Z,0,13.8,-3.24725,54.60029,80
2025-08-27T13:00:00Z,0,13.95,-3.24725,54.60029,79
2025-08-27T14:00:00Z,0,13.95,-3.24725,54.60029,78
2025-08-27T15:00:00Z,0,13.8,-3.24725,54.60029,78
2025-08-27T16:00:00Z,0,13.65,-3.24725,54.60029,78
2025-08-27T17:00:00Z,0,13.45,-3.24725,54.60029,79
2025-08-27T18:00:00Z,0,13.05,-3.24725,54.60029,81
2025-08-27T19:00:00Z,0,12.55,-3.24725,54.60029,83
2025-08-27T20:00:00Z,0,11.9,-3.24725,54.60029,86
2025-08-27T21:00:00Z,0,11.25,-3.24725,54.60029,89
2025-08-27T22:00:00Z,0,10.65,-3.24725,54.60029,92
2025-08-27T23:00:00Z,0,10.0,-3.24725,54.60029,95
2025-08-21T00:00:00Z,0,6.0085,-3.12321,54.64751,92
2025-08-21T01:00:00Z,0,6.0085,-3.12321,54.64751,93
2025-08-21T02:00:00Z,0,6.2585,-3.12321,54.64751,92
2025-08-21T03:00:00Z,0,6.8085003,-3.12321,54.64751,86
2025-08-21T04:00:00Z,0,6.3085003,-3.12321,54.64751,86
2025-08-21T05:00:00Z,0,6.6085,-3.12321,54.64751,84
2025-08-21T06:00:00Z,0,7.8585,-3.12321,54.64751,81
2025-08-21T07:00:00Z,0,8.2085,-3.12321,54.64751,81
2025-08-21T08:00:00Z,0,8.2085,-3.12321,54.64751,83
2025-08-21T09:00:00Z,0,8.1585,-3.12321,54.64751,85
2025-08-21T10:00:00Z,0,8.2085,-3.12321,54.64751,86
2025-08-21T11:00:00Z,0,8.3585,-3.12321,54.64751,87
2025-08-21T12:00:00Z,0,8.6085,-3.12321,54.64751,86
2025-08-21T13:00:00Z,0,9.808499,-3.12321,54.64751,83
2025-08-21T14:00:00Z,0,10.9085,-3.12321,54.64751,81
2025-08-21T15:00:00Z,0,11.4085,-3.12321,54.64751,79
2025-08-21T16:00:00Z,0,10.6085,-3.12321,54.64751,85
2025-08-21T17:00:00Z,0,10.8585,-3.12321,54.64751,86
2025-08-21T18:00:00Z,0,10.3585,-3.12321,54.64751,89
2025-08-21T19:00:00Z,0,9.9585,-3.12321,54.64751,92
2025-08-21T20:00:00Z,0,9.1585,-3.12321,54.64751,97
2025-08-21T21:00:00Z,0,8.9585,-3.12321,54.64751,96
2025-08-21T22:00:00Z,0,9.058499,-3.12321,54.64751,96
2025-08-21T23:00:00Z,0,9.308499,-3.12321,54.64751,98
2025-08-22T00:00:00Z,0,9.3585,-3.12321,54.64751,97
2025-08-22T01:00:00Z,0,9.5085,-3.12321,54.64751,97
2025-08-22T02:00:00Z,0,9.7585,-3.12321,54.64751,96
2025-08-22T03:00:00Z,0,9.8585,-3.12321,54.64751,96
2025-08-22T04:00:00Z,0,9.7585,-3.12321,54.64751,100
2025-08-22T05:00:00Z,0,10.2085,-3.12321,54.64751,100
2025-08-22T06:00:00Z,0,10.0085,-3.12321,54.64751,100
2025-08-22T07:00:00Z,0,9.4085,-3.12321,54.64751,100
2025-08-22T08:00:00Z,0,8.9585,-3.12321,54.64751,100
2025-08-22T09:00:00Z,0,8.9585,-3.12321,54.64751,100
2025-08-22T10:00:00Z,0,9.3585,-3.12321,54.64751,100
2025-08-22T11:00:00Z,0,10.0085,-3.12321,54.64751,100
2025-08-22T12:00:00Z,0,10.7085,-3.12321,54.64751,97
2025-08-22T13:00:00Z,0,11.9585,-3.12321,54.64751,84
2025-08-22T14:00:00Z,0,12.7585,-3.12321,54.64751,79
2025-08-22T15:00:00Z,0,13.1085,-3.12321,54.64751,78
2025-08-22T16:00:00Z,0,13.1585,-3.12321,54.64751,77
2025-08-22T17:00:00Z,0,12.6585,-3.12321,54.64751,81
2025-08-22T18:00:00Z,0,12.058499,-3.12321,54.64751,88
2025-08-22T19:00:00Z,0,11.6085,-3.12321,54.64751,91
2025-08-22T20:00:00Z,0,10.7085,-3.12321,54.64751,93
2025-08-22T21:00:00Z,0,10.1085,-3.12321,54.64751,90
2025-08-22T22:00:00Z,0,9.3585,-3.12321,54.64751,92
2025-08-22T23:00:00Z,0,9.2085,-3.12321,54.64751,94
2025-08-23T00:00:00Z,0,9.2585,-3.12321,54.64751,94
2025-08-23T01:00:00Z,0,9.4585,-3.12321,54.64751,92
2025-08-23T02:00:00Z,0,8.8585,-3.12321,54.64751,94
2025-08-23T03:00:00Z,0,8.2085,-3.12321,54.64751,96
2025-08-23T04:00:00Z,0,8.308499,-3.12321,54.64751,95
2025-08-23T05:00:00Z,0,8.2085,-3.12321,54.64751,95
2025-08-23T06:00:00Z,0,8.7085,-3.12321,54.64751,94
2025-08-23T07:00:00Z,0,9.9085,-3.12321,54.64751,94
2025-08-23T08:00:00Z,0,11.2085,-3.12321,54.64751,86
2025-08-23T09:00:00Z,0,12.058499,-3.12321,54.64751,82
2025-08-23T10:00:00Z,0,12.558499,-3.12321,54.64751,84
2025-08-23T11:00:00Z,0,12.6085,-3.12321,54.64751,84
2025-08-23T12:00:00Z,0,12.4085,-3.12321,54.64751,88
2025-08-23T13:00:00Z,0,12.4085,-3.12321,54.64751,89
2025-08-23T14:00:00Z,0,12.9085,-3.12321,54.64751,85
2025-08-23T15:00:00Z,0,13.2585,-3.12321,54.64751,85
2025-08-23T16:00:00Z,0,13.0085,-3.12321,54.64751,89
2025-08-23T17:00:00Z,0,12.4585,-3.12321,54.64751,91
2025-08-23T18:00:00Z,0,11.95,-3.12321,54.64751,95
2025-08-23T19:00:00Z,0,11.45,-3.12321,54.64751,96
2025-08-23T20:00:00Z,0,11.0,-3.12321,54.64751,96
2025-08-23T21:00:00Z,0,10.65,-3.12321,54.64751,95
2025-08-23T22:00:00Z,0,10.2,-3.12321,54.64751,95
2025-08-23T23:00:00Z,0,9.85,-3.12321,54.64751,95
2025-08-24T00:00:00Z,0,9.65,-3.12321,54.64751,95
2025-08-24T01:00:00Z,0,9.65,-3.12321,54.64751,94
2025-08-24T02:00:00Z,0,9.8,-3.12321,54.64751,94
2025-08-24T03:00:00Z,0,9.95,-3.12321,54.64751,93
2025-08-24T04:00:00Z,0,9.8,-3.12321,54.64751,93
2025-08-24T05:00:00Z,0,9.55,-3.12321,54.64751,94
2025-08-24T06:00:00Z,0,9.65,-3.12321,54.64751,93
2025-08-24T07:00:00Z,0,10.2,-3.12321,54.64751,91
2025-08-24T08:00:00Z,0,11.1,-3.12321,54.64751,88
2025-08-24T09:00:00Z,0,11.95,-3.12321,54.64751,85
2025-08-24T10:00:00Z,0,12.7,-3.12321,54.64751,82
2025-08-24T11:00:00Z,0,13.4,-3.12321,54.64751,80
2025-08-24T12:00:00Z,0,14.0,-3.12321,54.64751,78
2025-08-24T13:00:00Z,0,14.4,-3.12321,54.64751,76
2025-08-24T14:00:00Z,0,14.65,-3.12321,54.64751,75
2025-08-24T15:00:00Z,0,14.75,-3.12321,54.64751,75
2025-08-24T16:00:00Z,0,14.6,-3.12321,54.64751,76
2025-08-24T17:00:00Z,0,14.35,-3.12321,54.64751,77
2025-08-24T18:00:00Z,0,13.9,-3.12321,54.64751,79
2025-08-24T19:00:00Z,0,13.15,-3.12321,54.64751,81
2025-08-24T20:00:00Z,0,12.3,-3.12321,54.64751,84
2025-08-24T21:00:00Z,0,11.6,-3.12321,54.64751,86
2025-08-24T22:00:00Z,0,11.2,-3.12321,54.64751,87
2025-08-24T23:00:00Z,0,11.0,-3.12321,54.64751,87
2025-08-25T00:00:00Z,0,10.85,-3.12321,54.64751,87
2025-08-25T01:00:00Z,0,10.55,-3.12321,54.64751,87
2025-08-25T02:00:00Z,0,10.25,-3.12321,54.64751,87
2025-08-25T03:00:00Z,0,10.15,-3.12321,54.64751,87
2025-08-25T04:00:00Z,0,10.15,-3.12321,54.64751,86
2025-08-25T05:00:00Z,0,10.3,-3.12321,54.64751,85
2025-08-25T06:00:00Z,0,10.7,-3.12321,54.64751,83
2025-08-25T07:00:00Z,0,11.3,-3.12321,54.64751,80
2025-08-25T08:00:00Z,0,12.1,-3.12321,54.64751,75
2025-08-25T09:00:00Z,0,12.95,-3.12321,54.64751,72
2025-08-25T10:00:00Z,0,13.7,-3.12321,54.64751,71
2025-08-25T11:00:00Z,0,14.45,-3.12321,54.64751,70
2025-08-25T12:00:00Z,0,15.1,-3.12321,54.64751,69
2025-08-25T13:00:00Z,0,15.65,-3.12321,54.64751,66
2025-08-25T14:00:00Z,0,16.15,-3.12321,54.64751,63
2025-08-25T15:00:00Z,0,16.35,-3.12321,54.64751,62
2025-08-25T16:00:00Z,0,16.0,-3.12321,54.64751,64
2025-08-25T17:00:00Z,0,15.3,-3.12321,54.64751,67
2025-08-25T18:00:00Z,0,14.55,-3.12321,54.64751,69
2025-08-25T19:00:00Z,0,13.65,-3.12321,54.64751,69
2025-08-25T20:00:00Z,0,12.65,-3.12321,54.64751,68
2025-08-25T21:00:00Z,0,12.0,-3.12321,54.64751,68
2025-08-25T22:00:00Z,0,11.75,-3.12321,54.64751,68
2025-08-25T23:00:00Z,0,11.85,-3.12321,54.64751,69
2025-08-26T00:00:00Z,0,11.9,-3.12321,54.64751,70
2025-08-26T01:00:00Z,0,11.8,-3.12321,54.64751,72
2025-08-26T02:00:00Z,0,11.65,-3.12321,54.64751,74
2025-08-26T03:00:00Z,0,11.55,-3.12321,54.64751,75
2025-08-26T04:00:00Z,0,11.3,-3.12321,54.64751,75
2025-08-26T05:00:00Z,0,11.1,-3.12321,54.64751,74
2025-08-26T06:00:00Z,0,11.2,-3.12321,54.64751,73
2025-08-26T07:00:00Z,0,11.7,-3.12321,54.64751,73
2025-08-26T08:00:00Z,0,12.55,-3.12321,54.64751,73
2025-08-26T09:00:00Z,0,13.3,-3.12321,54.64751,74
2025-08-26T10:00:00Z,0,13.75,-3.12321,54.64751,75
2025-08-26T11:00:00Z,0,14.1,-3.12321,54.64751,76
2025-08-26T12:00:00Z,0,14.65,-3.12321,54.64751,76
2025-08-26T13:00:00Z,0,15.65,-3.12321,54.64751,72
2025-08-26T14:00:00Z,0,16.85,-3.12321,54.64751,67
2025-08-26T15:00:00Z,0,17.35,-3.12321,54.64751,65
2025-08-26T16:00:00Z,0,16.55,-3.12321,54.64751,71
2025-08-26T17:00:00Z,0,15.05,-3.12321,54.64751,81
2025-08-26T18:00:00Z,0,13.7,-3.12321,54.64751,89
2025-08-26T19:00:00Z,0,12.7,-3.12321,54.64751,94
2025-08-26T20:00:00Z,0,11.9,-3.12321,54.64751,98
2025-08-26T21:00:00Z,0,11.35,-3.12321,54.64751,100
2025-08-26T22:00:00Z,0,11.2,-3.12321,54.64751,100
2025-08-26T23:00:00Z,0,11.35,-3.12321,54.64751,100
2025-08-27T00:00:00Z,0,11.45,-3.12321,54.64751,99
2025-08-27T01:00:00Z,0,11.25,-3.12321,54.64751,99
2025-08-27T02:00:00Z,0,10.95,-3.12321,54.64751,100
2025-08-27T03:00:00Z,0,10.8,-3.12321,54.64751,100
2025-08-27T04:00:00Z,0,10.7,-3.12321,54.64751,100
2025-08-27T05:00:00Z,0,10.65,-3.12321,54.64751,100
2025-08-27T06:00:00Z,0,10.8,-3.12321,54.64751,100
2025-08-27T07:00:00Z,0,11.15,-3.12321,54.64751,97
2025-08-27T08:00:00Z,0,11.7,-3.12321,54.64751,94
2025-08-27T09:00:00Z,0,12.25,-3.12321,54.64751,90
2025-08-27T10:00:00Z,0,12.75,-3.12321,54.64751,86
2025-08-27T11:00:00Z,0,13.25,-3.12321,54.64751,83
2025-08-27T12:00:00Z,0,13.65,-3.12321,54.64751,80
2025-08-27T13:00:00Z,0,13.75,-3.12321,54.64751,79
2025-08-27T14:00:00Z,0,13.75,-3.12321,54.64751,78
2025-08-27T15:00:00Z,0,13.65,-3.12321,54.64751,78
2025-08-27T16:00:00Z,0,13.45,-3.12321,54.64751,78
2025-08-27T17:00:00Z,0,13.25,-3.12321,54.64751,79
2025-08-27T18:00:00Z,0,12.9,-3.12321,54.64751,81
2025-08-27T19:00:00Z,0,12.35,-3.12321,54.64751,83
2025-08-27T20:00:00Z,0,11.7,-3.12321,54.64751,86
2025-08-27T21:00:00Z,0,11.1,-3.12321,54.64751,89
2025-08-27T22:00:00Z,0,10.45,-3.12321,54.64751,92
2025-08-27T23:00:00Z,0,9.8,-3.12321,54.64751,95
2025-08-21T00:00:00Z,0,8.021501,-3.34511,54.60584,84
2025-08-21T01:00:00Z,0,7.9215,-3.34511,54.60584,85
2025-08-21T02:00:00Z,0,7.8215,-3.34511,54.60584,85
2025-08-21T03:00:00Z,0,8.6215,-3.34511,54.60584,78
2025-08-21T04:00:00Z,0,8.021501,-3.34511,54.60584,81
2025-08-21T05:00:00Z,0,7.2714996,-3.34511,54.60584,84
2025-08-21T06:00:00Z,0,8.4215,-3.34511,54.60584,83
2025-08-21T07:00:00Z,0,9.021501,-3.34511,54.60584,81
2025-08-21T08:00:00Z,0,9.2215,-3.34511,54.60584,82
2025-08-21T09:00:00Z,0,9.4215,-3.34511,54.60584,83
2025-08-21T10:00:00Z,0,9.6715,-3.34511,54.60584,82
2025-08-21T11:00:00Z,0,10.1215,-3.34511,54.60584,78
2025-08-21T12:00:00Z,0,10.8715,-3.34511,54.60584,75
2025-08-21T13:00:00Z,0,11.9715,-3.34511,54.60584,75
2025-08-21T14:00:00Z,0,13.1715,-3.34511,54.60584,74
2025-08-21T15:00:00Z,0,12.9215,-3.34511,54.60584,77
2025-08-21T16:00:00Z,0,12.9715,-3.34511,54.60584,78
2025-08-21T17:00:00Z,0,12.4715,-3.34511,54.60584,81
2025-08-21T18:00:00Z,0,12.271501,-3.34511,54.60584,83
2025-08-21T19:00:00Z,0,11.771501,-3.34511,54.60584,88
2025-08-21T20:00:00Z,0,11.1715,-3.34511,54.60584,88
2025-08-21T21:00:00Z,0,11.2215,-3.34511,54.60584,87
2025-08-21T22:00:00Z,0,10.9215,-3.34511,54.60584,90
2025-08-21T23:00:00Z,0,11.1215,-3.34511,54.60584,92
2025-08-22T00:00:00Z,0,10.771501,-3.34511,54.60584,93
2025-08-22T01:00:00Z,0,11.1715,-3.34511,54.60584,91
2025-08-22T02:00:00Z,0,11.3715,-3.34511,54.60584,89
2025-08-22T03:00:00Z,0,11.4715,-3.34511,54.60584,91
2025-08-22T04:00:00Z,0,11.3715,-3.34511,54.60584,95
2025-08-22T05:00:00Z,0,11.4215,-3.34511,54.60584,100
2025-08-22T06:00:00Z,0,11.4715,-3.34511,54.60584,100
2025-08-22T07:00:00Z,0,11.271501,-3.34511,54.60584,100
2025-08-22T08:00:00Z,0,11.2215,-3.34511,54.60584,100
2025-08-22T09:00:00Z,0,11.021501,-3.34511,54.60584,100
2025-08-22T10:00:00Z,0,10.8215,-3.34511,54.60584,100
2025-08-22T11:00:00Z,0,11.3715,-3.34511,54.60584,99
2025-08-22T12:00:00Z,0,12.521501,-3.34511,54.60584,90
2025-08-22T13:00:00Z,0,13.4715,-3.34511,54.60584,82
2025-08-22T14:00:00Z,0,14.4215,-3.34511,54.60584,76
2025-08-22T15:00:00Z,0,14.6215,-3.34511,54.60584,78
2025-08-22T16:00:00Z,0,14.6215,-3.34511,54.60584,78
2025-08-22T17:00:00Z,0,14.1215,-3.34511,54.60584,79
2025-08-22T18:00:00Z,0,13.5715,-3.34511,54.60584,84
2025-08-22T19:00:00Z,0,12.9215,-3.34511,54.60584,88
2025-08-22T20:00:00Z,0,11.1715,-3.34511,54.60584,93
2025-08-22T21:00:00Z,0,10.521501,-3.34511,54.60584,91
2025-08-22T22:00:00Z,0,9.8215,-3.34511,54.60584,91
2025-08-22T23:00:00Z,0,9.771501,-3.34511,54.60584,91
2025-08-23T00:00:00Z,0,10.1215,-3.34511,54.60584,92
2025-08-23T01:00:00Z,0,10.7215,-3.34511,54.60584,91
2025-08-23T02:00:00Z,0,10.5715,-3.34511,54.60584,91
2025-08-23T03:00:00Z,0,9.6715,-3.34511,54.60584,93
2025-08-23T04:00:00Z,0,9.6215,-3.34511,54.60584,94
2025-08-23T05:00:00Z,0,9.6215,-3.34511,54.60584,94
2025-08-23T06:00:00Z,0,10.271501,-3.34511,54.60584,92
2025-08-23T07:00:00Z,0,11.8715,-3.34511,54.60584,89
2025-08-23T08:00:00Z,0,13.1715,-3.34511,54.60584,83
2025-08-23T09:00:00Z,0,13.6215,-3.34511,54.60584,82
2025-08-23T10:00:00Z,0,13.9715,-3.34511,54.60584,83
2025-08-23T11:00:00Z,0,13.4215,-3.34511,54.60584,84
2025-08-23T12:00:00Z,0,14.0715,-3.34511,54.60584,85
2025-08-23T13:00:00Z,0,14.7215,-3.34511,54.60584,81
2025-08-23T14:00:00Z,0,14.6215,-3.34511,54.60584,83
2025-08-23T15:00:00Z,0,14.4215,-3.34511,54.60584,84
2025-08-23T16:00:00Z,0,14.1715,-3.34511,54.60584,86
2025-08-23T17:00:00Z,0,13.8215,-3.34511,54.60584,87
2025-08-23T18:00:00Z,0,14.25,-3.34511,54.60584,84
2025-08-23T19:00:00Z,0,13.55,-3.34511,54.60584,88
2025-08-23T20:00:00Z,0,12.75,-3.34511,54.60584,93
2025-08-23T21:00:00Z,0,12.15,-3.34511,54.60584,95
2025-08-23T22:00:00Z,0,11.9,-3.34511,54.60584,94
2025-08-23T23:00:00Z,0,11.85,-3.34511,54.60584,91
2025-08-24T00:00:00Z,0,11.85,-3.34511,54.60584,89
2025-08-24T01:00:00Z,0,11.95,-3.34511,54.60584,88
2025-08-24T02:00:00Z,0,12.05,-3.34511,54.60584,87
2025-08-24T03:00:00Z,0,12.1,-3.34511,54.60584,87
2025-08-24T04:00:00Z,0,11.9,-3.34511,54.60584,88
2025-08-24T05:00:00Z,0,11.6,-3.34511,54.60584,89
2025-08-24T06:00:00Z,0,11.6,-3.34511,54.60584,89
2025-08-24T07:00:00Z,0,12.2,-3.34511,54.60584,88
2025-08-24T08:00:00Z,0,13.05,-3.34511,54.60584,86
2025-08-24T09:00:00Z,0,13.9,-3.34511,54.60584,84
2025-08-24T10:00:00Z,0,14.75,-3.34511,54.60584,81
2025-08-24T11:00:00Z,0,15.6,-3.34511,54.60584,79
2025-08-24T12:00:00Z,0,16.25,-3.34511,54.60584,76
2025-08-24T13:00:00Z,0,16.75,-3.34511,54.60584,73
2025-08-24T14:00:00Z,0,17.05,-3.34511,54.60584,71
2025-08-24T15:00:00Z,0,17.15,-3.34511,54.60584,70
2025-08-24T16:00:00Z,0,17.05,-3.34511,54.60584,71
2025-08-24T17:00:00Z,0,16.75,-3.34511,54.60584,73
2025-08-24T18:00:00Z,0,16.2,-3.34511,54.60584,76
2025-08-24T19:00:00Z,0,15.35,-3.34511,54.60584,79
2025-08-24T20:00:00Z,0,14.25,-3.34511,54.60584,83
2025-08-24T21:00:00Z,0,13.45,-3.34511,54.60584,85
2025-08-24T22:00:00Z,0,13.3,-3.34511,54.60584,85
2025-08-24T23:00:00Z,0,13.4,-3.34511,54.60584,84
2025-08-25T00:00:00Z,0,13.4,-3.34511,54.60584,83
2025-08-25T01:00:00Z,0,13.2,-3.34511,54.60584,83
2025-08-25T02:00:00Z,0,12.9,-3.34511,54.60584,82
2025-08-25T03:00:00Z,0,12.6,-3.34511,54.60584,82
2025-08-25T04:00:00Z,0,12.35,-3.34511,54.60584,81
2025-08-25T05:00:00Z,0,12.1,-3.34511,54.60584,80
2025-08-25T06:00:00Z,0,12.2,-3.34511,54.60584,79
2025-08-25T07:00:00Z,0,12.85,-3.34511,54.60584,77
2025-08-25T08:00:00Z,0,13.85,-3.34511,54.60584,74
2025-08-25T09:00:00Z,0,14.75,-3.34511,54.60584,72
2025-08-25T10:00:00Z,0,15.55,-3.34511,54.60584,70
2025-08-25T11:00:00Z,0,16.25,-3.34511,54.60584,68
2025-08-25T12:00:00Z,0,16.85,-3.34511,54.60584,66
2025-08-25T13:00:00Z,0,17.45,-3.34511,54.60584,63
2025-08-25T14:00:00Z,0,17.95,-3.34511,54.60584,60
2025-08-25T15:00:00Z,0,18.1,-3.34511,54.60584,59
2025-08-25T16:00:00Z,0,17.75,-3.34511,54.60584,61
2025-08-25T17:00:00Z,0,17.05,-3.34511,54.60584,65
2025-08-25T18:00:00Z,0,16.3,-3.34511,54.60584,67
2025-08-25T19:00:00Z,0,15.65,-3.34511,54.60584,66
2025-08-25T20:00:00Z,0,15.05,-3.34511,54.60584,64
2025-08-25T21:00:00Z,0,14.55,-3.34511,54.60584,63
2025-08-25T22:00:00Z,0,14.4,-3.34511,54.60584,62
2025-08-25T23:00:00Z,0,14.45,-3.34511,54.60584,62
2025-08-26T00:00:00Z,0,14.4,-3.34511,54.60584,63
2025-08-26T01:00:00Z,0,14.2,-3.34511,54.60584,65
2025-08-26T02:00:00Z,0,13.95,-3.34511,54.60584,69
2025-08-26T03:00:00Z,0,13.65,-3.34511,54.60584,71
2025-08-26T04:00:00Z,0,13.35,-3.34511,54.60584,72
2025-08-26T05:00:00Z,0,13.0,-3.34511,54.60584,71
2025-08-26T06:00:00Z,0,12.9,-3.34511,54.60584,71
2025-08-26T07:00:00Z,0,13.3,-3.34511,54.60584,72
2025-08-26T08:00:00Z,0,14.0,-3.34511,54.60584,72
2025-08-26T09:00:00Z,0,14.65,-3.34511,54.60584,73
2025-08-26T10:00:00Z,0,15.3,-3.34511,54.60584,74
2025-08-26T11:00:00Z,0,15.9,-3.34511,54.60584,75
2025-08-26T12:00:00Z,0,16.5,-3.34511,54.60584,75
2025-08-26T13:00:00Z,0,17.3,-3.34511,54.60584,71
2025-08-26T14:00:00Z,0,18.1,-3.34511,54.60584,67
2025-08-26T15:00:00Z,0,18.3,-3.34511,54.60584,66
2025-08-26T16:00:00Z,0,17.55,-3.34511,54.60584,73
2025-08-26T17:00:00Z,0,16.2,-3.34511,54.60584,84
2025-08-26T18:00:00Z,0,15.0,-3.34511,54.60584,93
2025-08-26T19:00:00Z,0,14.3,-3.34511,54.60584,96
2025-08-26T20:00:00Z,0,13.8,-3.34511,54.60584,97
2025-08-26T21:00:00Z,0,13.4,-3.34511,54.60584,97
2025-08-26T22:00:00Z,0,13.15,-3.34511,54.60584,98
2025-08-26T23:00:00Z,0,13.0,-3.34511,54.60584,98
2025-08-27T00:00:00Z,0,12.85,-3.34511,54.60584,98
2025-08-27T01:00:00Z,0,12.65,-3.34511,54.60584,99
2025-08-27T02:00:00Z,0,12.4,-3.34511,54.60584,100
2025-08-27T03:00:00Z,0,12.2,-3.34511,54.60584,100
2025-08-27T04:00:00Z,0,12.1,-3.34511,54.60584,100
2025-08-27T05:00:00Z,0,12.05,-3.34511,54.60584,100
2025-08-27T06:00:00Z,0,12.1,-3.34511,54.60584,99
2025-08-27T07:00:00Z,0,12.35,-3.34511,54.60584,97
2025-08-27T08:00:00Z,0,12.7,-3.34511,54.60584,95
2025-08-27T09:00:00Z,0,13.05,-3.34511,54.60584,92
2025-08-27T10:00:00Z,0,13.45,-3.34511,54.60584,90
2025-08-27T11:00:00Z,0,13.85,-3.34511,54.60584,87
2025-08-27T12:00:00Z,0,14.15,-3.34511,54.60584,85
2025-08-27T13:00:00Z,0,14.4,-3.34511,54.60584,84
2025-08-27T14:00:00Z,0,14.5,-3.34511,54.60584,83
2025-08-27T15:00:00Z,0,14.55,-3.34511,54.60584,82
2025-08-27T16:00:00Z,0,14.55,-3.34511,54.60584,82
2025-08-27T17:00:00Z,0,14.5,-3.34511,54.60584,81
2025-08-27T18:00:00Z,0,14.25,-3.34511,54.60584,82
2025-08-27T19:00:00Z,0,13.8,-3.34511,54.60584,84
2025-08-27T20:00:00Z,0,13.2,-3.34511,54.60584,86
2025-08-27T21:00:00Z,0,12.6,-3.34511,54.60584,89
2025-08-27T22:00:00Z,0,12.0,-3.34511,54.60584,92
2025-08-27T23:00:00Z,0,11.4,-3.34511,54.60584,95
2025-08-21T00:00:00Z,0,6.5575,-3.11474,54.75207,91
2025-08-21T01:00:00Z,0,6.5575,-3.11474,54.75207,92
2025-08-21T02:00:00Z,0,6.8575,-3.11474,54.75207,90
2025-08-21T03:00:00Z,0,7.6575,-3.11474,54.75207,86
2025-08-21T04:00:00Z,0,8.5075,-3.11474,54.75207,83
2025-08-21T05:00:00Z,0,8.8575,-3.11474,54.75207,79
2025-08-21T06:00:00Z,0,8.907499,-3.11474,54.75207,82
2025-08-21T07:00:00Z,0,9.2575,-3.11474,54.75207,82
2025-08-21T08:00:00Z,0,9.4575,-3.11474,54.75207,83
2025-08-21T09:00:00Z,0,9.557501,-3.11474,54.75207,84
2025-08-21T10:00:00Z,0,9.807501,-3.11474,54.75207,83
2025-08-21T11:00:00Z,0,10.2575,-3.11474,54.75207,81
2025-08-21T12:00:00Z,0,10.7575,-3.11474,54.75207,80
2025-08-21T13:00:00Z,0,11.7075,-3.11474,54.75207,76
2025-08-21T14:00:00Z,0,13.3575,-3.11474,54.75207,74
2025-08-21T15:00:00Z,0,13.6075,-3.11474,54.75207,71
2025-08-21T16:00:00Z,0,13.157499,-3.11474,54.75207,76
2025-08-21T17:00:00Z,0,13.157499,-3.11474,54.75207,77
2025-08-21T18:00:00Z,0,13.0075,-3.11474,54.75207,80
2025-08-21T19:00:00Z,0,12.6075,-3.11474,54.75207,83
2025-08-21T20:00:00Z,0,12.1075,-3.11474,54.75207,85
2025-08-21T21:00:00Z,0,11.9575,-3.11474,54.75207,85
2025-08-21T22:00:00Z,0,11.7075,-3.11474,54.75207,87
2025-08-21T23:00:00Z,0,11.7075,-3.11474,54.75207,89
2025-08-22T00:00:00Z,0,11.7075,-3.11474,54.75207,89
2025-08-22T01:00:00Z,0,11.9575,-3.11474,54.75207,89
2025-08-22T02:00:00Z,0,11.9575,-3.11474,54.75207,88
2025-08-22T03:00:00Z,0,11.807501,-3.11474,54.75207,90
2025-08-22T04:00:00Z,0,11.807501,-3.11474,54.75207,99
2025-08-22T05:00:00Z,0,11.7575,-3.11474,54.75207,97
2025-08-22T06:00:00Z,0,11.6075,-3.11474,54.75207,94
2025-08-22T07:00:00Z,0,11.157499,-3.11474,54.75207,93
2025-08-22T08:00:00Z,0,11.2075,-3.11474,54.75207,91
2025-08-22T09:00:00Z,0,11.2075,-3.11474,54.75207,91
2025-08-22T10:00:00Z,0,12.407499,-3.11474,54.75207,91
2025-08-22T11:00:00Z,0,12.407499,-3.11474,54.75207,90
2025-08-22T12:00:00Z,0,14.1075,-3.11474,54.75207,79
2025-08-22T13:00:00Z,0,14.407499,-3.11474,54.75207,74
2025-08-22T14:00:00Z,0,15.657499,-3.11474,54.75207,70
2025-08-22T15:00:00Z,0,15.9575,-3.11474,54.75207,69
2025-08-22T16:00:00Z,0,16.0575,-3.11474,54.75207,67
2025-08-22T17:00:00Z,0,15.657499,-3.11474,54.75207,69
2025-08-22T18:00:00Z,0,15.307501,-3.11474,54.75207,74
2025-08-22T19:00:00Z,0,14.5075,-3.11474,54.75207,82
2025-08-22T20:00:00Z,0,13.657499,-3.11474,54.75207,79
2025-08-22T21:00:00Z,0,12.4575,-3.11474,54.75207,81
2025-08-22T22:00:00Z,0,10.7075,-3.11474,54.75207,91
2025-08-22T23:00:00Z,0,10.0075,-3.11474,54.75207,93
2025-08-23T00:00:00Z,0,10.0075,-3.11474,54.75207,94
2025-08-23T01:00:00Z,0,10.8575,-3.11474,54.75207,92
2025-08-23T02:00:00Z,0,10.5075,-3.11474,54.75207,94
2025-08-23T03:00:00Z,0,9.8575,-3.11474,54.75207,95
2025-08-23T04:00:00Z,0,9.3575,-3.11474,54.75207,97
2025-08-23T05:00:00Z,0,9.1075,-3.11474,54.75207,97
2025-08-23T06:00:00Z,0,9.7075,-3.11474,54.75207,95
2025-08-23T07:00:00Z,0,11.307501,-3.11474,54.75207,92
2025-08-23T08:00:00Z,0,13.1075,-3.11474,54.75207,85
2025-08-23T09:00:00Z,0,13.907499,-3.11474,54.75207,81
2025-08-23T10:00:00Z,0,14.5075,-3.11474,54.75207,80
2025-08-23T11:00:00Z,0,14.2575,-3.11474,54.75207,81
2025-08-23T12:00:00Z,0,14.407499,-3.11474,54.75207,81
2025-08-23T13:00:00Z,0,13.9575,-3.11474,54.75207,81
2025-08-23T14:00:00Z,0,14.057501,-3.11474,54.75207,82
2025-08-23T15:00:00Z,0,14.657499,-3.11474,54.75207,82
2025-08-23T16:00:00Z,0,14.557501,-3.11474,54.75207,82
2025-08-23T17:00:00Z,0,14.057501,-3.11474,54.75207,83
2025-08-23T18:00:00Z,0,13.4,-3.11474,54.75207,91
2025-08-23T19:00:00Z,0,13.1,-3.11474,54.75207,92
2025-08-23T20:00:00Z,0,12.85,-3.11474,54.75207,93
2025-08-23T21:00:00Z,0,12.55,-3.11474,54.75207,93
2025-08-23T22:00:00Z,0,12.15,-3.11474,54.75207,93
2025-08-23T23:00:00Z,0,11.75,-3.11474,54.75207,92
2025-08-24T00:00:00Z,0,11.45,-3.11474,54.75207,92
2025-08-24T01:00:00Z,0,11.4,-3.11474,54.75207,92
2025-08-24T02:00:00Z,0,11.45,-3.11474,54.75207,92
2025-08-24T03:00:00Z,0,11.5,-3.11474,54.75207,92
2025-08-24T04:00:00Z,0,11.35,-3.11474,54.75207,93
2025-08-24T05:00:00Z,0,11.15,-3.11474,54.75207,93
2025-08-24T06:00:00Z,0,11.25,-3.11474,54.75207,93
2025-08-24T07:00:00Z,0,11.9,-3.11474,54.75207,91
2025-08-24T08:00:00Z,0,12.9,-3.11474,54.75207,87
2025-08-24T09:00:00Z,0,13.85,-3.11474,54.75207,84
2025-08-24T10:00:00Z,0,14.75,-3.11474,54.75207,81
2025-08-24T11:00:00Z,0,15.55,-3.11474,54.75207,77
2025-08-24T12:00:00Z,0,16.2,-3.11474,54.75207,75
2025-08-24T13:00:00Z,0,16.55,-3.11474,54.75207,74
2025-08-24T14:00:00Z,0,16.7,-3.11474,54.75207,73
2025-08-24T15:00:00Z,0,16.75,-3.11474,54.75207,73
2025-08-24T16:00:00Z,0,16.8,-3.11474,54.75207,74
2025-08-24T17:00:00Z,0,16.75,-3.11474,54.75207,76
2025-08-24T18:00:00Z,0,16.4,-3.11474,54.75207,78
2025-08-24T19:00:00Z,0,15.55,-3.11474,54.75207,81
2025-08-24T20:00:00Z,0,14.4,-3.11474,54.75207,85
2025-08-24T21:00:00Z,0,13.45,-3.11474,54.75207,87
2025-08-24T22:00:00Z,0,12.95,-3.11474,54.75207,88
2025-08-24T23:00:00Z,0,12.6,-3.11474,54.75207,87
2025-08-25T00:00:00Z,0,12.35,-3.11474,54.75207,87
2025-08-25T01:00:00Z,0,12.15,-3.11474,54.75207,87
2025-08-25T02:00:00Z,0,12.0,-3.11474,54.75207,86
2025-08-25T03:00:00Z,0,11.95,-3.11474,54.75207,85
2025-08-25T04:00:00Z,0,12.0,-3.11474,54.75207,84
2025-08-25T05:00:00Z,0,12.2,-3.11474,54.75207,84
2025-08-25T06:00:00Z,0,12.6,-3.11474,54.75207,82
2025-08-25T07:00:00Z,0,13.4,-3.11474,54.75207,78
2025-08-25T08:00:00Z,0,14.45,-3.11474,54.75207,73
2025-08-25T09:00:00Z,0,15.4,-3.11474,54.75207,69
2025-08-25T10:00:00Z,0,16.25,-3.11474,54.75207,67
2025-08-25T11:00:00Z,0,17.0,-3.11474,54.75207,67
2025-08-25T12:00:00Z,0,17.6,-3.11474,54.75207,66
2025-08-25T13:00:00Z,0,18.1,-3.11474,54.75207,64
2025-08-25T14:00:00Z,0,18.5,-3.11474,54.75207,61
2025-08-25T15:00:00Z,0,18.55,-3.11474,54.75207,60
2025-08-25T16:00:00Z,0,18.2,-3.11474,54.75207,62
2025-08-25T17:00:00Z,0,17.6,-3.11474,54.75207,64
2025-08-25T18:00:00Z,0,16.75,-3.11474,54.75207,67
2025-08-25T19:00:00Z,0,15.6,-3.11474,54.75207,68
2025-08-25T20:00:00Z,0,14.3,-3.11474,54.75207,69
2025-08-25T21:00:00Z,0,13.35,-3.11474,54.75207,70
2025-08-25T22:00:00Z,0,13.1,-3.11474,54.75207,70
2025-08-25T23:00:00Z,0,13.25,-3.11474,54.75207,71
2025-08-26T00:00:00Z,0,13.4,-3.11474,54.75207,71
2025-08-26T01:00:00Z,0,13.5,-3.11474,54.75207,72
2025-08-26T02:00:00Z,0,13.65,-3.11474,54.75207,73
2025-08-26T03:00:00Z,0,13.7,-3.11474,54.75207,73
2025-08-26T04:00:00Z,0,13.5,-3.11474,54.75207,73
2025-08-26T05:00:00Z,0,13.15,-3.11474,54.75207,72
2025-08-26T06:00:00Z,0,13.2,-3.11474,54.75207,72
2025-08-26T07:00:00Z,0,13.9,-3.11474,54.75207,72
2025-08-26T08:00:00Z,0,15.0,-3.11474,54.75207,73
2025-08-26T09:00:00Z,0,15.9,-3.11474,54.75207,73
2025-08-26T10:00:00Z,0,16.4,-3.11474,54.75207,73
2025-08-26T11:00:00Z,0,16.75,-3.11474,54.75207,72
2025-08-26T12:00:00Z,0,17.2,-3.11474,54.75207,72
2025-08-26T13:00:00Z,0,18.0,-3.11474,54.75207,71
2025-08-26T14:00:00Z,0,18.9,-3.11474,54.75207,70
2025-08-26T15:00:00Z,0,19.25,-3.11474,54.75207,71
2025-08-26T16:00:00Z,1,18.6,-3.11474,54.75207,76
2025-08-26T17:00:00Z,1,17.4,-3.11474,54.75207,82
2025-08-26T18:00:00Z,1,16.25,-3.11474,54.75207,88
2025-08-26T19:00:00Z,0,15.25,-3.11474,54.75207,92
2025-08-26T20:00:00Z,0,14.3,-3.11474,54.75207,96
2025-08-26T21:00:00Z,0,13.6,-3.11474,54.75207,98
2025-08-26T22:00:00Z,0,13.4,-3.11474,54.75207,99
2025-08-26T23:00:00Z,0,13.5,-3.11474,54.75207,99
2025-08-27T00:00:00Z,0,13.5,-3.11474,54.75207,99
2025-08-27T01:00:00Z,0,13.3,-3.11474,54.75207,99
2025-08-27T02:00:00Z,0,13.05,-3.11474,54.75207,100
2025-08-27T03:00:00Z,0,12.9,-3.11474,54.75207,100
2025-08-27T04:00:00Z,0,12.85,-3.11474,54.75207,100
2025-08-27T05:00:00Z,0,12.9,-3.11474,54.75207,99
2025-08-27T06:00:00Z,0,13.1,-3.11474,54.75207,98
2025-08-27T07:00:00Z,0,13.55,-3.11474,54.75207,95
2025-08-27T08:00:00Z,0,14.2,-3.11474,54.75207,91
2025-08-27T09:00:00Z,0,14.8,-3.11474,54.75207,87
2025-08-27T10:00:00Z,0,15.4,-3.11474,54.75207,83
2025-08-27T11:00:00Z,0,16.0,-3.11474,54.75207,80
2025-08-27T12:00:00Z,0,16.4,-3.11474,54.75207,77
2025-08-27T13:00:00Z,0,16.55,-3.11474,54.75207,76
2025-08-27T14:00:00Z,0,16.5,-3.11474,54.75207,76
2025-08-27T15:00:00Z,0,16.35,-3.11474,54.75207,76
2025-08-27T16:00:00Z,0,16.15,-3.11474,54.75207,77
2025-08-27T17:00:00Z,0,15.8,-3.11474,54.75207,78
2025-08-27T18:00:00Z,0,15.35,-3.11474,54.75207,80
2025-08-27T19:00:00Z,0,14.8,-3.11474,54.75207,83
2025-08-27T20:00:00Z,0,14.1,-3.11474,54.75207,86
2025-08-27T21:00:00Z,0,13.4,-3.11474,54.75207,89
2025-08-27T22:00:00Z,0,12.7,-3.11474,54.75207,92
2025-08-27T23:00:00Z,0,11.95,-3.11474,54.75207,96
2025-08-21T00:00:00Z,0,7.4765,-3.1013,54.67055,79
2025-08-21T01:00:00Z,0,7.4265,-3.1013,54.67055,76
2025-08-21T02:00:00Z,0,7.3764997,-3.1013,54.67055,77
2025-08-21T03:00:00Z,0,7.3265004,-3.1013,54.67055,79
2025-08-21T04:00:00Z,0,7.3265004,-3.1013,54.67055,80
2025-08-21T05:00:00Z,0,7.2265,-3.1013,54.67055,82
2025-08-21T06:00:00Z,0,7.4765,-3.1013,54.67055,82
2025-08-21T07:00:00Z,0,8.2265,-3.1013,54.67055,83
2025-08-21T08:00:00Z,0,9.0265,-3.1013,54.67055,82
2025-08-21T09:00:00Z,0,9.7765,-3.1013,54.67055,80
2025-08-21T10:00:00Z,0,10.426499,-3.1013,54.67055,79
2025-08-21T11:00:00Z,0,10.876499,-3.1013,54.67055,78
2025-08-21T12:00:00Z,0,11.4765,-3.1013,54.67055,78
2025-08-21T13:00:00Z,0,11.7765,-3.1013,54.67055,78
2025-08-21T14:00:00Z,0,11.926499,-3.1013,54.67055,78
2025-08-21T15:00:00Z,0,12.3265,-3.1013,54.67055,76
2025-08-21T16:00:00Z,0,12.176499,-3.1013,54.67055,78
2025-08-21T17:00:00Z,0,11.376499,-3.1013,54.67055,82
2025-08-21T18:00:00Z,0,11.0765,-3.1013,54.67055,82
2025-08-21T19:00:00Z,0,10.626499,-3.1013,54.67055,82
2025-08-21T20:00:00Z,0,9.9765,-3.1013,54.67055,80
2025-08-21T21:00:00Z,0,9.626499,-3.1013,54.67055,79
2025-08-21T22:00:00Z,0,9.626499,-3.1013,54.67055,79
2025-08-21T23:00:00Z,0,9.5265,-3.1013,54.67055,79
2025-08-22T00:00:00Z,0,9.676499,-3.1013,54.67055,84
2025-08-22T01:00:00Z,0,9.676499,-3.1013,54.67055,86
2025-08-22T02:00:00Z,0,9.626499,-3.1013,54.67055,86
2025-08-22T03:00:00Z,0,9.5265,-3.1013,54.67055,86
2025-08-22T04:00:00Z,0,9.676499,-3.1013,54.67055,84
2025-08-22T05:00:00Z,0,10.126499,-3.1013,54.67055,83
2025-08-22T06:00:00Z,0,9.8265,-3.1013,54.67055,86
2025-08-22T07:00:00Z,0,10.0265,-3.1013,54.67055,85
2025-08-22T08:00:00Z,0,10.626499,-3.1013,54.67055,85
2025-08-22T09:00:00Z,0,11.0265,-3.1013,54.67055,84
2025-08-22T10:00:00Z,0,11.2765,-3.1013,54.67055,83
2025-08-22T11:00:00Z,0,11.5265,-3.1013,54.67055,80
2025-08-22T12:00:00Z,0,11.8265,-3.1013,54.67055,76
2025-08-22T13:00:00Z,0,12.2765,-3.1013,54.67055,73
2025-08-22T14:00:00Z,0,12.126499,-3.1013,54.67055,74
2025-08-22T15:00:00Z,0,12.0265,-3.1013,54.67055,76
2025-08-22T16:00:00Z,0,11.876499,-3.1013,54.67055,78
2025-08-22T17:00:00Z,0,11.8265,-3.1013,54.67055,81
2025-08-22T18:00:00Z,0,11.626499,-3.1013,54.67055,80
2025-08-22T19:00:00Z,0,11.2265,-3.1013,54.67055,79
2025-08-22T20:00:00Z,0,10.5765,-3.1013,54.67055,79
2025-08-22T21:00:00Z,0,10.4765,-3.1013,54.67055,77
2025-08-22T22:00:00Z,0,10.176499,-3.1013,54.67055,80
2025-08-22T23:00:00Z,0,9.926499,-3.1013,54.67055,78
2025-08-23T00:00:00Z,0,9.5765,-3.1013,54.67055,77
2025-08-23T01:00:00Z,0,9.3265,-3.1013,54.67055,78
2025-08-23T02:00:00Z,0,9.2265,-3.1013,54.67055,78
2025-08-23T03:00:00Z,0,9.376499,-3.1013,54.67055,79
2025-08-23T04:00:00Z,0,9.376499,-3.1013,54.67055,79
2025-08-23T05:00:00Z,0,9.376499,-3.1013,54.67055,79
2025-08-23T06:00:00Z,0,9.5265,-3.1013,54.67055,80
2025-08-23T07:00:00Z,0,10.3265,-3.1013,54.67055,80
2025-08-23T08:00:00Z,0,11.5765,-3.1013,54.67055,78
2025-08-23T09:00:00Z,0,12.5265,-3.1013,54.67055,76
2025-08-23T10:00:00Z,0,13.461,-3.1013,54.67055,74
2025-08-23T11:00:00Z,0,14.461,-3.1013,54.67055,68
2025-08-23T12:00:00Z,0,15.061,-3.1013,54.67055,67
2025-08-23T13:00:00Z,0,14.861001,-3.1013,54.67055,69
2025-08-23T14:00:00Z,0,14.911,-3.1013,54.67055,71
2025-08-23T15:00:00Z,0,15.2109995,-3.1013,54.67055,69
2025-08-23T16:00:00Z,0,15.011001,-3.1013,54.67055,70
2025-08-23T17:00:00Z,0,14.461,-3.1013,54.67055,74
2025-08-23T18:00:00Z,0,14.161,-3.1013,54.67055,77
2025-08-23T19:00:00Z,0,13.211,-3.1013,54.67055,84
2025-08-23T20:00:00Z,0,11.961,-3.1013,54.67055,89
2025-08-23T21:00:00Z,0,11.211,-3.1013,54.67055,90
2025-08-23T22:00:00Z,0,11.011001,-3.1013,54.67055,91
2025-08-23T23:00:00Z,0,10.961,-3.1013,54.67055,91
2025-08-24T00:00:00Z,0,11.011001,-3.1013,54.67055,90
2025-08-24T01:00:00Z,0,11.011001,-3.1013,54.67055,90
2025-08-24T02:00:00Z,0,10.861,-3.1013,54.67055,90
2025-08-24T03:00:00Z,0,10.661,-3.1013,54.67055,91
2025-08-24T04:00:00Z,0,10.611,-3.1013,54.67055,90
2025-08-24T05:00:00Z,0,10.361,-3.1013,54.67055,91
2025-08-24T06:00:00Z,0,10.661,-3.1013,54.67055,90
2025-08-24T07:00:00Z,0,11.911,-3.1013,54.67055,90
2025-08-24T08:00:00Z,0,13.361,-3.1013,54.67055,84
2025-08-24T09:00:00Z,0,14.611,-3.1013,54.67055,80
2025-08-24T10:00:00Z,0,15.661,-3.1013,54.67055,74
2025-08-24T11:00:00Z,0,15.9609995,-3.1013,54.67055,72
2025-08-24T12:00:00Z,0,15.661,-3.1013,54.67055,75
2025-08-24T13:00:00Z,0,15.861001,-3.1013,54.67055,76
2025-08-24T14:00:00Z,0,15.9609995,-3.1013,54.67055,79
2025-08-24T15:00:00Z,0,16.011,-3.1013,54.67055,81
2025-08-24T16:00:00Z,0,16.060999,-3.1013,54.67055,81
2025-08-24T17:00:00Z,0,16.011,-3.1013,54.67055,79
2025-08-24T18:00:00Z,0,15.661,-3.1013,54.67055,80
2025-08-24T19:00:00Z,0,14.661,-3.1013,54.67055,85
2025-08-24T20:00:00Z,0,13.311,-3.1013,54.67055,93
2025-08-24T21:00:00Z,0,12.211,-3.1013,54.67055,97
2025-08-24T22:00:00Z,0,11.611,-3.1013,54.67055,96
2025-08-24T23:00:00Z,0,11.311,-3.1013,54.67055,92
2025-08-25T00:00:00Z,0,11.061,-3.1013,54.67055,89
2025-08-25T01:00:00Z,0,10.911,-3.1013,54.67055,89
2025-08-25T02:00:00Z,0,10.861,-3.1013,54.67055,89
2025-08-25T03:00:00Z,0,10.861,-3.1013,54.67055,89
2025-08-25T04:00:00Z,0,10.761001,-3.1013,54.67055,89
2025-08-25T05:00:00Z,0,10.761001,-3.1013,54.67055,88
2025-08-25T06:00:00Z,0,11.211,-3.1013,54.67055,86
2025-08-25T07:00:00Z,0,12.561,-3.1013,54.67055,83
2025-08-25T08:00:00Z,0,14.461,-3.1013,54.67055,79
2025-08-25T09:00:00Z,0,16.011,-3.1013,54.67055,75
2025-08-25T10:00:00Z,0,16.960999,-3.1013,54.67055,71
2025-08-25T11:00:00Z,0,17.661,-3.1013,54.67055,67
2025-08-25T12:00:00Z,0,18.111,-3.1013,54.67055,64
2025-08-25T13:00:00Z,0,18.361,-3.1013,54.67055,64
2025-08-25T14:00:00Z,0,18.411,-3.1013,54.67055,65
2025-08-25T15:00:00Z,0,18.261,-3.1013,54.67055,67
2025-08-25T16:00:00Z,0,17.911,-3.1013,54.67055,68
2025-08-25T17:00:00Z,0,17.411,-3.1013,54.67055,69
2025-08-25T18:00:00Z,0,16.710999,-3.1013,54.67055,70
2025-08-25T19:00:00Z,0,15.661,-3.1013,54.67055,73
2025-08-25T20:00:00Z,0,14.461,-3.1013,54.67055,76
2025-08-25T21:00:00Z,0,13.461,-3.1013,54.67055,78
2025-08-25T22:00:00Z,0,12.961,-3.1013,54.67055,78
2025-08-25T23:00:00Z,0,12.711,-3.1013,54.67055,76
2025-08-26T00:00:00Z,0,12.461,-3.1013,54.67055,74
2025-08-26T01:00:00Z,0,12.111,-3.1013,54.67055,73
2025-08-26T02:00:00Z,0,11.811,-3.1013,54.67055,72
2025-08-26T03:00:00Z,0,11.611,-3.1013,54.67055,71
2025-08-26T04:00:00Z,0,11.661,-3.1013,54.67055,70
2025-08-26T05:00:00Z,0,11.811,-3.1013,54.67055,68
2025-08-26T06:00:00Z,0,11.911,-3.1013,54.67055,67
2025-08-26T07:00:00Z,0,13.221,-3.1013,54.67055,63
2025-08-26T08:00:00Z,0,14.071,-3.1013,54.67055,61
2025-08-26T09:00:00Z,0,14.921,-3.1013,54.67055,59
2025-08-26T10:00:00Z,0,15.921,-3.1013,54.67055,59
2025-08-26T11:00:00Z,0,16.971,-3.1013,54.67055,59
2025-08-26T12:00:00Z,0,17.821,-3.1013,54.67055,60
2025-08-26T13:00:00Z,0,18.471,-3.1013,54.67055,60
2025-08-26T14:00:00Z,0,18.971,-3.1013,54.67055,60
2025-08-26T15:00:00Z,0,19.171,-3.1013,54.67055,60
2025-08-26T16:00:00Z,0,18.971,-3.1013,54.67055,61
2025-08-26T17:00:00Z,0,18.421,-3.1013,54.67055,63
2025-08-26T18:00:00Z,0,17.721,-3.1013,54.67055,67
2025-08-26T19:00:00Z,1,16.721,-3.1013,54.67055,75
2025-08-26T20:00:00Z,1,15.570999,-3.1013,54.67055,85
2025-08-26T21:00:00Z,1,14.671,-3.1013,54.67055,93
2025-08-26T22:00:00Z,2,14.371,-3.1013,54.67055,96
2025-08-26T23:00:00Z,2,14.371,-3.1013,54.67055,96
2025-08-27T00:00:00Z,2,14.221,-3.1013,54.67055,95
2025-08-27T01:00:00Z,2,13.771,-3.1013,54.67055,93
2025-08-27T02:00:00Z,2,13.171,-3.1013,54.67055,90
2025-08-27T03:00:00Z,2,12.621,-3.1013,54.67055,89
2025-08-27T04:00:00Z,3,12.121,-3.1013,54.67055,91
2025-08-27T05:00:00Z,3,11.721,-3.1013,54.67055,93
2025-08-27T06:00:00Z,3,11.671,-3.1013,54.67055,95
2025-08-27T07:00:00Z,0,12.221,-3.1013,54.67055,94
2025-08-27T08:00:00Z,0,13.121,-3.1013,54.67055,91
2025-08-27T09:00:00Z,0,13.821,-3.1013,54.67055,89
2025-08-27T10:00:00Z,0,14.121,-3.1013,54.67055,89
2025-08-27T11:00:00Z,0,14.221,-3.1013,54.67055,89
2025-08-27T12:00:00Z,0,14.271,-3.1013,54.67055,89
2025-08-27T13:00:00Z,1,14.421,-3.1013,54.67055,89
2025-08-27T14:00:00Z,1,14.521,-3.1013,54.67055,88
2025-08-27T15:00:00Z,1,14.471001,-3.1013,54.67055,88
2025-08-27T16:00:00Z,1,14.271,-3.1013,54.67055,89
2025-08-27T17:00:00Z,1,13.921,-3.1013,54.67055,90
2025-08-27T18:00:00Z,1,13.471,-3.1013,54.67055,91
2025-08-27T19:00:00Z,0,12.721,-3.1013,54.67055,93
2025-08-27T20:00:00Z,0,11.871,-3.1013,54.67055,96
2025-08-27T21:00:00Z,0,11.271,-3.1013,54.67055,98
2025-08-27T22:00:00Z,0,11.221,-3.1013,54.67055,98
2025-08-27T23:00:00Z,0,11.371,-3.1013,54.67055,97
2025-08-21T00:00:00Z,0,7.1775,-3.09355,54.68684,79
2025-08-21T01:00:00Z,0,7.1274996,-3.09355,54.68684,76
2025-08-21T02:00:00Z,0,7.0774994,-3.09355,54.68684,77
2025-08-21T03:00:00Z,0,7.0275,-3.09355,54.68684,79
2025-08-21T04:00:00Z,0,7.0275,-3.09355,54.68684,80
2025-08-21T05:00:00Z,0,6.9275,-3.09355,54.68684,82
2025-08-21T06:00:00Z,0,7.1775,-3.09355,54.68684,82
2025-08-21T07:00:00Z,0,7.9275,-3.09355,54.68684,83
2025-08-21T08:00:00Z,0,8.7275,-3.09355,54.68684,82
2025-08-21T09:00:00Z,0,9.4775,-3.09355,54.68684,80
2025-08-21T10:00:00Z,0,10.1275,-3.09355,54.68684,79
2025-08-21T11:00:00Z,0,10.577499,-3.09355,54.68684,78
2025-08-21T12:00:00Z,0,11.1775,-3.09355,54.68684,78
2025-08-21T13:00:00Z,0,11.4775,-3.09355,54.68684,78
2025-08-21T14:00:00Z,0,11.6275,-3.09355,54.68684,78
2025-08-21T15:00:00Z,0,12.0275,-3.09355,54.68684,76
2025-08-21T16:00:00Z,0,11.8775,-3.09355,54.68684,78
2025-08-21T17:00:00Z,0,11.077499,-3.09355,54.68684,82
2025-08-21T18:00:00Z,0,10.7775,-3.09355,54.68684,82
2025-08-21T19:00:00Z,0,10.327499,-3.09355,54.68684,82
2025-08-21T20:00:00Z,0,9.6775,-3.09355,54.68684,80
2025-08-21T21:00:00Z,0,9.327499,-3.09355,54.68684,79
2025-08-21T22:00:00Z,0,9.327499,-3.09355,54.68684,79
2025-08-21T23:00:00Z,0,9.2275,-3.09355,54.68684,79
2025-08-22T00:00:00Z,0,9.3775,-3.09355,54.68684,84
2025-08-22T01:00:00Z,0,9.3775,-3.09355,54.68684,86
2025-08-22T02:00:00Z,0,9.327499,-3.09355,54.68684,86
2025-08-22T03:00:00Z,0,9.2275,-3.09355,54.68684,86
2025-08-22T04:00:00Z,0,9.3775,-3.09355,54.68684,84
2025-08-22T05:00:00Z,0,9.827499,-3.09355,54.68684,83
2025-08-22T06:00:00Z,0,9.5275,-3.09355,54.68684,86
2025-08-22T07:00:00Z,0,9.7275,-3.09355,54.68684,85
2025-08-22T08:00:00Z,0,10.327499,-3.09355,54.68684,85
2025-08-22T09:00:00Z,0,10.7275,-3.09355,54.68684,84
2025-08-22T10:00:00Z,0,10.9775,-3.09355,54.68684,83
2025-08-22T11:00:00Z,0,11.2275,-3.09355,54.68684,80
2025-08-22T12:00:00Z,0,11.5275,-3.09355,54.68684,76
2025-08-22T13:00:00Z,0,11.9775,-3.09355,54.68684,73
2025-08-22T14:00:00Z,0,11.827499,-3.09355,54.68684,74
2025-08-22T15:00:00Z,0,11.7275,-3.09355,54.68684,76
2025-08-22T16:00:00Z,0,11.577499,-3.09355,54.68684,78
2025-08-22T17:00:00Z,0,11.5275,-3.09355,54.68684,81
2025-08-22T18:00:00Z,0,11.327499,-3.09355,54.68684,80
2025-08-22T19:00:00Z,0,10.9275,-3.09355,54.68684,79
2025-08-22T20:00:00Z,0,10.2775,-3.09355,54.68684,79
2025-08-22T21:00:00Z,0,10.1775,-3.09355,54.68684,77
2025-08-22T22:00:00Z,0,9.8775,-3.09355,54.68684,80
2025-08-22T23:00:00Z,0,9.6275,-3.09355,54.68684,78
2025-08-23T00:00:00Z,0,9.2775,-3.09355,54.68684,77
2025-08-23T01:00:00Z,0,9.0275,-3.09355,54.68684,78
2025-08-23T02:00:00Z,0,8.9275,-3.09355,54.68684,78
2025-08-23T03:00:00Z,0,9.077499,-3.09355,54.68684,79
2025-08-23T04:00:00Z,0,9.077499,-3.09355,54.68684,79
2025-08-23T05:00:00Z,0,9.077499,-3.09355,54.68684,79
2025-08-23T06:00:00Z,0,9.2275,-3.09355,54.68684,80
2025-08-23T07:00:00Z,0,10.0275,-3.09355,54.68684,80
2025-08-23T08:00:00Z,0,11.2775,-3.09355,54.68684,78
2025-08-23T09:00:00Z,0,12.2275,-3.09355,54.68684,76
2025-08-23T10:00:00Z,0,13.162001,-3.09355,54.68684,74
2025-08-23T11:00:00Z,0,14.162001,-3.09355,54.68684,68
2025-08-23T12:00:00Z,0,14.761999,-3.09355,54.68684,67
2025-08-23T13:00:00Z,0,14.562,-3.09355,54.68684,69
2025-08-23T14:00:00Z,0,14.6119995,-3.09355,54.68684,71
2025-08-23T15:00:00Z,0,14.911999,-3.09355,54.68684,69
2025-08-23T16:00:00Z,0,14.712,-3.09355,54.68684,70
2025-08-23T17:00:00Z,0,14.162001,-3.09355,54.68684,74
2025-08-23T18:00:00Z,0,13.8619995,-3.09355,54.68684,77
2025-08-23T19:00:00Z,0,12.912001,-3.09355,54.68684,84
2025-08-23T20:00:00Z,0,11.662001,-3.09355,54.68684,89
2025-08-23T21:00:00Z,0,10.912001,-3.09355,54.68684,90
2025-08-23T22:00:00Z,0,10.712,-3.09355,54.68684,91
2025-08-23T23:00:00Z,0,10.662001,-3.09355,54.68684,91
2025-08-24T00:00:00Z,0,10.712,-3.09355,54.68684,90
2025-08-24T01:00:00Z,0,10.712,-3.09355,54.68684,90
2025-08-24T02:00:00Z,0,10.562,-3.09355,54.68684,90
2025-08-24T03:00:00Z,0,10.3619995,-3.09355,54.68684,91
2025-08-24T04:00:00Z,0,10.312,-3.09355,54.68684,90
2025-08-24T05:00:00Z,0,10.062,-3.09355,54.68684,91
2025-08-24T06:00:00Z,0,10.3619995,-3.09355,54.68684,90
2025-08-24T07:00:00Z,0,11.6119995,-3.09355,54.68684,90
2025-08-24T08:00:00Z,0,13.062,-3.09355,54.68684,84
2025-08-24T09:00:00Z,0,14.312,-3.09355,54.68684,80
2025-08-24T10:00:00Z,0,15.3619995,-3.09355,54.68684,74
2025-08-24T11:00:00Z,0,15.661999,-3.09355,54.68684,72
2025-08-24T12:00:00Z,0,15.3619995,-3.09355,54.68684,75
2025-08-24T13:00:00Z,0,15.562,-3.09355,54.68684,76
2025-08-24T14:00:00Z,0,15.661999,-3.09355,54.68684,79
2025-08-24T15:00:00Z,0,15.712,-3.09355,54.68684,81
2025-08-24T16:00:00Z,0,15.761999,-3.09355,54.68684,81
2025-08-24T17:00:00Z,0,15.712,-3.09355,54.68684,79
2025-08-24T18:00:00Z,0,15.3619995,-3.09355,54.68684,80
2025-08-24T19:00:00Z,0,14.3619995,-3.09355,54.68684,85
2025-08-24T20:00:00Z,0,13.011999,-3.09355,54.68684,93
2025-08-24T21:00:00Z,0,11.912001,-3.09355,54.68684,97
2025-08-24T22:00:00Z,0,11.312,-3.09355,54.68684,96
2025-08-24T23:00:00Z,0,11.011999,-3.09355,54.68684,92
2025-08-25T00:00:00Z,0,10.761999,-3.09355,54.68684,89
2025-08-25T01:00:00Z,0,10.6119995,-3.09355,54.68684,89
2025-08-25T02:00:00Z,0,10.562,-3.09355,54.68684,89
2025-08-25T03:00:00Z,0,10.562,-3.09355,54.68684,89
2025-08-25T04:00:00Z,0,10.462,-3.09355,54.68684,89
2025-08-25T05:00:00Z,0,10.462,-3.09355,54.68684,88
2025-08-25T06:00:00Z,0,10.912001,-3.09355,54.68684,86
2025-08-25T07:00:00Z,0,12.261999,-3.09355,54.68684,83
2025-08-25T08:00:00Z,0,14.162001,-3.09355,54.68684,79
2025-08-25T09:00:00Z,0,15.712,-3.09355,54.68684,75
2025-08-25T10:00:00Z,0,16.661999,-3.09355,54.68684,71
2025-08-25T11:00:00Z,0,17.362,-3.09355,54.68684,67
2025-08-25T12:00:00Z,0,17.812,-3.09355,54.68684,64
2025-08-25T13:00:00Z,0,18.062,-3.09355,54.68684,64
2025-08-25T14:00:00Z,0,18.112,-3.09355,54.68684,65
2025-08-25T15:00:00Z,0,17.962,-3.09355,54.68684,67
2025-08-25T16:00:00Z,0,17.612,-3.09355,54.68684,68
2025-08-25T17:00:00Z,0,17.112,-3.09355,54.68684,69
2025-08-25T18:00:00Z,0,16.411999,-3.09355,54.68684,70
2025-08-25T19:00:00Z,0,15.3619995,-3.09355,54.68684,73
2025-08-25T20:00:00Z,0,14.162001,-3.09355,54.68684,76
2025-08-25T21:00:00Z,0,13.162001,-3.09355,54.68684,78
2025-08-25T22:00:00Z,0,12.662001,-3.09355,54.68684,78
2025-08-25T23:00:00Z,0,12.412001,-3.09355,54.68684,76
2025-08-26T00:00:00Z,0,12.162001,-3.09355,54.68684,74
2025-08-26T01:00:00Z,0,11.812,-3.09355,54.68684,73
2025-08-26T02:00:00Z,0,11.511999,-3.09355,54.68684,72
2025-08-26T03:00:00Z,0,11.312,-3.09355,54.68684,71
2025-08-26T04:00:00Z,0,11.3619995,-3.09355,54.68684,70
2025-08-26T05:00:00Z,0,11.511999,-3.09355,54.68684,68
2025-08-26T06:00:00Z,0,11.6119995,-3.09355,54.68684,67
2025-08-26T07:00:00Z,0,12.922,-3.09355,54.68684,63
2025-08-26T08:00:00Z,0,13.772,-3.09355,54.68684,61
2025-08-26T09:00:00Z,0,14.622,-3.09355,54.68684,59
2025-08-26T10:00:00Z,0,15.622,-3.09355,54.68684,59
2025-08-26T11:00:00Z,0,16.672,-3.09355,54.68684,59
2025-08-26T12:00:00Z,0,17.522,-3.09355,54.68684,60
2025-08-26T13:00:00Z,0,18.172,-3.09355,54.68684,60
2025-08-26T14:00:00Z,0,18.672,-3.09355,54.68684,60
2025-08-26T15:00:00Z,0,18.872,-3.09355,54.68684,60
2025-08-26T16:00:00Z,0,18.672,-3.09355,54.68684,61
2025-08-26T17:00:00Z,0,18.122,-3.09355,54.68684,63
2025-08-26T18:00:00Z,0,17.422,-3.09355,54.68684,67
2025-08-26T19:00:00Z,1,16.422,-3.09355,54.68684,75
2025-08-26T20:00:00Z,1,15.271999,-3.09355,54.68684,85
2025-08-26T21:00:00Z,1,14.372,-3.09355,54.68684,93
2025-08-26T22:00:00Z,2,14.0720005,-3.09355,54.68684,96
2025-08-26T23:00:00Z,2,14.0720005,-3.09355,54.68684,96
2025-08-27T00:00:00Z,2,13.922,-3.09355,54.68684,95
2025-08-27T01:00:00Z,2,13.472,-3.09355,54.68684,93
2025-08-27T02:00:00Z,2,12.872,-3.09355,54.68684,90
2025-08-27T03:00:00Z,2,12.3220005,-3.09355,54.68684,89
2025-08-27T04:00:00Z,3,11.8220005,-3.09355,54.68684,91
2025-08-27T05:00:00Z,3,11.422,-3.09355,54.68684,93
2025-08-27T06:00:00Z,3,11.372,-3.09355,54.68684,95
2025-08-27T07:00:00Z,0,11.922,-3.09355,54.68684,94
2025-08-27T08:00:00Z,0,12.8220005,-3.09355,54.68684,91
2025-08-27T09:00:00Z,0,13.522,-3.09355,54.68684,89
2025-08-27T10:00:00Z,0,13.8220005,-3.09355,54.68684,89
2025-08-27T11:00:00Z,0,13.922,-3.09355,54.68684,89
2025-08-27T12:00:00Z,0,13.972,-3.09355,54.68684,89
2025-08-27T13:00:00Z,1,14.122,-3.09355,54.68684,89
2025-08-27T14:00:00Z,1,14.222,-3.09355,54.68684,88
2025-08-27T15:00:00Z,1,14.172001,-3.09355,54.68684,88
2025-08-27T16:00:00Z,1,13.972,-3.09355,54.68684,89
2025-08-27T17:00:00Z,1,13.622,-3.09355,54.68684,90
2025-08-27T18:00:00Z,1,13.172,-3.09355,54.68684,91
2025-08-27T19:00:00Z,0,12.422,-3.09355,54.68684,93
2025-08-27T20:00:00Z,0,11.5720005,-3.09355,54.68684,96
2025-08-27T21:00:00Z,0,10.972,-3.09355,54.68684,98
2025-08-27T22:00:00Z,0,10.922,-3.09355,54.68684,98
2025-08-27T23:00:00Z,0,11.0720005,-3.09355,54.68684,97
2025-08-21T00:00:00Z,0,6.62,-3.3903,54.6176,91
2025-08-21T01:00:00Z,0,5.97,-3.3903,54.6176,92
2025-08-21T02:00:00Z,0,5.97,-3.3903,54.6176,92
2025-08-21T03:00:00Z,0,6.3199997,-3.3903,54.6176,92
2025-08-21T04:00:00Z,0,5.72,-3.3903,54.6176,93
2025-08-21T05:00:00Z,0,6.17,-3.3903,54.6176,93
2025-08-21T06:00:00Z,0,8.42,-3.3903,54.6176,84
2025-08-21T07:00:00Z,0,9.47,-3.3903,54.6176,80
2025-08-21T08:00:00Z,0,10.12,-3.3903,54.6176,78
2025-08-21T09:00:00Z,0,10.62,-3.3903,54.6176,75
2025-08-21T10:00:00Z,0,11.32,-3.3903,54.6176,73
2025-08-21T11:00:00Z,0,12.17,-3.3903,54.6176,70
2025-08-21T12:00:00Z,0,13.07,-3.3903,54.6176,67
2025-08-21T13:00:00Z,0,14.5199995,-3.3903,54.6176,68
2025-08-21T14:00:00Z,0,14.92,-3.3903,54.6176,68
2025-08-21T15:00:00Z,0,15.12,-3.3903,54.6176,70
2025-08-21T16:00:00Z,0,14.7699995,-3.3903,54.6176,71
2025-08-21T17:00:00Z,0,14.5199995,-3.3903,54.6176,75
2025-08-21T18:00:00Z,0,14.2699995,-3.3903,54.6176,74
2025-08-21T19:00:00Z,0,13.7699995,-3.3903,54.6176,78
2025-08-21T20:00:00Z,0,13.07,-3.3903,54.6176,81
2025-08-21T21:00:00Z,0,12.87,-3.3903,54.6176,82
2025-08-21T22:00:00Z,0,12.82,-3.3903,54.6176,85
2025-08-21T23:00:00Z,0,12.5199995,-3.3903,54.6176,88
2025-08-22T00:00:00Z,0,12.72,-3.3903,54.6176,86
2025-08-22T01:00:00Z,0,12.97,-3.3903,54.6176,84
2025-08-22T02:00:00Z,0,12.92,-3.3903,54.6176,85
2025-08-22T03:00:00Z,0,13.07,-3.3903,54.6176,85
2025-08-22T04:00:00Z,0,13.22,-3.3903,54.6176,93
2025-08-22T05:00:00Z,0,13.12,-3.3903,54.6176,96
2025-08-22T06:00:00Z,0,13.17,-3.3903,54.6176,96
2025-08-22T07:00:00Z,0,13.07,-3.3903,54.6176,95
2025-08-22T08:00:00Z,0,13.0199995,-3.3903,54.6176,95
2025-08-22T09:00:00Z,0,12.72,-3.3903,54.6176,93
2025-08-22T10:00:00Z,0,12.12,-3.3903,54.6176,94
2025-08-22T11:00:00Z,0,13.5199995,-3.3903,54.6176,90
2025-08-22T12:00:00Z,0,14.5199995,-3.3903,54.6176,81
2025-08-22T13:00:00Z,0,16.12,-3.3903,54.6176,71
2025-08-22T14:00:00Z,0,16.62,-3.3903,54.6176,69
2025-08-22T15:00:00Z,0,16.77,-3.3903,54.6176,70
2025-08-22T16:00:00Z,0,16.820002,-3.3903,54.6176,69
2025-08-22T17:00:00Z,0,16.320002,-3.3903,54.6176,71
2025-08-22T18:00:00Z,0,15.82,-3.3903,54.6176,74
2025-08-22T19:00:00Z,0,15.2699995,-3.3903,54.6176,78
2025-08-22T20:00:00Z,0,13.32,-3.3903,54.6176,88
2025-08-22T21:00:00Z,0,11.72,-3.3903,54.6176,89
2025-08-22T22:00:00Z,0,10.47,-3.3903,54.6176,93
2025-08-22T23:00:00Z,0,10.47,-3.3903,54.6176,93
2025-08-23T00:00:00Z,0,10.92,-3.3903,54.6176,93
2025-08-23T01:00:00Z,0,11.37,-3.3903,54.6176,92
2025-08-23T02:00:00Z,0,11.7699995,-3.3903,54.6176,90
2025-08-23T03:00:00Z,0,10.92,-3.3903,54.6176,94
2025-08-23T04:00:00Z,0,10.37,-3.3903,54.6176,96
2025-08-23T05:00:00Z,0,10.17,-3.3903,54.6176,97
2025-08-23T06:00:00Z,0,10.72,-3.3903,54.6176,96
2025-08-23T07:00:00Z,0,12.47,-3.3903,54.6176,92
2025-08-23T08:00:00Z,0,14.42,-3.3903,54.6176,82
2025-08-23T09:00:00Z,0,14.7699995,-3.3903,54.6176,79
2025-08-23T10:00:00Z,0,14.82,-3.3903,54.6176,78
2025-08-23T11:00:00Z,0,14.82,-3.3903,54.6176,78
2025-08-23T12:00:00Z,0,15.87,-3.3903,54.6176,77
2025-08-23T13:00:00Z,0,16.02,-3.3903,54.6176,75
2025-08-23T14:00:00Z,0,16.17,-3.3903,54.6176,76
2025-08-23T15:00:00Z,0,16.12,-3.3903,54.6176,76
2025-08-23T16:00:00Z,0,15.72,-3.3903,54.6176,78
2025-08-23T17:00:00Z,0,15.5199995,-3.3903,54.6176,80
2025-08-23T18:00:00Z,0,15.75,-3.3903,54.6176,78
2025-08-23T19:00:00Z,0,14.85,-3.3903,54.6176,82
2025-08-23T20:00:00Z,0,13.8,-3.3903,54.6176,87
2025-08-23T21:00:00Z,0,13.1,-3.3903,54.6176,90
2025-08-23T22:00:00Z,0,13.05,-3.3903,54.6176,89
2025-08-23T23:00:00Z,0,13.35,-3.3903,54.6176,85
2025-08-24T00:00:00Z,0,13.7,-3.3903,54.6176,82
2025-08-24T01:00:00Z,0,13.9,-3.3903,54.6176,80
2025-08-24T02:00:00Z,0,14.15,-3.3903,54.6176,78
2025-08-24T03:00:00Z,0,14.25,-3.3903,54.6176,77
2025-08-24T04:00:00Z,0,13.95,-3.3903,54.6176,78
2025-08-24T05:00:00Z,0,13.55,-3.3903,54.6176,81
2025-08-24T06:00:00Z,0,13.5,-3.3903,54.6176,82
2025-08-24T07:00:00Z,0,14.1,-3.3903,54.6176,81
2025-08-24T08:00:00Z,0,15.1,-3.3903,54.6176,78
2025-08-24T09:00:00Z,0,16.05,-3.3903,54.6176,76
2025-08-24T10:00:00Z,0,16.8,-3.3903,54.6176,74
2025-08-24T11:00:00Z,0,17.5,-3.3903,54.6176,72
2025-08-24T12:00:00Z,0,18.05,-3.3903,54.6176,71
2025-08-24T13:00:00Z,0,18.4,-3.3903,54.6176,70
2025-08-24T14:00:00Z,0,18.6,-3.3903,54.6176,70
2025-08-24T15:00:00Z,0,18.65,-3.3903,54.6176,70
2025-08-24T16:00:00Z,0,18.55,-3.3903,54.6176,72
2025-08-24T17:00:00Z,0,18.3,-3.3903,54.6176,74
2025-08-24T18:00:00Z,0,17.8,-3.3903,54.6176,77
2025-08-24T19:00:00Z,0,16.75,-3.3903,54.6176,81
2025-08-24T20:00:00Z,0,15.45,-3.3903,54.6176,84
2025-08-24T21:00:00Z,0,14.6,-3.3903,54.6176,86
2025-08-24T22:00:00Z,0,14.55,-3.3903,54.6176,84
2025-08-24T23:00:00Z,0,15.0,-3.3903,54.6176,79
2025-08-25T00:00:00Z,0,15.3,-3.3903,54.6176,76
2025-08-25T01:00:00Z,0,15.25,-3.3903,54.6176,75
2025-08-25T02:00:00Z,0,15.1,-3.3903,54.6176,74
2025-08-25T03:00:00Z,0,14.95,-3.3903,54.6176,74
2025-08-25T04:00:00Z,0,14.55,-3.3903,54.6176,73
2025-08-25T05:00:00Z,0,14.15,-3.3903,54.6176,73
2025-08-25T06:00:00Z,0,14.15,-3.3903,54.6176,72
2025-08-25T07:00:00Z,0,14.7,-3.3903,54.6176,71
2025-08-25T08:00:00Z,0,15.65,-3.3903,54.6176,70
2025-08-25T09:00:00Z,0,16.55,-3.3903,54.6176,68
2025-08-25T10:00:00Z,0,17.2,-3.3903,54.6176,66
2025-08-25T11:00:00Z,0,17.8,-3.3903,54.6176,64
2025-08-25T12:00:00Z,0,18.3,-3.3903,54.6176,62
2025-08-25T13:00:00Z,0,18.85,-3.3903,54.6176,60
2025-08-25T14:00:00Z,0,19.35,-3.3903,54.6176,59
2025-08-25T15:00:00Z,0,19.55,-3.3903,54.6176,58
2025-08-25T16:00:00Z,0,19.3,-3.3903,54.6176,59
2025-08-25T17:00:00Z,0,18.75,-3.3903,54.6176,62
2025-08-25T18:00:00Z,0,18.2,-3.3903,54.6176,63
2025-08-25T19:00:00Z,0,17.7,-3.3903,54.6176,62
2025-08-25T20:00:00Z,0,17.1,-3.3903,54.6176,59
2025-08-25T21:00:00Z,0,16.7,-3.3903,54.6176,57
2025-08-25T22:00:00Z,0,16.7,-3.3903,54.6176,56
2025-08-25T23:00:00Z,0,16.8,-3.3903,54.6176,56
2025-08-26T00:00:00Z,0,16.8,-3.3903,54.6176,56
2025-08-26T01:00:00Z,0,16.6,-3.3903,54.6176,58
2025-08-26T02:00:00Z,0,16.3,-3.3903,54.6176,61
2025-08-26T03:00:00Z,0,16.0,-3.3903,54.6176,63
2025-08-26T04:00:00Z,0,15.55,-3.3903,54.6176,64
2025-08-26T05:00:00Z,0,15.15,-3.3903,54.6176,64
2025-08-26T06:00:00Z,0,15.0,-3.3903,54.6176,64
2025-08-26T07:00:00Z,0,15.2,-3.3903,54.6176,66
2025-08-26T08:00:00Z,0,15.7,-3.3903,54.6176,68
2025-08-26T09:00:00Z,0,16.3,-3.3903,54.6176,70
2025-08-26T10:00:00Z,0,16.95,-3.3903,54.6176,70
2025-08-26T11:00:00Z,0,17.7,-3.3903,54.6176,69
2025-08-26T12:00:00Z,0,18.2,-3.3903,54.6176,70
2025-08-26T13:00:00Z,1,18.25,-3.3903,54.6176,73
2025-08-26T14:00:00Z,1,18.1,-3.3903,54.6176,77
2025-08-26T15:00:00Z,1,17.8,-3.3903,54.6176,81
2025-08-26T16:00:00Z,0,17.4,-3.3903,54.6176,84
2025-08-26T17:00:00Z,0,16.8,-3.3903,54.6176,88
2025-08-26T18:00:00Z,0,16.3,-3.3903,54.6176,90
2025-08-26T19:00:00Z,0,15.9,-3.3903,54.6176,91
2025-08-26T20:00:00Z,0,15.55,-3.3903,54.6176,92
2025-08-26T21:00:00Z,0,15.25,-3.3903,54.6176,92
2025-08-26T22:00:00Z,0,14.9,-3.3903,54.6176,93
2025-08-26T23:00:00Z,0,14.65,-3.3903,54.6176,93
2025-08-27T00:00:00Z,0,14.4,-3.3903,54.6176,94
2025-08-27T01:00:00Z,0,14.1,-3.3903,54.6176,95
2025-08-27T02:00:00Z,0,13.85,-3.3903,54.6176,95
2025-08-27T03:00:00Z,0,13.65,-3.3903,54.6176,96
2025-08-27T04:00:00Z,0,13.5,-3.3903,54.6176,96
2025-08-27T05:00:00Z,0,13.4,-3.3903,54.6176,97
2025-08-27T06:00:00Z,0,13.5,-3.3903,54.6176,96
2025-08-27T07:00:00Z,0,13.8,-3.3903,54.6176,94
2025-08-27T08:00:00Z,0,14.25,-3.3903,54.6176,92
2025-08-27T09:00:00Z,0,14.75,-3.3903,54.6176,90
2025-08-27T10:00:00Z,0,15.2,-3.3903,54.6176,88
2025-08-27T11:00:00Z,0,15.65,-3.3903,54.6176,85
2025-08-27T12:00:00Z,0,16.05,-3.3903,54.6176,83
2025-08-27T13:00:00Z,0,16.2,-3.3903,54.6176,81
2025-08-27T14:00:00Z,0,16.3,-3.3903,54.6176,80
2025-08-27T15:00:00Z,0,16.3,-3.3903,54.6176,79
2025-08-27T16:00:00Z,0,16.2,-3.3903,54.6176,78
2025-08-27T17:00:00Z,0,16.1,-3.3903,54.6176,78
2025-08-27T18:00:00Z,0,15.85,-3.3903,54.6176,79
2025-08-27T19:00:00Z,0,15.4,-3.3903,54.6176,81
2025-08-27T20:00:00Z,0,14.85,-3.3903,54.6176,83
2025-08-27T21:00:00Z,0,14.3,-3.3903,54.6176,86
2025-08-27T22:00:00Z,0,13.7,-3.3903,54.6176,89
2025-08-27T23:00:00Z,0,13.15,-3.3903,54.6176,91
2025-08-21T00:00:00Z,0,8.407499,-3.34358,54.60101,84
2025-08-21T01:00:00Z,0,8.3575,-3.34358,54.60101,84
2025-08-21T02:00:00Z,0,8.3575,-3.34358,54.60101,83
2025-08-21T03:00:00Z,0,8.907499,-3.34358,54.60101,78
2025-08-21T04:00:00Z,0,8.6075,-3.34358,54.60101,79
2025-08-21T05:00:00Z,0,8.157499,-3.34358,54.60101,81
2025-08-21T06:00:00Z,0,9.0075,-3.34358,54.60101,79
2025-08-21T07:00:00Z,0,9.657499,-3.34358,54.60101,77
2025-08-21T08:00:00Z,0,9.657499,-3.34358,54.60101,80
2025-08-21T09:00:00Z,0,9.657499,-3.34358,54.60101,82
2025-08-21T10:00:00Z,0,9.807501,-3.34358,54.60101,82
2025-08-21T11:00:00Z,0,10.2575,-3.34358,54.60101,77
2025-08-21T12:00:00Z,0,10.907499,-3.34358,54.60101,75
2025-08-21T13:00:00Z,0,12.057501,-3.34358,54.60101,76
2025-08-21T14:00:00Z,0,13.2075,-3.34358,54.60101,74
2025-08-21T15:00:00Z,0,13.0075,-3.34358,54.60101,76
2025-08-21T16:00:00Z,0,13.1075,-3.34358,54.60101,77
2025-08-21T17:00:00Z,0,12.3575,-3.34358,54.60101,81
2025-08-21T18:00:00Z,0,12.3575,-3.34358,54.60101,84
2025-08-21T19:00:00Z,0,11.9575,-3.34358,54.60101,87
2025-08-21T20:00:00Z,0,11.307501,-3.34358,54.60101,89
2025-08-21T21:00:00Z,0,11.2575,-3.34358,54.60101,89
2025-08-21T22:00:00Z,0,11.0075,-3.34358,54.60101,91
2025-08-21T23:00:00Z,0,11.057501,-3.34358,54.60101,93
2025-08-22T00:00:00Z,0,10.7575,-3.34358,54.60101,94
2025-08-22T01:00:00Z,0,11.157499,-3.34358,54.60101,92
2025-08-22T02:00:00Z,0,11.407499,-3.34358,54.60101,90
2025-08-22T03:00:00Z,0,11.6075,-3.34358,54.60101,91
2025-08-22T04:00:00Z,0,11.557501,-3.34358,54.60101,95
2025-08-22T05:00:00Z,0,11.6075,-3.34358,54.60101,100
2025-08-22T06:00:00Z,0,11.7575,-3.34358,54.60101,100
2025-08-22T07:00:00Z,0,11.557501,-3.34358,54.60101,100
2025-08-22T08:00:00Z,0,11.407499,-3.34358,54.60101,100
2025-08-22T09:00:00Z,0,11.5075,-3.34358,54.60101,100
2025-08-22T10:00:00Z,0,11.2075,-3.34358,54.60101,100
2025-08-22T11:00:00Z,0,11.8575,-3.34358,54.60101,98
2025-08-22T12:00:00Z,0,12.5075,-3.34358,54.60101,91
2025-08-22T13:00:00Z,0,13.307501,-3.34358,54.60101,83
2025-08-22T14:00:00Z,0,14.2575,-3.34358,54.60101,78
2025-08-22T15:00:00Z,0,14.557501,-3.34358,54.60101,79
2025-08-22T16:00:00Z,0,14.6075,-3.34358,54.60101,79
2025-08-22T17:00:00Z,0,14.157499,-3.34358,54.60101,81
2025-08-22T18:00:00Z,0,13.557501,-3.34358,54.60101,85
2025-08-22T19:00:00Z,0,13.157499,-3.34358,54.60101,88
2025-08-22T20:00:00Z,0,11.7075,-3.34358,54.60101,94
2025-08-22T21:00:00Z,0,10.7575,-3.34358,54.60101,92
2025-08-22T22:00:00Z,0,10.1075,-3.34358,54.60101,92
2025-08-22T23:00:00Z,0,10.0075,-3.34358,54.60101,92
2025-08-23T00:00:00Z,0,10.2075,-3.34358,54.60101,93
2025-08-23T01:00:00Z,0,10.8575,-3.34358,54.60101,91
2025-08-23T02:00:00Z,0,10.807501,-3.34358,54.60101,91
2025-08-23T03:00:00Z,0,9.9575,-3.34358,54.60101,94
2025-08-23T04:00:00Z,0,9.8575,-3.34358,54.60101,94
2025-08-23T05:00:00Z,0,9.8575,-3.34358,54.60101,95
2025-08-23T06:00:00Z,0,10.4575,-3.34358,54.60101,92
2025-08-23T07:00:00Z,0,11.8575,-3.34358,54.60101,88
2025-08-23T08:00:00Z,0,13.2575,-3.34358,54.60101,82
2025-08-23T09:00:00Z,0,13.807501,-3.34358,54.60101,82
2025-08-23T10:00:00Z,0,14.157499,-3.34358,54.60101,82
2025-08-23T11:00:00Z,0,13.6075,-3.34358,54.60101,85
2025-08-23T12:00:00Z,0,14.3575,-3.34358,54.60101,83
2025-08-23T13:00:00Z,0,15.157499,-3.34358,54.60101,79
2025-08-23T14:00:00Z,0,14.8575,-3.34358,54.60101,84
2025-08-23T15:00:00Z,0,14.407499,-3.34358,54.60101,86
2025-08-23T16:00:00Z,0,14.307501,-3.34358,54.60101,86
2025-08-23T17:00:00Z,0,14.057501,-3.34358,54.60101,88
2025-08-23T18:00:00Z,0,14.4,-3.34358,54.60101,84
2025-08-23T19:00:00Z,0,13.65,-3.34358,54.60101,88
2025-08-23T20:00:00Z,0,12.9,-3.34358,54.60101,93
2025-08-23T21:00:00Z,0,12.3,-3.34358,54.60101,95
2025-08-23T22:00:00Z,0,12.05,-3.34358,54.60101,94
2025-08-23T23:00:00Z,0,12.0,-3.34358,54.60101,91
2025-08-24T00:00:00Z,0,12.0,-3.34358,54.60101,89
2025-08-24T01:00:00Z,0,12.05,-3.34358,54.60101,88
2025-08-24T02:00:00Z,0,12.2,-3.34358,54.60101,87
2025-08-24T03:00:00Z,0,12.25,-3.34358,54.60101,87
2025-08-24T04:00:00Z,0,12.05,-3.34358,54.60101,88
2025-08-24T05:00:00Z,0,11.75,-3.34358,54.60101,89
2025-08-24T06:00:00Z,0,11.75,-3.34358,54.60101,89
2025-08-24T07:00:00Z,0,12.3,-3.34358,54.60101,88
2025-08-24T08:00:00Z,0,13.2,-3.34358,54.60101,86
2025-08-24T09:00:00Z,0,14.05,-3.34358,54.60101,84
2025-08-24T10:00:00Z,0,14.9,-3.34358,54.60101,81
2025-08-24T11:00:00Z,0,15.7,-3.34358,54.60101,79
2025-08-24T12:00:00Z,0,16.4,-3.34358,54.60101,76
2025-08-24T13:00:00Z,0,16.9,-3.34358,54.60101,73
2025-08-24T14:00:00Z,0,17.2,-3.34358,54.60101,71
2025-08-24T15:00:00Z,0,17.3,-3.34358,54.60101,70
2025-08-24T16:00:00Z,0,17.2,-3.34358,54.60101,71
2025-08-24T17:00:00Z,0,16.85,-3.34358,54.60101,73
2025-08-24T18:00:00Z,0,16.35,-3.34358,54.60101,76
2025-08-24T19:00:00Z,0,15.45,-3.34358,54.60101,79
2025-08-24T20:00:00Z,0,14.4,-3.34358,54.60101,83
2025-08-24T21:00:00Z,0,13.6,-3.34358,54.60101,85
2025-08-24T22:00:00Z,0,13.4,-3.34358,54.60101,85
2025-08-24T23:00:00Z,0,13.5,-3.34358,54.60101,84
2025-08-25T00:00:00Z,0,13.55,-3.34358,54.60101,83
2025-08-25T01:00:00Z,0,13.3,-3.34358,54.60101,83
2025-08-25T02:00:00Z,0,13.0,-3.34358,54.60101,82
2025-08-25T03:00:00Z,0,12.75,-3.34358,54.60101,82
2025-08-25T04:00:00Z,0,12.5,-3.34358,54.60101,81
2025-08-25T05:00:00Z,0,12.25,-3.34358,54.60101,80
2025-08-25T06:00:00Z,0,12.35,-3.34358,54.60101,79
2025-08-25T07:00:00Z,0,13.0,-3.34358,54.60101,77
2025-08-25T08:00:00Z,0,13.95,-3.34358,54.60101,74
2025-08-25T09:00:00Z,0,14.9,-3.34358,54.60101,72
2025-08-25T10:00:00Z,0,15.65,-3.34358,54.60101,70
2025-08-25T11:00:00Z,0,16.4,-3.34358,54.60101,68
2025-08-25T12:00:00Z,0,17.0,-3.34358,54.60101,66
2025-08-25T13:00:00Z,0,17.6,-3.34358,54.60101,63
2025-08-25T14:00:00Z,0,18.1,-3.34358,54.60101,60
2025-08-25T15:00:00Z,0,18.25,-3.34358,54.60101,59
2025-08-25T16:00:00Z,0,17.85,-3.34358,54.60101,61
2025-08-25T17:00:00Z,0,17.15,-3.34358,54.60101,65
2025-08-25T18:00:00Z,0,16.45,-3.34358,54.60101,67
2025-08-25T19:00:00Z,0,15.8,-3.34358,54.60101,66
2025-08-25T20:00:00Z,0,15.15,-3.34358,54.60101,64
2025-08-25T21:00:00Z,0,14.7,-3.34358,54.60101,63
2025-08-25T22:00:00Z,0,14.55,-3.34358,54.60101,62
2025-08-25T23:00:00Z,0,14.6,-3.34358,54.60101,62
2025-08-26T00:00:00Z,0,14.55,-3.34358,54.60101,63
2025-08-26T01:00:00Z,0,14.35,-3.34358,54.60101,65
2025-08-26T02:00:00Z,0,14.05,-3.34358,54.60101,69
2025-08-26T03:00:00Z,0,13.8,-3.34358,54.60101,71
2025-08-26T04:00:00Z,0,13.45,-3.34358,54.60101,72
2025-08-26T05:00:00Z,0,13.1,-3.34358,54.60101,71
2025-08-26T06:00:00Z,0,13.05,-3.34358,54.60101,71
2025-08-26T07:00:00Z,0,13.45,-3.34358,54.60101,72
2025-08-26T08:00:00Z,0,14.1,-3.34358,54.60101,72
2025-08-26T09:00:00Z,0,14.8,-3.34358,54.60101,73
2025-08-26T10:00:00Z,0,15.4,-3.34358,54.60101,74
2025-08-26T11:00:00Z,0,16.05,-3.34358,54.60101,75
2025-08-26T12:00:00Z,0,16.65,-3.34358,54.60101,75
2025-08-26T13:00:00Z,0,17.45,-3.34358,54.60101,71
2025-08-26T14:00:00Z,0,18.25,-3.34358,54.60101,67
2025-08-26T15:00:00Z,0,18.45,-3.34358,54.60101,66
2025-08-26T16:00:00Z,0,17.65,-3.34358,54.60101,73
2025-08-26T17:00:00Z,0,16.3,-3.34358,54.60101,84
2025-08-26T18:00:00Z,0,15.15,-3.34358,54.60101,93
2025-08-26T19:00:00Z,0,14.45,-3.34358,54.60101,96
2025-08-26T20:00:00Z,0,13.95,-3.34358,54.60101,97
2025-08-26T21:00:00Z,0,13.55,-3.34358,54.60101,97
2025-08-26T22:00:00Z,0,13.3,-3.34358,54.60101,98
2025-08-26T23:00:00Z,0,13.15,-3.34358,54.60101,98
2025-08-27T00:00:00Z,0,13.0,-3.34358,54.60101,98
2025-08-27T01:00:00Z,0,12.75,-3.34358,54.60101,99
2025-08-27T02:00:00Z,0,12.55,-3.34358,54.60101,100
2025-08-27T03:00:00Z,0,12.35,-3.34358,54.60101,100
2025-08-27T04:00:00Z,0,12.25,-3.34358,54.60101,100
2025-08-27T05:00:00Z,0,12.2,-3.34358,54.60101,100
2025-08-27T06:00:00Z,0,12.25,-3.34358,54.60101,99
2025-08-27T07:00:00Z,0,12.5,-3.34358,54.60101,97
2025-08-27T08:00:00Z,0,12.85,-3.34358,54.60101,95
2025-08-27T09:00:00Z,0,13.2,-3.34358,54.60101,92
2025-08-27T10:00:00Z,0,13.6,-3.34358,54.60101,90
2025-08-27T11:00:00Z,0,14.0,-3.34358,54.60101,87
2025-08-27T12:00:00Z,0,14.3,-3.34358,54.60101,85
2025-08-27T13:00:00Z,0,14.5,-3.34358,54.60101,84
2025-08-27T14:00:00Z,0,14.65,-3.34358,54.60101,83
2025-08-27T15:00:00Z,0,14.7,-3.34358,54.60101,82
2025-08-27T16:00:00Z,0,14.7,-3.34358,54.60101,82
2025-08-27T17:00:00Z,0,14.65,-3.34358,54.60101,81
2025-08-27T18:00:00Z,0,14.4,-3.34358,54.60101,82
2025-08-27T19:00:00Z,0,13.95,-3.34358,54.60101,84
2025-08-27T20:00:00Z,0,13.35,-3.34358,54.60101,86
2025-08-27T21:00:00Z,0,12.75,-3.34358,54.60101,89
2025-08-27T22:00:00Z,0,12.15,-3.34358,54.60101,92
2025-08-27T23:00:00Z,0,11.55,-3.34358,54.60101,95
2025-08-21T00:00:00Z,0,6.1885004,-3.2631,54.59322,89
2025-08-21T01:00:00Z,0,6.0385,-3.2631,54.59322,90
2025-08-21T02:00:00Z,0,6.1385,-3.2631,54.59322,89
2025-08-21T03:00:00Z,0,6.5885,-3.2631,54.59322,85
2025-08-21T04:00:00Z,0,6.5385,-3.2631,54.59322,83
2025-08-21T05:00:00Z,0,6.8385,-3.2631,54.59322,81
2025-08-21T06:00:00Z,0,7.8885,-3.2631,54.59322,77
2025-08-21T07:00:00Z,0,8.1385,-3.2631,54.59322,76
2025-08-21T08:00:00Z,0,8.1385,-3.2631,54.59322,77
2025-08-21T09:00:00Z,0,8.0385,-3.2631,54.59322,80
2025-08-21T10:00:00Z,0,8.0885,-3.2631,54.59322,83
2025-08-21T11:00:00Z,0,8.3385,-3.2631,54.59322,82
2025-08-21T12:00:00Z,0,8.9385,-3.2631,54.59322,79
2025-08-21T13:00:00Z,0,10.3885,-3.2631,54.59322,78
2025-08-21T14:00:00Z,0,11.1885,-3.2631,54.59322,76
2025-08-21T15:00:00Z,0,10.9385,-3.2631,54.59322,79
2025-08-21T16:00:00Z,0,11.238501,-3.2631,54.59322,79
2025-08-21T17:00:00Z,0,10.5385,-3.2631,54.59322,84
2025-08-21T18:00:00Z,0,10.2885,-3.2631,54.59322,88
2025-08-21T19:00:00Z,0,9.738501,-3.2631,54.59322,92
2025-08-21T20:00:00Z,0,8.8885,-3.2631,54.59322,96
2025-08-21T21:00:00Z,0,9.238501,-3.2631,54.59322,93
2025-08-21T22:00:00Z,0,8.6885,-3.2631,54.59322,96
2025-08-21T23:00:00Z,0,9.2885,-3.2631,54.59322,97
2025-08-22T00:00:00Z,0,8.7885,-3.2631,54.59322,97
2025-08-22T01:00:00Z,0,9.2885,-3.2631,54.59322,96
2025-08-22T02:00:00Z,0,9.5385,-3.2631,54.59322,94
2025-08-22T03:00:00Z,0,9.5885,-3.2631,54.59322,96
2025-08-22T04:00:00Z,0,9.4385,-3.2631,54.59322,100
2025-08-22T05:00:00Z,0,9.8385,-3.2631,54.59322,100
2025-08-22T06:00:00Z,0,9.988501,-3.2631,54.59322,100
2025-08-22T07:00:00Z,0,9.738501,-3.2631,54.59322,100
2025-08-22T08:00:00Z,0,9.6885,-3.2631,54.59322,100
2025-08-22T09:00:00Z,0,9.7885,-3.2631,54.59322,100
2025-08-22T10:00:00Z,0,9.5385,-3.2631,54.59322,100
2025-08-22T11:00:00Z,0,9.9385,-3.2631,54.59322,100
2025-08-22T12:00:00Z,0,10.5885,-3.2631,54.59322,96
2025-08-22T13:00:00Z,0,11.238501,-3.2631,54.59322,88
2025-08-22T14:00:00Z,0,12.1885,-3.2631,54.59322,83
2025-08-22T15:00:00Z,0,12.3885,-3.2631,54.59322,85
2025-08-22T16:00:00Z,0,12.3885,-3.2631,54.59322,84
2025-08-22T17:00:00Z,0,11.9385,-3.2631,54.59322,87
2025-08-22T18:00:00Z,0,11.3885,-3.2631,54.59322,91
2025-08-22T19:00:00Z,0,10.8885,-3.2631,54.59322,93
2025-08-22T20:00:00Z,0,10.0385,-3.2631,54.59322,97
2025-08-22T21:00:00Z,0,9.738501,-3.2631,54.59322,92
2025-08-22T22:00:00Z,0,9.3385,-3.2631,54.59322,91
2025-08-22T23:00:00Z,0,9.2885,-3.2631,54.59322,92
2025-08-23T00:00:00Z,0,9.1885,-3.2631,54.59322,94
2025-08-23T01:00:00Z,0,9.6385,-3.2631,54.59322,91
2025-08-23T02:00:00Z,0,9.4385,-3.2631,54.59322,92
2025-08-23T03:00:00Z,0,8.5885,-3.2631,54.59322,95
2025-08-23T04:00:00Z,0,8.5385,-3.2631,54.59322,95
2025-08-23T05:00:00Z,0,8.4385,-3.2631,54.59322,95
2025-08-23T06:00:00Z,0,8.8885,-3.2631,54.59322,93
2025-08-23T07:00:00Z,0,10.0885,-3.2631,54.59322,88
2025-08-23T08:00:00Z,0,11.238501,-3.2631,54.59322,82
2025-08-23T09:00:00Z,0,11.8885,-3.2631,54.59322,82
2025-08-23T10:00:00Z,0,12.2885,-3.2631,54.59322,82
2025-08-23T11:00:00Z,0,11.9385,-3.2631,54.59322,88
2025-08-23T12:00:00Z,0,12.2885,-3.2631,54.59322,87
2025-08-23T13:00:00Z,0,13.1385,-3.2631,54.59322,81
2025-08-23T14:00:00Z,0,12.988501,-3.2631,54.59322,85
2025-08-23T15:00:00Z,0,12.5385,-3.2631,54.59322,90
2025-08-23T16:00:00Z,0,12.4385,-3.2631,54.59322,89
2025-08-23T17:00:00Z,0,12.2885,-3.2631,54.59322,90
2025-08-23T18:00:00Z,0,11.75,-3.2631,54.59322,95
2025-08-23T19:00:00Z,0,11.3,-3.2631,54.59322,96
2025-08-23T20:00:00Z,0,10.85,-3.2631,54.59322,96
2025-08-23T21:00:00Z,0,10.45,-3.2631,54.59322,95
2025-08-23T22:00:00Z,0,10.05,-3.2631,54.59322,95
2025-08-23T23:00:00Z,0,9.7,-3.2631,54.59322,95
2025-08-24T00:00:00Z,0,9.45,-3.2631,54.59322,95
2025-08-24T01:00:00Z,0,9.5,-3.2631,54.59322,94
2025-08-24T02:00:00Z,0,9.65,-3.2631,54.59322,94
2025-08-24T03:00:00Z,0,9.75,-3.2631,54.59322,93
2025-08-24T04:00:00Z,0,9.6,-3.2631,54.59322,93
2025-08-24T05:00:00Z,0,9.4,-3.2631,54.59322,94
2025-08-24T06:00:00Z,0,9.45,-3.2631,54.59322,93
2025-08-24T07:00:00Z,0,10.05,-3.2631,54.59322,91
2025-08-24T08:00:00Z,0,10.95,-3.2631,54.59322,88
2025-08-24T09:00:00Z,0,11.75,-3.2631,54.59322,85
2025-08-24T10:00:00Z,0,12.5,-3.2631,54.59322,82
2025-08-24T11:00:00Z,0,13.25,-3.2631,54.59322,80
2025-08-24T12:00:00Z,0,13.8,-3.2631,54.59322,78
2025-08-24T13:00:00Z,0,14.25,-3.2631,54.59322,76
2025-08-24T14:00:00Z,0,14.5,-3.2631,54.59322,75
2025-08-24T15:00:00Z,0,14.55,-3.2631,54.59322,75
2025-08-24T16:00:00Z,0,14.45,-3.2631,54.59322,76
2025-08-24T17:00:00Z,0,14.15,-3.2631,54.59322,77
2025-08-24T18:00:00Z,0,13.7,-3.2631,54.59322,79
2025-08-24T19:00:00Z,0,13.0,-3.2631,54.59322,81
2025-08-24T20:00:00Z,0,12.15,-3.2631,54.59322,84
2025-08-24T21:00:00Z,0,11.4,-3.2631,54.59322,86
2025-08-24T22:00:00Z,0,11.05,-3.2631,54.59322,87
2025-08-24T23:00:00Z,0,10.85,-3.2631,54.59322,87
2025-08-25T00:00:00Z,0,10.65,-3.2631,54.59322,87
2025-08-25T01:00:00Z,0,10.4,-3.2631,54.59322,87
2025-08-25T02:00:00Z,0,10.1,-3.2631,54.59322,87
2025-08-25T03:00:00Z,0,9.95,-3.2631,54.59322,87
2025-08-25T04:00:00Z,0,10.0,-3.2631,54.59322,86
2025-08-25T05:00:00Z,0,10.15,-3.2631,54.59322,85
2025-08-25T06:00:00Z,0,10.5,-3.2631,54.59322,83
2025-08-25T07:00:00Z,0,11.15,-3.2631,54.59322,80
2025-08-25T08:00:00Z,0,11.95,-3.2631,54.59322,75
2025-08-25T09:00:00Z,0,12.75,-3.2631,54.59322,72
2025-08-25T10:00:00Z,0,13.55,-3.2631,54.59322,71
2025-08-25T11:00:00Z,0,14.25,-3.2631,54.59322,70
2025-08-25T12:00:00Z,0,14.9,-3.2631,54.59322,69
2025-08-25T13:00:00Z,0,15.5,-3.2631,54.59322,66
2025-08-25T14:00:00Z,0,16.0,-3.2631,54.59322,63
2025-08-25T15:00:00Z,0,16.15,-3.2631,54.59322,62
2025-08-25T16:00:00Z,0,15.8,-3.2631,54.59322,64
2025-08-25T17:00:00Z,0,15.15,-3.2631,54.59322,67
2025-08-25T18:00:00Z,0,14.35,-3.2631,54.59322,69
2025-08-25T19:00:00Z,0,13.5,-3.2631,54.59322,69
2025-08-25T20:00:00Z,0,12.5,-3.2631,54.59322,68
2025-08-25T21:00:00Z,0,11.8,-3.2631,54.59322,68
2025-08-25T22:00:00Z,0,11.6,-3.2631,54.59322,68
2025-08-25T23:00:00Z,0,11.7,-3.2631,54.59322,69
2025-08-26T00:00:00Z,0,11.7,-3.2631,54.59322,70
2025-08-26T01:00:00Z,0,11.6,-3.2631,54.59322,72
2025-08-26T02:00:00Z,0,11.5,-3.2631,54.59322,74
2025-08-26T03:00:00Z,0,11.35,-3.2631,54.59322,75
2025-08-26T04:00:00Z,0,11.15,-3.2631,54.59322,75
2025-08-26T05:00:00Z,0,10.95,-3.2631,54.59322,74
2025-08-26T06:00:00Z,0,11.0,-3.2631,54.59322,73
2025-08-26T07:00:00Z,0,11.55,-3.2631,54.59322,73
2025-08-26T08:00:00Z,0,12.4,-3.2631,54.59322,73
2025-08-26T09:00:00Z,0,13.1,-3.2631,54.59322,74
2025-08-26T10:00:00Z,0,13.6,-3.2631,54.59322,75
2025-08-26T11:00:00Z,0,13.95,-3.2631,54.59322,76
2025-08-26T12:00:00Z,0,14.45,-3.2631,54.59322,76
2025-08-26T13:00:00Z,0,15.5,-3.2631,54.59322,72
2025-08-26T14:00:00Z,0,16.7,-3.2631,54.59322,67
2025-08-26T15:00:00Z,0,17.15,-3.2631,54.59322,65
2025-08-26T16:00:00Z,0,16.4,-3.2631,54.59322,71
2025-08-26T17:00:00Z,0,14.9,-3.2631,54.59322,81
2025-08-26T18:00:00Z,0,13.5,-3.2631,54.59322,89
2025-08-26T19:00:00Z,0,12.55,-3.2631,54.59322,94
2025-08-26T20:00:00Z,0,11.7,-3.2631,54.59322,98
2025-08-26T21:00:00Z,0,11.15,-3.2631,54.59322,100
2025-08-26T22:00:00Z,0,11.05,-3.2631,54.59322,100
2025-08-26T23:00:00Z,0,11.2,-3.2631,54.59322,100
2025-08-27T00:00:00Z,0,11.25,-3.2631,54.59322,99
2025-08-27T01:00:00Z,0,11.1,-3.2631,54.59322,99
2025-08-27T02:00:00Z,0,10.8,-3.2631,54.59322,100
2025-08-27T03:00:00Z,0,10.6,-3.2631,54.59322,100
2025-08-27T04:00:00Z,0,10.5,-3.2631,54.59322,100
2025-08-27T05:00:00Z,0,10.5,-3.2631,54.59322,100
2025-08-27T06:00:00Z,0,10.6,-3.2631,54.59322,100
2025-08-27T07:00:00Z,0,11.0,-3.2631,54.59322,97
2025-08-27T08:00:00Z,0,11.55,-3.2631,54.59322,94
2025-08-27T09:00:00Z,0,12.05,-3.2631,54.59322,90
2025-08-27T10:00:00Z,0,12.6,-3.2631,54.59322,86
2025-08-27T11:00:00Z,0,13.1,-3.2631,54.59322,83
2025-08-27T12:00:00Z,0,13.45,-3.2631,54.59322,80
2025-08-27T13:00:00Z,0,13.6,-3.2631,54.59322,79
2025-08-27T14:00:00Z,0,13.6,-3.2631,54.59322,78
2025-08-27T15:00:00Z,0,13.45,-3.2631,54.59322,78
2025-08-27T16:00:00Z,0,13.3,-3.2631,54.59322,78
2025-08-27T17:00:00Z,0,13.1,-3.2631,54.59322,79
2025-08-27T18:00:00Z,0,12.7,-3.2631,54.59322,81
2025-08-27T19:00:00Z,0,12.2,-3.2631,54.59322,83
2025-08-27T20:00:00Z,0,11.55,-3.2631,54.59322,86
2025-08-27T21:00:00Z,0,10.9,-3.2631,54.59322,89
2025-08-27T22:00:00Z,0,10.3,-3.2631,54.59322,92
2025-08-27T23:00:00Z,0,9.65,-3.2631,54.59322,95
2025-08-21T00:00:00Z,0,8.297,-3.34059,54.59798,84
2025-08-21T01:00:00Z,0,8.247,-3.34059,54.59798,84
2025-08-21T02:00:00Z,0,8.247,-3.34059,54.59798,83
2025-08-21T03:00:00Z,0,8.797,-3.34059,54.59798,78
2025-08-21T04:00:00Z,0,8.497,-3.34059,54.59798,79
2025-08-21T05:00:00Z,0,8.047,-3.34059,54.59798,81
2025-08-21T06:00:00Z,0,8.897,-3.34059,54.59798,79
2025-08-21T07:00:00Z,0,9.547,-3.34059,54.59798,77
2025-08-21T08:00:00Z,0,9.547,-3.34059,54.59798,80
2025-08-21T09:00:00Z,0,9.547,-3.34059,54.59798,82
2025-08-21T10:00:00Z,0,9.6970005,-3.34059,54.59798,82
2025-08-21T11:00:00Z,0,10.147,-3.34059,54.59798,77
2025-08-21T12:00:00Z,0,10.797,-3.34059,54.59798,75
2025-08-21T13:00:00Z,0,11.9470005,-3.34059,54.59798,76
2025-08-21T14:00:00Z,0,13.097,-3.34059,54.59798,74
2025-08-21T15:00:00Z,0,12.897,-3.34059,54.59798,76
2025-08-21T16:00:00Z,0,12.997,-3.34059,54.59798,77
2025-08-21T17:00:00Z,0,12.247,-3.34059,54.59798,81
2025-08-21T18:00:00Z,0,12.247,-3.34059,54.59798,84
2025-08-21T19:00:00Z,0,11.847,-3.34059,54.59798,87
2025-08-21T20:00:00Z,0,11.1970005,-3.34059,54.59798,89
2025-08-21T21:00:00Z,0,11.147,-3.34059,54.59798,89
2025-08-21T22:00:00Z,0,10.897,-3.34059,54.59798,91
2025-08-21T23:00:00Z,0,10.9470005,-3.34059,54.59798,93
2025-08-22T00:00:00Z,0,10.647,-3.34059,54.59798,94
2025-08-22T01:00:00Z,0,11.047,-3.34059,54.59798,92
2025-08-22T02:00:00Z,0,11.297,-3.34059,54.59798,90
2025-08-22T03:00:00Z,0,11.497,-3.34059,54.59798,91
2025-08-22T04:00:00Z,0,11.4470005,-3.34059,54.59798,95
2025-08-22T05:00:00Z,0,11.497,-3.34059,54.59798,100
2025-08-22T06:00:00Z,0,11.647,-3.34059,54.59798,100
2025-08-22T07:00:00Z,0,11.4470005,-3.34059,54.59798,100
2025-08-22T08:00:00Z,0,11.297,-3.34059,54.59798,100
2025-08-22T09:00:00Z,0,11.397,-3.34059,54.59798,100
2025-08-22T10:00:00Z,0,11.097,-3.34059,54.59798,100
2025-08-22T11:00:00Z,0,11.747,-3.34059,54.59798,98
2025-08-22T12:00:00Z,0,12.397,-3.34059,54.59798,91
2025-08-22T13:00:00Z,0,13.1970005,-3.34059,54.59798,83
2025-08-22T14:00:00Z,0,14.147,-3.34059,54.59798,78
2025-08-22T15:00:00Z,0,14.4470005,-3.34059,54.59798,79
2025-08-22T16:00:00Z,0,14.497,-3.34059,54.59798,79
2025-08-22T17:00:00Z,0,14.047,-3.34059,54.59798,81
2025-08-22T18:00:00Z,0,13.4470005,-3.34059,54.59798,85
2025-08-22T19:00:00Z,0,13.047,-3.34059,54.59798,88
2025-08-22T20:00:00Z,0,11.597,-3.34059,54.59798,94
2025-08-22T21:00:00Z,0,10.647,-3.34059,54.59798,92
2025-08-22T22:00:00Z,0,9.997,-3.34059,54.59798,92
2025-08-22T23:00:00Z,0,9.897,-3.34059,54.59798,92
2025-08-23T00:00:00Z,0,10.097,-3.34059,54.59798,93
2025-08-23T01:00:00Z,0,10.747,-3.34059,54.59798,91
2025-08-23T02:00:00Z,0,10.6970005,-3.34059,54.59798,91
2025-08-23T03:00:00Z,0,9.847,-3.34059,54.59798,94
2025-08-23T04:00:00Z,0,9.747,-3.34059,54.59798,94
2025-08-23T05:00:00Z,0,9.747,-3.34059,54.59798,95
2025-08-23T06:00:00Z,0,10.347,-3.34059,54.59798,92
2025-08-23T07:00:00Z,0,11.747,-3.34059,54.59798,88
2025-08-23T08:00:00Z,0,13.147,-3.34059,54.59798,82
2025-08-23T09:00:00Z,0,13.6970005,-3.34059,54.59798,82
2025-08-23T10:00:00Z,0,14.047,-3.34059,54.59798,82
2025-08-23T11:00:00Z,0,13.497,-3.34059,54.59798,85
2025-08-23T12:00:00Z,0,14.247,-3.34059,54.59798,83
2025-08-23T13:00:00Z,0,15.047,-3.34059,54.59798,79
2025-08-23T14:00:00Z,0,14.747,-3.34059,54.59798,84
2025-08-23T15:00:00Z,0,14.297,-3.34059,54.59798,86
2025-08-23T16:00:00Z,0,14.1970005,-3.34059,54.59798,86
2025-08-23T17:00:00Z,0,13.9470005,-3.34059,54.59798,88
2025-08-23T18:00:00Z,0,14.3,-3.34059,54.59798,84
2025-08-23T19:00:00Z,0,13.55,-3.34059,54.59798,88
2025-08-23T20:00:00Z,0,12.75,-3.34059,54.59798,93
2025-08-23T21:00:00Z,0,12.2,-3.34059,54.59798,95
2025-08-23T22:00:00Z,0,11.95,-3.34059,54.59798,94
2025-08-23T23:00:00Z,0,11.9,-3.34059,54.59798,91
2025-08-24T00:00:00Z,0,11.9,-3.34059,54.59798,89
2025-08-24T01:00:00Z,0,11.95,-3.34059,54.59798,88
2025-08-24T02:00:00Z,0,12.1,-3.34059,54.59798,87
2025-08-24T03:00:00Z,0,12.15,-3.34059,54.59798,87
2025-08-24T04:00:00Z,0,11.95,-3.34059,54.59798,88
2025-08-24T05:00:00Z,0,11.65,-3.34059,54.59798,89
2025-08-24T06:00:00Z,0,11.65,-3.34059,54.59798,89
2025-08-24T07:00:00Z,0,12.2,-3.34059,54.59798,88
2025-08-24T08:00:00Z,0,13.05,-3.34059,54.59798,86
2025-08-24T09:00:00Z,0,13.95,-3.34059,54.59798,84
2025-08-24T10:00:00Z,0,14.75,-3.34059,54.59798,81
2025-08-24T11:00:00Z,0,15.6,-3.34059,54.59798,79
2025-08-24T12:00:00Z,0,16.3,-3.34059,54.59798,76
2025-08-24T13:00:00Z,0,16.75,-3.34059,54.59798,73
2025-08-24T14:00:00Z,0,17.1,-3.34059,54.59798,71
2025-08-24T15:00:00Z,0,17.2,-3.34059,54.59798,70
2025-08-24T16:00:00Z,0,17.1,-3.34059,54.59798,71
2025-08-24T17:00:00Z,0,16.75,-3.34059,54.59798,73
2025-08-24T18:00:00Z,0,16.25,-3.34059,54.59798,76
2025-08-24T19:00:00Z,0,15.35,-3.34059,54.59798,79
2025-08-24T20:00:00Z,0,14.25,-3.34059,54.59798,83
2025-08-24T21:00:00Z,0,13.5,-3.34059,54.59798,85
2025-08-24T22:00:00Z,0,13.3,-3.34059,54.59798,85
2025-08-24T23:00:00Z,0,13.4,-3.34059,54.59798,84
2025-08-25T00:00:00Z,0,13.45,-3.34059,54.59798,83
2025-08-25T01:00:00Z,0,13.2,-3.34059,54.59798,83
2025-08-25T02:00:00Z,0,12.9,-3.34059,54.59798,82
2025-08-25T03:00:00Z,0,12.65,-3.34059,54.59798,82
2025-08-25T04:00:00Z,0,12.35,-3.34059,54.59798,81
2025-08-25T05:00:00Z,0,12.15,-3.34059,54.59798,80
2025-08-25T06:00:00Z,0,12.25,-3.34059,54.59798,79
2025-08-25T07:00:00Z,0,12.9,-3.34059,54.59798,77
2025-08-25T08:00:00Z,0,13.85,-3.34059,54.59798,74
2025-08-25T09:00:00Z,0,14.8,-3.34059,54.59798,72
2025-08-25T10:00:00Z,0,15.55,-3.34059,54.59798,70
2025-08-25T11:00:00Z,0,16.25,-3.34059,54.59798,68
2025-08-25T12:00:00Z,0,16.9,-3.34059,54.59798,66
2025-08-25T13:00:00Z,0,17.5,-3.34059,54.59798,63
2025-08-25T14:00:00Z,0,18.0,-3.34059,54.59798,60
2025-08-25T15:00:00Z,0,18.15,-3.34059,54.59798,59
2025-08-25T16:00:00Z,0,17.75,-3.34059,54.59798,61
2025-08-25T17:00:00Z,0,17.05,-3.34059,54.59798,65
2025-08-25T18:00:00Z,0,16.35,-3.34059,54.59798,67
2025-08-25T19:00:00Z,0,15.7,-3.34059,54.59798,66
2025-08-25T20:00:00Z,0,15.05,-3.34059,54.59798,64
2025-08-25T21:00:00Z,0,14.6,-3.34059,54.59798,63
2025-08-25T22:00:00Z,0,14.45,-3.34059,54.59798,62
2025-08-25T23:00:00Z,0,14.5,-3.34059,54.59798,62
2025-08-26T00:00:00Z,0,14.45,-3.34059,54.59798,63
2025-08-26T01:00:00Z,0,14.25,-3.34059,54.59798,65
2025-08-26T02:00:00Z,0,13.95,-3.34059,54.59798,69
2025-08-26T03:00:00Z,0,13.7,-3.34059,54.59798,71
2025-08-26T04:00:00Z,0,13.35,-3.34059,54.59798,72
2025-08-26T05:00:00Z,0,13.0,-3.34059,54.59798,71
2025-08-26T06:00:00Z,0,12.95,-3.34059,54.59798,71
2025-08-26T07:00:00Z,0,13.35,-3.34059,54.59798,72
2025-08-26T08:00:00Z,0,14.0,-3.34059,54.59798,72
2025-08-26T09:00:00Z,0,14.7,-3.34059,54.59798,73
2025-08-26T10:00:00Z,0,15.3,-3.34059,54.59798,74
2025-08-26T11:00:00Z,0,15.9,-3.34059,54.59798,75
2025-08-26T12:00:00Z,0,16.55,-3.34059,54.59798,75
2025-08-26T13:00:00Z,0,17.35,-3.34059,54.59798,71
2025-08-26T14:00:00Z,0,18.1,-3.34059,54.59798,67
2025-08-26T15:00:00Z,0,18.35,-3.34059,54.59798,66
2025-08-26T16:00:00Z,0,17.55,-3.34059,54.59798,73
2025-08-26T17:00:00Z,0,16.2,-3.34059,54.59798,84
2025-08-26T18:00:00Z,0,15.05,-3.34059,54.59798,93
2025-08-26T19:00:00Z,0,14.35,-3.34059,54.59798,96
2025-08-26T20:00:00Z,0,13.85,-3.34059,54.59798,97
2025-08-26T21:00:00Z,0,13.45,-3.34059,54.59798,97
2025-08-26T22:00:00Z,0,13.2,-3.34059,54.59798,98
2025-08-26T23:00:00Z,0,13.05,-3.34059,54.59798,98
2025-08-27T00:00:00Z,0,12.9,-3.34059,54.59798,98
2025-08-27T01:00:00Z,0,12.65,-3.34059,54.59798,99
2025-08-27T02:00:00Z,0,12.4,-3.34059,54.59798,100
2025-08-27T03:00:00Z,0,12.25,-3.34059,54.59798,100
2025-08-27T04:00:00Z,0,12.15,-3.34059,54.59798,100
2025-08-27T05:00:00Z,0,12.1,-3.34059,54.59798,100
2025-08-27T06:00:00Z,0,12.15,-3.34059,54.59798,99
2025-08-27T07:00:00Z,0,12.35,-3.34059,54.59798,97
2025-08-27T08:00:00Z,0,12.7,-3.34059,54.59798,95
2025-08-27T09:00:00Z,0,13.1,-3.34059,54.59798,92
2025-08-27T10:00:00Z,0,13.45,-3.34059,54.59798,90
2025-08-27T11:00:00Z,0,13.85,-3.34059,54.59798,87
2025-08-27T12:00:00Z,0,14.2,-3.34059,54.59798,85
2025-08-27T13:00:00Z,0,14.4,-3.34059,54.59798,84
2025-08-27T14:00:00Z,0,14.55,-3.34059,54.59798,83
2025-08-27T15:00:00Z,0,14.6,-3.34059,54.59798,82
2025-08-27T16:00:00Z,0,14.6,-3.34059,54.59798,82
2025-08-27T17:00:00Z,0,14.5,-3.34059,54.59798,81
2025-08-27T18:00:00Z,0,14.3,-3.34059,54.59798,82
2025-08-27T19:00:00Z,0,13.85,-3.34059,54.59798,84
2025-08-27T20:00:00Z,0,13.25,-3.34059,54.59798,86
2025-08-27T21:00:00Z,0,12.65,-3.34059,54.59798,89
2025-08-27T22:00:00Z,0,12.05,-3.34059,54.59798,92
2025-08-27T23:00:00Z,0,11.4,-3.34059,54.59798,95
